solid flat
  facet normal -0.9989432754164659 0.0 -0.04596011858364563
    outer loop
      vertex -16.25 -25.75 1.0
      vertex -16.25 25.75 1.0
      vertex -16.2422619 25.75 0.8318123800000001
    endloop
  endfacet
  facet normal -0.04923623424776792 -0.0 -0.9987871611294864
    outer loop
      vertex -15.4290895 25.75 0.00882840000000007
      vertex -15.25 25.75 0.0
      vertex -15.4290895 -25.75 0.00882840000000007
    endloop
  endfacet
  facet normal -0.04923623424776792 -0.0 -0.9987871611294864
    outer loop
      vertex -15.25 25.75 0.0
      vertex -15.25 -25.75 0.0
      vertex -15.4290895 -25.75 0.00882840000000007
    endloop
  endfacet
  facet normal -0.12201780224718115 -0.0 -0.9925279119172254
    outer loop
      vertex -15.4290895 25.75 0.00882840000000007
      vertex -15.4290895 -25.75 0.00882840000000007
      vertex -15.484375 25.75 0.015625
    endloop
  endfacet
  facet normal -0.12201780224718115 0.0 -0.9925279119172254
    outer loop
      vertex -15.4290895 -25.75 0.00882840000000007
      vertex -15.484375 -25.75 0.015625
      vertex -15.484375 25.75 0.015625
    endloop
  endfacet
  facet normal -0.16706701136429225 -0.0 -0.9859455429757789
    outer loop
      vertex -15.484375 25.75 0.015625
      vertex -15.484375 -25.75 0.015625
      vertex -15.5524244 25.75 0.027155870000000082
    endloop
  endfacet
  facet normal -0.16706701136429225 0.0 -0.9859455429757789
    outer loop
      vertex -15.484375 -25.75 0.015625
      vertex -15.5524244 -25.75 0.027155870000000082
      vertex -15.5524244 25.75 0.027155870000000082
    endloop
  endfacet
  facet normal -0.25314121466181927 -0.0 -0.9674293387320537
    outer loop
      vertex -15.5524244 25.75 0.027155870000000082
      vertex -15.5524244 -25.75 0.027155870000000082
      vertex -15.687499 25.75 0.0625
    endloop
  endfacet
  facet normal -0.25314121466181927 0.0 -0.9674293387320537
    outer loop
      vertex -15.5524244 -25.75 0.027155870000000082
      vertex -15.687499 -25.75 0.0625
      vertex -15.687499 25.75 0.0625
    endloop
  endfacet
  facet normal -0.3450398218510486 -0.0 -0.9385880466621107
    outer loop
      vertex -15.687499 25.75 0.0625
      vertex -15.687499 -25.75 0.0625
      vertex -15.7424879 25.75 0.08271479000000026
    endloop
  endfacet
  facet normal -0.3450398218510486 0.0 -0.9385880466621107
    outer loop
      vertex -15.687499 -25.75 0.0625
      vertex -15.7424879 -25.75 0.08271479000000026
      vertex -15.7424879 25.75 0.08271479000000026
    endloop
  endfacet
  facet normal -0.4439397370991557 -0.0 -0.896056644316827
    outer loop
      vertex -15.7424879 25.75 0.08271479000000026
      vertex -15.7424879 -25.75 0.08271479000000026
      vertex -15.859375 25.75 0.140625
    endloop
  endfacet
  facet normal -0.4439397370991557 0.0 -0.896056644316827
    outer loop
      vertex -15.7424879 -25.75 0.08271479000000026
      vertex -15.859375 -25.75 0.140625
      vertex -15.859375 25.75 0.140625
    endloop
  endfacet
  facet normal -0.573083277928642 -0.0 -0.8194971363943641
    outer loop
      vertex -15.859375 25.75 0.140625
      vertex -15.859375 -25.75 0.140625
      vertex -15.9453564 25.75 0.20075273000000005
    endloop
  endfacet
  facet normal -0.573083277928642 0.0 -0.8194971363943641
    outer loop
      vertex -15.859375 -25.75 0.140625
      vertex -15.9453564 -25.75 0.20075273000000005
      vertex -15.9453564 25.75 0.20075273000000005
    endloop
  endfacet
  facet normal -0.7421606488868624 0.0 -0.6702220313029341
    outer loop
      vertex -15.9453564 -25.75 0.20075273000000005
      vertex -16.0922966 -25.75 0.3634648300000003
      vertex -15.9453564 25.75 0.20075273000000005
    endloop
  endfacet
  facet normal -0.7421606488868624 0.0 -0.6702220313029341
    outer loop
      vertex -15.9453564 25.75 0.20075273000000005
      vertex -16.0922966 -25.75 0.3634648300000003
      vertex -16.0922966 25.75 0.3634648300000003
    endloop
  endfacet
  facet normal -0.9097761273586539 0.0 -0.415099262933928
    outer loop
      vertex -16.0922966 -25.75 0.3634648300000003
      vertex -16.1973228 -25.75 0.5936515300000003
      vertex -16.0922966 25.75 0.3634648300000003
    endloop
  endfacet
  facet normal -0.9097761273586539 0.0 -0.415099262933928
    outer loop
      vertex -16.0922966 25.75 0.3634648300000003
      vertex -16.1973228 -25.75 0.5936515300000003
      vertex -16.1973228 25.75 0.5936515300000003
    endloop
  endfacet
  facet normal -0.9775680188750916 -0.0 -0.21061996218931459
    outer loop
      vertex -16.1973228 25.75 0.5936515300000003
      vertex -16.1973228 -25.75 0.5936515300000003
      vertex -16.234375 25.75 0.765625
    endloop
  endfacet
  facet normal -0.9775680188750916 0.0 -0.21061996218931459
    outer loop
      vertex -16.1973228 -25.75 0.5936515300000003
      vertex -16.234375 -25.75 0.765625
      vertex -16.234375 25.75 0.765625
    endloop
  endfacet
  facet normal -0.9929751482430176 -0.0 -0.11832309568193934
    outer loop
      vertex -16.234375 25.75 0.765625
      vertex -16.234375 -25.75 0.765625
      vertex -16.2422619 25.75 0.8318123800000001
    endloop
  endfacet
  facet normal -0.9929751482430176 0.0 -0.11832309568193934
    outer loop
      vertex -16.234375 -25.75 0.765625
      vertex -16.2422619 -25.75 0.8318123800000001
      vertex -16.2422619 25.75 0.8318123800000001
    endloop
  endfacet
  facet normal -0.9989432754164659 -0.0 -0.04596011858364563
    outer loop
      vertex -16.2422619 25.75 0.8318123800000001
      vertex -16.2422619 -25.75 0.8318123800000001
      vertex -16.25 -25.75 1.0
    endloop
  endfacet
  facet normal -0.06173518036030682 0.025956428942079963 -0.9977549956289143
    outer loop
      vertex -15.1384935 26.4033966 0.0
      vertex -15.1665983 26.3365517 0.0
      vertex -15.3951292 26.3936291 0.015625
    endloop
  endfacet
  facet normal -0.06468116327945177 0.014209498560778345 -0.9978048092024152
    outer loop
      vertex -15.1942501 26.2493095 0.0
      vertex -15.2204294 26.1301422 0.0
      vertex -15.4434032 26.2123756 0.015625
    endloop
  endfacet
  facet normal -0.03812311661973808 0.7416211350259853 -0.6697348132372746
    outer loop
      vertex -14.3882389 27.6019821 0.38205886000000033
      vertex -14.25 27.5922966 0.3634648300000003
      vertex -14.25 27.4453564 0.20075273000000005
    endloop
  endfacet
  facet normal -0.015080445093568652 0.9774591938477528 -0.21058514795274852
    outer loop
      vertex -14.392045 27.7321835 0.765625
      vertex -14.25 27.734375 0.765625
      vertex -14.25 27.6973248 0.5936515300000003
    endloop
  endfacet
  facet normal -0.015317979384956177 0.9928552962525727 -0.11833731537760218
    outer loop
      vertex -14.25 27.734375 0.765625
      vertex -14.392045 27.7321835 0.765625
      vertex -14.25 27.7422638 0.8318123800000001
    endloop
  endfacet
  facet normal -0.058466337223487964 0.6169274438976791 -0.7848453455156278
    outer loop
      vertex -14.3808527 27.3945541 0.16449713
      vertex -14.511198 27.359148 0.14637613000000016
      vertex -14.5200167 27.4901409 0.25
    endloop
  endfacet
  facet normal -0.05123329855902237 0.5723306546496009 -0.8184209008005119
    outer loop
      vertex -14.3881216 27.4830685 0.23577165000000022
      vertex -14.25 27.4453564 0.20075273000000005
      vertex -14.25 27.359375 0.140625
    endloop
  endfacet
  facet normal -0.06731496792978842 0.6162141196258137 -0.7846966636009068
    outer loop
      vertex -14.5200167 27.4901409 0.25
      vertex -14.511198 27.359148 0.14637613000000016
      vertex -14.6628761 27.474535 0.25
    endloop
  endfacet
  facet normal -0.4610907070563965 0.4064280037197564 -0.7888039285263518
    outer loop
      vertex -15.6693459 26.9644012 0.25
      vertex -15.5749464 27.071497 0.25
      vertex -15.4753008 26.9722672 0.140625
    endloop
  endfacet
  facet normal -0.5877250461202097 0.1781006347197269 -0.7892144411219475
    outer loop
      vertex -15.9215317 26.4336548 0.25
      vertex -15.8828716 26.5612316 0.25
      vertex -15.7498512 26.515522 0.140625
    endloop
  endfacet
  facet normal -0.22182587730086475 0.03743377843909482 -0.9743674832379591
    outer loop
      vertex -15.6646852 26.121212 0.0625
      vertex -15.6425495 26.2523842 0.0625
      vertex -15.4434032 26.2123756 0.015625
    endloop
  endfacet
  facet normal -0.40816998224935486 0.0690224783433578 -0.910292899606441
    outer loop
      vertex -15.8350954 26.1440887 0.140625
      vertex -15.811058 26.2862358 0.140625
      vertex -15.6425495 26.2523842 0.0625
    endloop
  endfacet
  facet normal -0.9769007133197528 0.03694279487040315 -0.21047618920562394
    outer loop
      vertex -16.185318 25.8899689 0.5625
      vertex -16.1973228 25.75 0.5936515300000003
      vertex -16.234375 25.75 0.765625
    endloop
  endfacet
  facet normal -0.1670637731231262 0.006226186654692776 -0.9859264325037673
    outer loop
      vertex -15.4758778 25.9780006 0.015625
      vertex -15.484375 25.75 0.015625
      vertex -15.5524244 25.75 0.027155870000000082
    endloop
  endfacet
  facet normal -0.22337393997249375 0.025714449550170045 -0.9743935806569626
    outer loop
      vertex -15.4758778 25.9780006 0.015625
      vertex -15.5524244 25.75 0.027155870000000082
      vertex -15.6784582 25.9944706 0.0625
    endloop
  endfacet
  facet normal -0.2531301231566384 0.0093610389856073 -0.9673869503460417
    outer loop
      vertex -15.5524244 25.75 0.027155870000000082
      vertex -15.687499 25.75 0.0625
      vertex -15.6784582 25.9944706 0.0625
    endloop
  endfacet
  facet normal -0.3450117361618705 0.012758925221652881 -0.9385116470975521
    outer loop
      vertex -15.687499 25.75 0.0625
      vertex -15.7424879 25.75 0.08271479000000026
      vertex -15.6784582 25.9944706 0.0625
    endloop
  endfacet
  facet normal -0.4457516261417422 0.04281352080909693 -0.8941322554454243
    outer loop
      vertex -15.6784582 25.9944706 0.0625
      vertex -15.7424879 25.75 0.08271479000000026
      vertex -15.8958263 25.8790245 0.16533661000000022
    endloop
  endfacet
  facet normal -0.44346673027656974 0.046149922572706774 -0.8951019180989065
    outer loop
      vertex -15.7424879 25.75 0.08271479000000026
      vertex -15.859375 25.75 0.140625
      vertex -15.8958263 25.8790245 0.16533661000000022
    endloop
  endfacet
  facet normal -0.5730762600260564 -0.004948897601827469 -0.8194871009400176
    outer loop
      vertex -15.8958263 25.8790245 0.16533661000000022
      vertex -15.859375 25.75 0.140625
      vertex -15.9453564 25.75 0.20075273000000005
    endloop
  endfacet
  facet normal -0.6054972873724765 0.10254144621444898 -0.7892137142706163
    outer loop
      vertex -15.9489288 26.3139305 0.25
      vertex -15.811058 26.2862358 0.140625
      vertex -15.9745216 26.1628075 0.25
    endloop
  endfacet
  facet normal -0.6054254841261685 0.10237883524978747 -0.789289906981897
    outer loop
      vertex -15.811058 26.2862358 0.140625
      vertex -15.8350954 26.1440887 0.140625
      vertex -15.9745216 26.1628075 0.25
    endloop
  endfacet
  facet normal -0.6102959945286739 0.06657489706238615 -0.7893710041187156
    outer loop
      vertex -15.9745216 26.1628075 0.25
      vertex -15.8350954 26.1440887 0.140625
      vertex -15.9901209 26.0198078 0.25
    endloop
  endfacet
  facet normal -0.5427305165211012 0.2885685659357008 -0.7887786566525187
    outer loop
      vertex -15.8274584 26.7004871 0.25
      vertex -15.7446585 26.8562145 0.25
      vertex -15.6994219 26.6423264 0.140625
    endloop
  endfacet
  facet normal -0.5428970535531572 0.28848952161365193 -0.7886929600056202
    outer loop
      vertex -15.7446585 26.8562145 0.25
      vertex -15.625268 26.7818737 0.140625
      vertex -15.6994219 26.6423264 0.140625
    endloop
  endfacet
  facet normal -0.3659906265888111 0.19448339254865496 -0.910069816701936
    outer loop
      vertex -15.6994219 26.6423264 0.140625
      vertex -15.625268 26.7818737 0.140625
      vertex -15.5429316 26.5712395 0.0625
    endloop
  endfacet
  facet normal -0.3661715726189455 0.19439283957282172 -0.9100163753079301
    outer loop
      vertex -15.625268 26.7818737 0.140625
      vertex -15.4793472 26.6910114 0.0625
      vertex -15.5429316 26.5712395 0.0625
    endloop
  endfacet
  facet normal -0.19903186774751971 0.10566186135149709 -0.9742801889993816
    outer loop
      vertex -15.5429316 26.5712395 0.0625
      vertex -15.4793472 26.6910114 0.0625
      vertex -15.3068953 26.5836315 0.015625
    endloop
  endfacet
  facet normal -0.9959882176928018 0.06935303230877057 -0.056547565170347515
    outer loop
      vertex -16.2473755 25.8923073 1.0
      vertex -16.2323437 26.108181 1.0
      vertex -16.2238674 26.0388107 0.765625
    endloop
  endfacet
  facet normal -0.9905247281044347 0.11775293709920538 -0.07067537632122102
    outer loop
      vertex -16.2323437 26.108181 1.0
      vertex -16.2219028 26.1960087 1.0
      vertex -16.2238674 26.0388107 0.765625
    endloop
  endfacet
  facet normal -0.9920103105419222 0.10846244460619264 -0.06443168388741488
    outer loop
      vertex -16.2238674 26.0388107 0.765625
      vertex -16.2219028 26.1960087 1.0
      vertex -16.2068996 26.1940002 0.765625
    endloop
  endfacet
  facet normal -0.9846038941809685 0.16249663022582328 -0.0644206234751282
    outer loop
      vertex -16.2219028 26.1960087 1.0
      vertex -16.1956882 26.3548489 1.0
      vertex -16.2068996 26.1940002 0.765625
    endloop
  endfacet
  facet normal -0.9836544642771657 0.1669320114977727 -0.06750998774188405
    outer loop
      vertex -16.2068996 26.1940002 0.765625
      vertex -16.1956882 26.3548489 1.0
      vertex -16.1787128 26.3600922 0.765625
    endloop
  endfacet
  facet normal -0.9692401255209503 0.23740883713991792 -0.06488931443623402
    outer loop
      vertex -16.1956882 26.3548489 1.0
      vertex -16.1453819 26.5602283 1.0
      vertex -16.1787128 26.3600922 0.765625
    endloop
  endfacet
  facet normal -0.9735520604499507 0.22256231727100187 -0.05159845467276797
    outer loop
      vertex -16.1787128 26.3600922 0.765625
      vertex -16.1453819 26.5602283 1.0
      vertex -16.1482487 26.493351 0.765625
    endloop
  endfacet
  facet normal -0.9412702080780007 0.3275577706912697 -0.0819530490254206
    outer loop
      vertex -16.1453819 26.5602283 1.0
      vertex -16.0845699 26.7349777 1.0
      vertex -16.1482487 26.493351 0.765625
    endloop
  endfacet
  facet normal -0.9562555761326935 0.28991163674870146 -0.039070653857071015
    outer loop
      vertex -16.1482487 26.493351 0.765625
      vertex -16.0845699 26.7349777 1.0
      vertex -16.1045723 26.6374149 0.765625
    endloop
  endfacet
  facet normal -0.9158794007248773 0.3923201522549417 -0.08514588341487245
    outer loop
      vertex -16.0845699 26.7349777 1.0
      vertex -16.0550575 26.803875 1.0
      vertex -16.1045723 26.6374149 0.765625
    endloop
  endfacet
  facet normal -0.9269978323129237 0.36915263020534206 -0.06634270494650163
    outer loop
      vertex -16.1045723 26.6374149 0.765625
      vertex -16.0550575 26.803875 1.0
      vertex -16.0408535 26.7974224 0.765625
    endloop
  endfacet
  facet normal -0.8970055100489819 0.4370046583026659 -0.06639309876437459
    outer loop
      vertex -16.0550575 26.803875 1.0
      vertex -16.0147533 26.8866043 1.0
      vertex -16.0408535 26.7974224 0.765625
    endloop
  endfacet
  facet normal -0.8799617079460236 0.468230407126924 -0.08017280330930372
    outer loop
      vertex -16.0408535 26.7974224 0.765625
      vertex -16.0147533 26.8866043 1.0
      vertex -15.9436407 26.9801178 0.765625
    endloop
  endfacet
  facet normal -0.15366284049971032 0.3846424290900572 -0.9101856586396321
    outer loop
      vertex -15.1447706 27.1982994 0.140625
      vertex -15.0171318 27.2492905 0.140625
      vertex -15.0733681 27.0419559 0.0625
    endloop
  endfacet
  facet normal -0.15351028135856903 0.3846151011540482 -0.9102229493269626
    outer loop
      vertex -15.0171318 27.2492905 0.140625
      vertex -14.9610853 27.086771 0.0625
      vertex -15.0733681 27.0419559 0.0625
    endloop
  endfacet
  facet normal -0.08342643418616846 0.20902226313093528 -0.9743457926191311
    outer loop
      vertex -15.0733681 27.0419559 0.0625
      vertex -14.9610853 27.086771 0.0625
      vertex -14.8948479 26.8947029 0.015625
    endloop
  endfacet
  facet normal -0.09260995768607362 0.19833547685882866 -0.9757491656960638
    outer loop
      vertex -14.8948479 26.8947029 0.015625
      vertex -15.0856743 26.8055992 0.015625
      vertex -15.0733681 27.0419559 0.0625
    endloop
  endfacet
  facet normal -0.10623440593822144 0.19875248173700136 -0.9742749622146388
    outer loop
      vertex -15.0856743 26.8055992 0.015625
      vertex -15.1936064 26.9776878 0.0625
      vertex -15.0733681 27.0419559 0.0625
    endloop
  endfacet
  facet normal -0.19537795480360926 0.36552991519996775 -0.9100633691511066
    outer loop
      vertex -15.0733681 27.0419559 0.0625
      vertex -15.1936064 26.9776878 0.0625
      vertex -15.1447706 27.1982994 0.140625
    endloop
  endfacet
  facet normal -0.19559672406777354 0.3655577426657082 -0.9100051968593955
    outer loop
      vertex -15.1936064 26.9776878 0.0625
      vertex -15.284935 27.1233025 0.140625
      vertex -15.1447706 27.1982994 0.140625
    endloop
  endfacet
  facet normal -0.861197680178145 0.50472603999986 -0.05991811246894387
    outer loop
      vertex -16.0147533 26.8866043 1.0
      vertex -15.9362669 27.0205231 1.0
      vertex -15.9436407 26.9801178 0.765625
    endloop
  endfacet
  facet normal -0.8052430894288201 0.5880484942082367 -0.07604298380886097
    outer loop
      vertex -15.9362669 27.0205231 1.0
      vertex -15.8484955 27.1407127 1.0
      vertex -15.9436407 26.9801178 0.765625
    endloop
  endfacet
  facet normal -0.8191085809105 0.5706486184886728 -0.05849176776056839
    outer loop
      vertex -15.9436407 26.9801178 0.765625
      vertex -15.8484955 27.1407127 1.0
      vertex -15.8540907 27.1086578 0.765625
    endloop
  endfacet
  facet normal -0.7408149087782003 0.6676616116196903 -0.07362909276464441
    outer loop
      vertex -15.8484955 27.1407127 1.0
      vertex -15.75 27.25 1.0
      vertex -15.8540907 27.1086578 0.765625
    endloop
  endfacet
  facet normal -0.7484079639463505 0.6599838299869573 -0.06562669927267024
    outer loop
      vertex -15.8540907 27.1086578 0.765625
      vertex -15.75 27.25 1.0
      vertex -15.7410202 27.2368774 0.765625
    endloop
  endfacet
  facet normal -0.671173155244767 0.7382620473499419 -0.06705031783262294
    outer loop
      vertex -15.75 27.25 1.0
      vertex -15.6502609 27.3406754 1.0
      vertex -15.7410202 27.2368774 0.765625
    endloop
  endfacet
  facet normal -0.6624371681274777 0.7454897745309146 -0.07363419282571
    outer loop
      vertex -15.7410202 27.2368774 0.765625
      vertex -15.6502609 27.3406754 1.0
      vertex -15.613019 27.3506184 0.765625
    endloop
  endfacet
  facet normal -0.5929364813328939 0.8029995040622645 -0.06015085685444433
    outer loop
      vertex -15.6502609 27.3406754 1.0
      vertex -15.5230703 27.4345932 1.0
      vertex -15.613019 27.3506184 0.765625
    endloop
  endfacet
  facet normal -0.5728346553171898 0.8164421538469739 -0.0726819584859313
    outer loop
      vertex -15.613019 27.3506184 0.765625
      vertex -15.5230703 27.4345932 1.0
      vertex -15.4841957 27.4410038 0.765625
    endloop
  endfacet
  facet normal -0.5071031913207482 0.8597526534177959 -0.06059478767494516
    outer loop
      vertex -15.5230703 27.4345932 1.0
      vertex -15.3916407 27.5121136 1.0
      vertex -15.4841957 27.4410038 0.765625
    endloop
  endfacet
  facet normal -0.4708006327369659 0.8785471437000998 -0.080632998895419
    outer loop
      vertex -15.4841957 27.4410038 0.765625
      vertex -15.3916407 27.5121136 1.0
      vertex -15.30056 27.5394115 0.765625
    endloop
  endfacet
  facet normal -0.17234000611002173 0.5672830776224593 -0.8052880429617644
    outer loop
      vertex -15.0629883 27.3822594 0.25
      vertex -14.9344082 27.4213219 0.25
      vertex -14.7863855 27.3110275 0.140625
    endloop
  endfacet
  facet normal -0.030399636304502473 0.21908239797724535 -0.9752326722424213
    outer loop
      vertex -14.4781752 26.975893 0.015625
      vertex -14.7124996 26.9433784 0.015625
      vertex -14.6212778 27.1646976 0.0625
    endloop
  endfacet
  facet normal -0.03748135776283385 0.2218180375717858 -0.9743674389202752
    outer loop
      vertex -14.7124996 26.9433784 0.015625
      vertex -14.7525215 27.1425209 0.0625
      vertex -14.6212778 27.1646976 0.0625
    endloop
  endfacet
  facet normal -0.0689715045795074 0.40817955131204536 -0.9102924724761468
    outer loop
      vertex -14.6212778 27.1646976 0.0625
      vertex -14.7525215 27.1425209 0.0625
      vertex -14.7863855 27.3110275 0.140625
    endloop
  endfacet
  facet normal -0.13718077899561526 0.5985598191562771 -0.7892449409186992
    outer loop
      vertex -14.9344082 27.4213219 0.25
      vertex -14.8140926 27.4488964 0.25
      vertex -14.7863855 27.3110275 0.140625
    endloop
  endfacet
  facet normal -0.10252323040400174 0.6055001842494281 -0.7892138582801475
    outer loop
      vertex -14.8140926 27.4488964 0.25
      vertex -14.6441565 27.3351097 0.140625
      vertex -14.7863855 27.3110275 0.140625
    endloop
  endfacet
  facet normal -0.06909344846755203 0.40806454900681854 -0.9103347841441211
    outer loop
      vertex -14.7863855 27.3110275 0.140625
      vertex -14.6441565 27.3351097 0.140625
      vertex -14.6212778 27.1646976 0.0625
    endloop
  endfacet
  facet normal -0.04476277862616129 0.41135059609965063 -0.9103773836921298
    outer loop
      vertex -14.6441565 27.3351097 0.140625
      vertex -14.4946575 27.1784763 0.0625
      vertex -14.6212778 27.1646976 0.0625
    endloop
  endfacet
  facet normal -0.024319431845657047 0.22348507160521072 -0.9744039141979666
    outer loop
      vertex -14.6212778 27.1646976 0.0625
      vertex -14.4946575 27.1784763 0.0625
      vertex -14.4781752 26.975893 0.015625
    endloop
  endfacet
  facet normal -0.10264300783000373 0.605388609109913 -0.7892838810615448
    outer loop
      vertex -14.8140926 27.4488964 0.25
      vertex -14.6628761 27.474535 0.25
      vertex -14.6441565 27.3351097 0.140625
    endloop
  endfacet
  facet normal -0.07597451760286256 0.6090977601390608 -0.7894477761502602
    outer loop
      vertex -14.6628761 27.474535 0.25
      vertex -14.511198 27.359148 0.14637613000000016
      vertex -14.6441565 27.3351097 0.140625
    endloop
  endfacet
  facet normal -0.03632230044900501 0.4180662634633077 -0.9076900846896591
    outer loop
      vertex -14.6441565 27.3351097 0.140625
      vertex -14.511198 27.359148 0.14637613000000016
      vertex -14.4946575 27.1784763 0.0625
    endloop
  endfacet
  facet normal 0.011427204768538696 0.4219147215284301 -0.9065635039801486
    outer loop
      vertex -14.511198 27.359148 0.14637613000000016
      vertex -14.3808527 27.3945541 0.16449713
      vertex -14.4946575 27.1784763 0.0625
    endloop
  endfacet
  facet normal -0.04242076468189204 0.4446704474048396 -0.8946891482121504
    outer loop
      vertex -14.4946575 27.1784763 0.0625
      vertex -14.3808527 27.3945541 0.16449713
      vertex -14.25 27.2424889 0.08271479000000026
    endloop
  endfacet
  facet normal -0.018473793929463564 0.9987733186181049 -0.045941016036099874
    outer loop
      vertex -14.25 27.75 1.0
      vertex -14.25 27.7422638 0.8318123800000001
      vertex -14.3926163 27.7473621 1.0
    endloop
  endfacet
  facet normal -0.04062371308756749 0.9970793644194923 -0.06467190258373706
    outer loop
      vertex -14.25 27.7422638 0.8318123800000001
      vertex -14.392045 27.7321835 0.765625
      vertex -14.3926163 27.7473621 1.0
    endloop
  endfacet
  facet normal -0.06596616402654124 0.9957255444673784 -0.06464599986670795
    outer loop
      vertex -14.3926163 27.7473621 1.0
      vertex -14.392045 27.7321835 0.765625
      vertex -14.5863752 27.7345257 1.0
    endloop
  endfacet
  facet normal 0.007214846455950381 0.907842444014641 -0.4192493802453865
    outer loop
      vertex -14.25 27.5922966 0.3634648300000003
      vertex -14.3882389 27.6019821 0.38205886000000033
      vertex -14.3902702 27.6853275 0.5625
    endloop
  endfacet
  facet normal -0.05118826369464919 0.9064255134167183 -0.4192523706398877
    outer loop
      vertex -14.3882389 27.6019821 0.38205886000000033
      vertex -14.5352306 27.6771412 0.5625
      vertex -14.3902702 27.6853275 0.5625
    endloop
  endfacet
  facet normal -0.05493808898216061 0.9728262284659921 -0.22492428856755675
    outer loop
      vertex -14.3902702 27.6853275 0.5625
      vertex -14.5352306 27.6771412 0.5625
      vertex -14.5390348 27.7238903 0.765625
    endloop
  endfacet
  facet normal -0.1060132718560354 0.9685958529410087 -0.22490722499701526
    outer loop
      vertex -14.5352306 27.6771412 0.5625
      vertex -14.6878357 27.6604385 0.5625
      vertex -14.5390348 27.7238903 0.765625
    endloop
  endfacet
  facet normal -0.1060523785647294 0.9685980632091298 -0.22487926749321743
    outer loop
      vertex -14.5390348 27.7238903 0.765625
      vertex -14.6878357 27.6604385 0.5625
      vertex -14.6940746 27.7069149 0.765625
    endloop
  endfacet
  facet normal -0.16315490031577742 0.9606452881415493 -0.22481349798085654
    outer loop
      vertex -14.6878357 27.6604385 0.5625
      vertex -14.8510351 27.6327209 0.5625
      vertex -14.6940746 27.7069149 0.765625
    endloop
  endfacet
  facet normal -0.16322211167624393 0.9606459656581228 -0.22476180931092496
    outer loop
      vertex -14.6940746 27.7069149 0.765625
      vertex -14.8510351 27.6327209 0.5625
      vertex -14.8602715 27.6786766 0.765625
    endloop
  endfacet
  facet normal -0.21748099463646148 0.9498290206793094 -0.224781779615963
    outer loop
      vertex -14.8510351 27.6327209 0.5625
      vertex -14.9822435 27.6026783 0.5625
      vertex -14.8602715 27.6786766 0.765625
    endloop
  endfacet
  facet normal -0.217444731409486 0.9498319134856416 -0.22480463719963864
    outer loop
      vertex -14.8602715 27.6786766 0.765625
      vertex -14.9822435 27.6026783 0.5625
      vertex -14.9942017 27.648016 0.765625
    endloop
  endfacet
  facet normal -0.28335025654100865 0.932303636905749 -0.2247722419037945
    outer loop
      vertex -14.9822435 27.6026783 0.5625
      vertex -15.1241312 27.5595551 0.5625
      vertex -14.9942017 27.648016 0.765625
    endloop
  endfacet
  facet normal -0.2833857414182394 0.932298828368682 -0.22474744978134384
    outer loop
      vertex -14.9942017 27.648016 0.765625
      vertex -15.1241312 27.5595551 0.5625
      vertex -15.1394157 27.6038761 0.765625
    endloop
  endfacet
  facet normal -0.3618984238497863 0.9047457714075109 -0.22464331713912306
    outer loop
      vertex -15.1241312 27.5595551 0.5625
      vertex -15.2810869 27.4967728 0.5625
      vertex -15.1394157 27.6038761 0.765625
    endloop
  endfacet
  facet normal -0.36193407543462847 0.904738619832585 -0.22461468078179994
    outer loop
      vertex -15.1394157 27.6038761 0.765625
      vertex -15.2810869 27.4967728 0.5625
      vertex -15.30056 27.5394115 0.765625
    endloop
  endfacet
  facet normal -0.4602377783992059 0.8589602271735548 -0.22442931062612712
    outer loop
      vertex -15.2810869 27.4967728 0.5625
      vertex -15.4592886 27.4012909 0.5625
      vertex -15.30056 27.5394115 0.765625
    endloop
  endfacet
  facet normal -0.46029556666124655 0.858943950430051 -0.22437308513192922
    outer loop
      vertex -15.30056 27.5394115 0.765625
      vertex -15.4592886 27.4012909 0.5625
      vertex -15.4841957 27.4410038 0.765625
    endloop
  endfacet
  facet normal -0.5596404105719568 0.7977241972801475 -0.22458565387975238
    outer loop
      vertex -15.4592886 27.4012909 0.5625
      vertex -15.5840235 27.3137836 0.5625
      vertex -15.4841957 27.4410038 0.765625
    endloop
  endfacet
  facet normal -0.5596862916007734 0.7977022289968436 -0.22454934613051372
    outer loop
      vertex -15.4841957 27.4410038 0.765625
      vertex -15.5840235 27.3137836 0.5625
      vertex -15.613019 27.3506184 0.765625
    endloop
  endfacet
  facet normal -0.6472515777314743 0.7284694200380515 -0.22449431884469212
    outer loop
      vertex -15.5840235 27.3137836 0.5625
      vertex -15.7078056 27.2038021 0.5625
      vertex -15.613019 27.3506184 0.765625
    endloop
  endfacet
  facet normal -0.6472914279831361 0.728445147585803 -0.22445817921886962
    outer loop
      vertex -15.613019 27.3506184 0.765625
      vertex -15.7078056 27.2038021 0.5625
      vertex -15.7410202 27.2368774 0.765625
    endloop
  endfacet
  facet normal -0.7309116735874889 0.6445032358472036 -0.22446314707768839
    outer loop
      vertex -15.7078056 27.2038021 0.5625
      vertex -15.8171434 27.0798054 0.5625
      vertex -15.7410202 27.2368774 0.765625
    endloop
  endfacet
  facet normal -0.7308808894451152 0.6445275730855794 -0.22449350319403494
    outer loop
      vertex -15.7410202 27.2368774 0.765625
      vertex -15.8171434 27.0798054 0.5625
      vertex -15.8540907 27.1086578 0.765625
    endloop
  endfacet
  facet normal -0.7996003554454094 0.5569684422831408 -0.2245560639846246
    outer loop
      vertex -15.8171434 27.0798054 0.5625
      vertex -15.9038439 26.9553356 0.5625
      vertex -15.8540907 27.1086578 0.765625
    endloop
  endfacet
  facet normal -0.7995484390497707 0.5570216486456023 -0.22460894139194565
    outer loop
      vertex -15.8540907 27.1086578 0.765625
      vertex -15.9038439 26.9553356 0.5625
      vertex -15.9436407 26.9801178 0.765625
    endloop
  endfacet
  facet normal -0.8603096485505201 0.45772532733692284 -0.22439882647907786
    outer loop
      vertex -15.9038439 26.9553356 0.5625
      vertex -15.9981756 26.7780361 0.5625
      vertex -15.9436407 26.9801178 0.765625
    endloop
  endfacet
  facet normal -0.8602814354360464 0.4577584718978053 -0.22443937544442136
    outer loop
      vertex -15.9436407 26.9801178 0.765625
      vertex -15.9981756 26.7780361 0.5625
      vertex -16.0408535 26.7974224 0.765625
    endloop
  endfacet
  facet normal -0.9053250631912777 0.36046295251757265 -0.22461742991144562
    outer loop
      vertex -15.9981756 26.7780361 0.5625
      vertex -16.0602322 26.6221771 0.5625
      vertex -16.0408535 26.7974224 0.765625
    endloop
  endfacet
  facet normal -0.9052954246829022 0.3605102142479912 -0.22466103238227866
    outer loop
      vertex -16.0408535 26.7974224 0.765625
      vertex -16.0602322 26.6221771 0.5625
      vertex -16.1045723 26.6374149 0.765625
    endloop
  endfacet
  facet normal -0.9325056671649867 0.2826919599265771 -0.22476306746895394
    outer loop
      vertex -16.0602322 26.6221771 0.5625
      vertex -16.1029053 26.4814129 0.5625
      vertex -16.1045723 26.6374149 0.765625
    endloop
  endfacet
  facet normal -0.9324974612546771 0.28270879878125665 -0.22477593253113357
    outer loop
      vertex -16.1045723 26.6374149 0.765625
      vertex -16.1029053 26.4814129 0.5625
      vertex -16.1482487 26.493351 0.765625
    endloop
  endfacet
  facet normal -0.9498902388733778 0.21718670318615985 -0.22480762899021955
    outer loop
      vertex -16.1029053 26.4814129 0.5625
      vertex -16.1327553 26.3508606 0.5625
      vertex -16.1482487 26.493351 0.765625
    endloop
  endfacet
  facet normal -0.9499022319646541 0.21715576445828771 -0.22478684052031378
    outer loop
      vertex -16.1482487 26.493351 0.765625
      vertex -16.1327553 26.3508606 0.5625
      vertex -16.1787128 26.3600922 0.765625
    endloop
  endfacet
  facet normal -0.9606877846703429 0.16297200094091463 -0.2247645596941463
    outer loop
      vertex -16.1327553 26.3508606 0.5625
      vertex -16.1604233 26.1877632 0.5625
      vertex -16.1787128 26.3600922 0.765625
    endloop
  endfacet
  facet normal -0.9606665716694237 0.16303082943388092 -0.2248125591042833
    outer loop
      vertex -16.1787128 26.3600922 0.765625
      vertex -16.1604233 26.1877632 0.5625
      vertex -16.2068996 26.1940002 0.765625
    endloop
  endfacet
  facet normal -0.9686191076551461 0.10586510545729023 -0.22487686348725486
    outer loop
      vertex -16.1604233 26.1877632 0.5625
      vertex -16.1771183 26.0350113 0.5625
      vertex -16.2068996 26.1940002 0.765625
    endloop
  endfacet
  facet normal -0.96860822934827 0.10590375453194381 -0.22490551975184372
    outer loop
      vertex -16.2068996 26.1940002 0.765625
      vertex -16.1771183 26.0350113 0.5625
      vertex -16.2238674 26.0388107 0.765625
    endloop
  endfacet
  facet normal -0.9728261457681617 0.054944458283797876 -0.2249230904415178
    outer loop
      vertex -16.1771183 26.0350113 0.5625
      vertex -16.2321739 25.8917389 0.765625
      vertex -16.2238674 26.0388107 0.765625
    endloop
  endfacet
  facet normal -0.9963132246439532 0.05627099009126713 -0.06475750206513647
    outer loop
      vertex -16.2238674 26.0388107 0.765625
      vertex -16.2321739 25.8917389 0.765625
      vertex -16.2473755 25.8923073 1.0
    endloop
  endfacet
  facet normal -0.9970691611571451 0.040719628577484804 -0.06476881748109177
    outer loop
      vertex -16.2321739 25.8917389 0.765625
      vertex -16.2422619 25.75 0.8318123800000001
      vertex -16.2473755 25.8923073 1.0
    endloop
  endfacet
  facet normal -0.9987737945212745 0.018419868999838326 -0.04595232098168728
    outer loop
      vertex -16.2473755 25.8923073 1.0
      vertex -16.2422619 25.75 0.8318123800000001
      vertex -16.25 25.75 1.0
    endloop
  endfacet
  facet normal -0.4394623988276099 0.8958001131067853 -0.06644514560562861
    outer loop
      vertex -15.3916407 27.5121136 1.0
      vertex -15.3070469 27.5536137 1.0
      vertex -15.30056 27.5394115 0.765625
    endloop
  endfacet
  facet normal -0.3952763274458643 0.9161551588237058 -0.06645562370198978
    outer loop
      vertex -15.3070469 27.5536137 1.0
      vertex -15.2403374 27.5823956 1.0
      vertex -15.30056 27.5394115 0.765625
    endloop
  endfacet
  facet normal -0.3703889766553425 0.9258736170059342 -0.07463277634228013
    outer loop
      vertex -15.30056 27.5394115 0.765625
      vertex -15.2403374 27.5823956 1.0
      vertex -15.1394157 27.6038761 0.765625
    endloop
  endfacet
  facet normal -0.330212678310964 0.9422539017661774 -0.05583163699117954
    outer loop
      vertex -15.2403374 27.5823956 1.0
      vertex -15.0626974 27.6446495 1.0
      vertex -15.1394157 27.6038761 0.765625
    endloop
  endfacet
  facet normal -0.29009051732920726 0.9543565885615086 -0.07107034279439026
    outer loop
      vertex -15.1394157 27.6038761 0.765625
      vertex -15.0626974 27.6446495 1.0
      vertex -14.9942017 27.648016 0.765625
    endloop
  endfacet
  facet normal -0.23694673381051126 0.9699466328902632 -0.05531523010321475
    outer loop
      vertex -15.0626974 27.6446495 1.0
      vertex -14.84935 27.6967678 1.0
      vertex -14.9942017 27.648016 0.765625
    endloop
  endfacet
  facet normal -0.2226889998009105 0.9727396815827154 -0.06470796892212967
    outer loop
      vertex -14.9942017 27.648016 0.765625
      vertex -14.84935 27.6967678 1.0
      vertex -14.8602715 27.6786766 0.765625
    endloop
  endfacet
  facet normal -0.16139200329892348 0.9845120962854665 -0.06847301321510839
    outer loop
      vertex -14.84935 27.6967678 1.0
      vertex -14.6960812 27.7218933 1.0
      vertex -14.8602715 27.6786766 0.765625
    endloop
  endfacet
  facet normal -0.16716131661067432 0.983830210055519 -0.06430561414914937
    outer loop
      vertex -14.8602715 27.6786766 0.765625
      vertex -14.6960812 27.7218933 1.0
      vertex -14.6940746 27.7069149 0.765625
    endloop
  endfacet
  facet normal -0.11415492163925176 0.9913777139227774 -0.06433414492152575
    outer loop
      vertex -14.6960812 27.7218933 1.0
      vertex -14.5863752 27.7345257 1.0
      vertex -14.6940746 27.7069149 0.765625
    endloop
  endfacet
  facet normal -0.10859599959403389 0.9918294742898214 -0.06694178666684461
    outer loop
      vertex -14.6940746 27.7069149 0.765625
      vertex -14.5863752 27.7345257 1.0
      vertex -14.5390348 27.7238903 0.765625
    endloop
  endfacet
  facet normal -0.05624037684333595 0.9968120561575654 -0.05659279734600829
    outer loop
      vertex -14.5863752 27.7345257 1.0
      vertex -14.392045 27.7321835 0.765625
      vertex -14.5390348 27.7238903 0.765625
    endloop
  endfacet
  facet normal -0.05488770543912128 0.9728371249885092 -0.22488945736899277
    outer loop
      vertex -14.5390348 27.7238903 0.765625
      vertex -14.392045 27.7321835 0.765625
      vertex -14.3902702 27.6853275 0.5625
    endloop
  endfacet
  facet normal -0.03333775745962138 0.9738056905090617 -0.22492458971782728
    outer loop
      vertex -14.392045 27.7321835 0.765625
      vertex -14.25 27.6973248 0.5936515300000003
      vertex -14.3902702 27.6853275 0.5625
    endloop
  endfacet
  facet normal 0.014373340471702167 0.9096791609654622 -0.4150629243727478
    outer loop
      vertex -14.3902702 27.6853275 0.5625
      vertex -14.25 27.6973248 0.5936515300000003
      vertex -14.25 27.5922966 0.3634648300000003
    endloop
  endfacet
  facet normal -0.12201654067366045 0.004547351846496517 -0.9925176499152129
    outer loop
      vertex -15.484375 25.75 0.015625
      vertex -15.4758778 25.9780006 0.015625
      vertex -15.4290895 25.75 0.00882840000000007
    endloop
  endfacet
  facet normal -0.06582280253156056 0.01623340391773213 -0.9976992709549981
    outer loop
      vertex -15.4758778 25.9780006 0.015625
      vertex -15.2413082 25.9688206 0.0
      vertex -15.4290895 25.75 0.00882840000000007
    endloop
  endfacet
  facet normal -0.04923614008780337 0.0019557147837778364 -0.9987852510369477
    outer loop
      vertex -15.4290895 25.75 0.00882840000000007
      vertex -15.2413082 25.9688206 0.0
      vertex -15.25 25.75 0.0
    endloop
  endfacet
  facet normal -0.4081005718121352 0.06886818874320674 -0.9103357050373442
    outer loop
      vertex -15.6425495 26.2523842 0.0625
      vertex -15.6646852 26.121212 0.0625
      vertex -15.8350954 26.1440887 0.140625
    endloop
  endfacet
  facet normal -0.41261416049673094 0.0349082539371407 -0.9102367650038302
    outer loop
      vertex -15.6646852 26.121212 0.0625
      vertex -15.8593636 26.0110989 0.14652562000000025
      vertex -15.8350954 26.1440887 0.140625
    endloop
  endfacet
  facet normal -0.6155015523770982 0.07751853828797084 -0.7843141687124353
    outer loop
      vertex -15.8350954 26.1440887 0.140625
      vertex -15.8593636 26.0110989 0.14652562000000025
      vertex -15.9901209 26.0198078 0.25
    endloop
  endfacet
  facet normal -0.6176704124726047 0.05072279428764292 -0.7847996302850657
    outer loop
      vertex -15.8593636 26.0110989 0.14652562000000025
      vertex -15.9838533 25.88731 0.23650360000000026
      vertex -15.9901209 26.0198078 0.25
    endloop
  endfacet
  facet normal -0.7760656061522786 0.027467538622934586 -0.6300537352238254
    outer loop
      vertex -15.9901209 26.0198078 0.25
      vertex -15.9838533 25.88731 0.23650360000000026
      vertex -16.1018486 25.8889961 0.38191723999999994
    endloop
  endfacet
  facet normal -0.7759856351897382 0.030311686250517802 -0.630021821571149
    outer loop
      vertex -15.9838533 25.88731 0.23650360000000026
      vertex -16.0922966 25.75 0.3634648300000003
      vertex -16.1018486 25.8889961 0.38191723999999994
    endloop
  endfacet
  facet normal -0.9097511203644068 -0.007414391123950766 -0.41508785311060115
    outer loop
      vertex -16.1018486 25.8889961 0.38191723999999994
      vertex -16.0922966 25.75 0.3634648300000003
      vertex -16.1973228 25.75 0.5936515300000003
    endloop
  endfacet
  facet normal -0.0667314677397211 0.008636617592709811 -0.997733591721688
    outer loop
      vertex -15.2204294 26.1301422 0.0
      vertex -15.2413082 25.9688206 0.0
      vertex -15.4434032 26.2123756 0.015625
    endloop
  endfacet
  facet normal -0.06610440676532986 0.00915931378321619 -0.9977706722374757
    outer loop
      vertex -15.2413082 25.9688206 0.0
      vertex -15.4758778 25.9780006 0.015625
      vertex -15.4434032 26.2123756 0.015625
    endloop
  endfacet
  facet normal -0.21909351029472157 0.030357222866844488 -0.9752314970131705
    outer loop
      vertex -15.4434032 26.2123756 0.015625
      vertex -15.4758778 25.9780006 0.015625
      vertex -15.6646852 26.121212 0.0625
    endloop
  endfacet
  facet normal -0.2234922001324673 0.024286918658185674 -0.9744030901336672
    outer loop
      vertex -15.4758778 25.9780006 0.015625
      vertex -15.6784582 25.9944706 0.0625
      vertex -15.6646852 26.121212 0.0625
    endloop
  endfacet
  facet normal -0.4173849714593252 0.04535726457108313 -0.9075971045296075
    outer loop
      vertex -15.6646852 26.121212 0.0625
      vertex -15.6784582 25.9944706 0.0625
      vertex -15.8593636 26.0110989 0.14652562000000025
    endloop
  endfacet
  facet normal -0.42216627721036704 -0.012550140163892727 -0.9064315354003336
    outer loop
      vertex -15.6784582 25.9944706 0.0625
      vertex -15.8958263 25.8790245 0.16533661000000022
      vertex -15.8593636 26.0110989 0.14652562000000025
    endloop
  endfacet
  facet normal -0.6240214373470085 0.06132758148535098 -0.7789969020994442
    outer loop
      vertex -15.8593636 26.0110989 0.14652562000000025
      vertex -15.8958263 25.8790245 0.16533661000000022
      vertex -15.9838533 25.88731 0.23650360000000026
    endloop
  endfacet
  facet normal -0.6269383805285704 0.026950221425799045 -0.7786025639473029
    outer loop
      vertex -15.8958263 25.8790245 0.16533661000000022
      vertex -15.9453564 25.75 0.20075273000000005
      vertex -15.9838533 25.88731 0.23650360000000026
    endloop
  endfacet
  facet normal -0.7417427484738202 -0.03355376754325886 -0.6698446385320675
    outer loop
      vertex -15.9838533 25.88731 0.23650360000000026
      vertex -15.9453564 25.75 0.20075273000000005
      vertex -16.0922966 25.75 0.3634648300000003
    endloop
  endfacet
  facet normal -0.06321664212727411 0.02003679348726724 -0.9977986686024896
    outer loop
      vertex -15.1665983 26.3365517 0.0
      vertex -15.1942501 26.2493095 0.0
      vertex -15.3951292 26.3936291 0.015625
    endloop
  endfacet
  facet normal -0.06514162861746954 0.017349441417020068 -0.9977251951833135
    outer loop
      vertex -15.1942501 26.2493095 0.0
      vertex -15.4434032 26.2123756 0.015625
      vertex -15.3951292 26.3936291 0.015625
    endloop
  endfacet
  facet normal -0.21775681460752733 0.05799607990115602 -0.9742784121636289
    outer loop
      vertex -15.3951292 26.3936291 0.015625
      vertex -15.4434032 26.2123756 0.015625
      vertex -15.5872707 26.4596539 0.0625
    endloop
  endfacet
  facet normal -0.21766672239466758 0.05805168441846771 -0.9742952324106596
    outer loop
      vertex -15.4434032 26.2123756 0.015625
      vertex -15.6425495 26.2523842 0.0625
      vertex -15.5872707 26.4596539 0.0625
    endloop
  endfacet
  facet normal -0.40057790484206746 0.1068340711941201 -0.9100130896775218
    outer loop
      vertex -15.5872707 26.4596539 0.0625
      vertex -15.6425495 26.2523842 0.0625
      vertex -15.7498512 26.515522 0.140625
    endloop
  endfacet
  facet normal -0.4004531801308669 0.10689896603299054 -0.910060361505847
    outer loop
      vertex -15.6425495 26.2523842 0.0625
      vertex -15.811058 26.2862358 0.140625
      vertex -15.7498512 26.515522 0.140625
    endloop
  endfacet
  facet normal -0.5824469868945114 0.1554812990814724 -0.7978603092606139
    outer loop
      vertex -15.7498512 26.515522 0.140625
      vertex -15.811058 26.2862358 0.140625
      vertex -15.9215317 26.4336548 0.25
    endloop
  endfacet
  facet normal -0.5986044859281578 0.13698160658632033 -0.789245658134219
    outer loop
      vertex -15.811058 26.2862358 0.140625
      vertex -15.9489288 26.3139305 0.25
      vertex -15.9215317 26.4336548 0.25
    endloop
  endfacet
  facet normal -0.05664521019600464 0.03357802268922218 -0.997829562878417
    outer loop
      vertex -15.084733 26.4940891 0.0
      vertex -15.1384935 26.4033966 0.0
      vertex -15.3068953 26.5836315 0.015625
    endloop
  endfacet
  facet normal -0.061835200267578855 0.02871522084399683 -0.9976732150858562
    outer loop
      vertex -15.1384935 26.4033966 0.0
      vertex -15.3951292 26.3936291 0.015625
      vertex -15.3068953 26.5836315 0.015625
    endloop
  endfacet
  facet normal -0.19861440372545075 0.09223316882771332 -0.9757281184842334
    outer loop
      vertex -15.3068953 26.5836315 0.015625
      vertex -15.3951292 26.3936291 0.015625
      vertex -15.5429316 26.5712395 0.0625
    endloop
  endfacet
  facet normal -0.2091454335139544 0.08310499106621723 -0.9743468315236337
    outer loop
      vertex -15.3951292 26.3936291 0.015625
      vertex -15.5872707 26.4596539 0.0625
      vertex -15.5429316 26.5712395 0.0625
    endloop
  endfacet
  facet normal -0.38491770459837543 0.15294898800524145 -0.9101895229867735
    outer loop
      vertex -15.5429316 26.5712395 0.0625
      vertex -15.5872707 26.4596539 0.0625
      vertex -15.6994219 26.6423264 0.140625
    endloop
  endfacet
  facet normal -0.38480330164839105 0.1530338153866648 -0.9102236375686459
    outer loop
      vertex -15.5872707 26.4596539 0.0625
      vertex -15.7498512 26.515522 0.140625
      vertex -15.6994219 26.6423264 0.140625
    endloop
  endfacet
  facet normal -0.5708838812719343 0.22703687343519743 -0.7890157490219457
    outer loop
      vertex -15.6994219 26.6423264 0.140625
      vertex -15.7498512 26.515522 0.140625
      vertex -15.8274584 26.7004871 0.25
    endloop
  endfacet
  facet normal -0.570766319513784 0.2271220039171248 -0.78907629786058
    outer loop
      vertex -15.7498512 26.515522 0.140625
      vertex -15.8828716 26.5612316 0.25
      vertex -15.8274584 26.7004871 0.25
    endloop
  endfacet
  facet normal -0.04919059538784695 0.04424463594221957 -0.9978089484043172
    outer loop
      vertex -15.0285635 26.5565376 0.0
      vertex -15.084733 26.4940891 0.0
      vertex -15.2095814 26.7076607 0.015625
    endloop
  endfacet
  facet normal -0.053311023302159005 0.04182808234289942 -0.9977015316826934
    outer loop
      vertex -15.084733 26.4940891 0.0
      vertex -15.3068953 26.5836315 0.015625
      vertex -15.2095814 26.7076607 0.015625
    endloop
  endfacet
  facet normal -0.17808369824404177 0.1397253163170508 -0.9740446767986697
    outer loop
      vertex -15.2095814 26.7076607 0.015625
      vertex -15.3068953 26.5836315 0.015625
      vertex -15.3535128 26.8509884 0.0625
    endloop
  endfacet
  facet normal -0.17772797855548125 0.13979693046339112 -0.9740993706350478
    outer loop
      vertex -15.3068953 26.5836315 0.015625
      vertex -15.4793472 26.6910114 0.0625
      vertex -15.3535128 26.8509884 0.0625
    endloop
  endfacet
  facet normal -0.32709090899935056 0.257282536110741 -0.9092949102807096
    outer loop
      vertex -15.3535128 26.8509884 0.0625
      vertex -15.4793472 26.6910114 0.0625
      vertex -15.4753008 26.9722672 0.140625
    endloop
  endfacet
  facet normal -0.3266790097486649 0.2573151730010718 -0.9094337393857015
    outer loop
      vertex -15.4793472 26.6910114 0.0625
      vertex -15.625268 26.7818737 0.140625
      vertex -15.4753008 26.9722672 0.140625
    endloop
  endfacet
  facet normal -0.4677721577746932 0.36844997722836326 -0.803388961021513
    outer loop
      vertex -15.4753008 26.9722672 0.140625
      vertex -15.625268 26.7818737 0.140625
      vertex -15.6693459 26.9644012 0.25
    endloop
  endfacet
  facet normal -0.504242895017864 0.3510213682025806 -0.7890013319945612
    outer loop
      vertex -15.625268 26.7818737 0.140625
      vertex -15.7446585 26.8562145 0.25
      vertex -15.6693459 26.9644012 0.25
    endloop
  endfacet
  facet normal -0.0397671721702734 0.05347724881480094 -0.9977769068668505
    outer loop
      vertex -14.9583359 26.6087608 0.0
      vertex -15.0285635 26.5565376 0.0
      vertex -15.0856743 26.8055992 0.015625
    endloop
  endfacet
  facet normal -0.04188294701328963 0.05298829881885496 -0.9977164221048812
    outer loop
      vertex -15.0285635 26.5565376 0.0
      vertex -15.2095814 26.7076607 0.015625
      vertex -15.0856743 26.8055992 0.015625
    endloop
  endfacet
  facet normal -0.14021466890080336 0.17739288431984243 -0.9741004112604229
    outer loop
      vertex -15.0856743 26.8055992 0.015625
      vertex -15.2095814 26.7076607 0.015625
      vertex -15.1936064 26.9776878 0.0625
    endloop
  endfacet
  facet normal -0.14056370194433873 0.17740443560578592 -0.9740480028844039
    outer loop
      vertex -15.2095814 26.7076607 0.015625
      vertex -15.3535128 26.8509884 0.0625
      vertex -15.1936064 26.9776878 0.0625
    endloop
  endfacet
  facet normal -0.25825915758905954 0.32594702229922384 -0.9094288021476219
    outer loop
      vertex -15.1936064 26.9776878 0.0625
      vertex -15.3535128 26.8509884 0.0625
      vertex -15.284935 27.1233025 0.140625
    endloop
  endfacet
  facet normal -0.25865303695741315 0.3260078425561911 -0.9092950528099032
    outer loop
      vertex -15.3535128 26.8509884 0.0625
      vertex -15.4753008 26.9722672 0.140625
      vertex -15.284935 27.1233025 0.140625
    endloop
  endfacet
  facet normal -0.3700318486035085 0.46639036625798846 -0.8034652806940755
    outer loop
      vertex -15.284935 27.1233025 0.140625
      vertex -15.4753008 26.9722672 0.140625
      vertex -15.4680462 27.1664467 0.25
    endloop
  endfacet
  facet normal -0.4081792925391226 0.45955330041369685 -0.7887968237899666
    outer loop
      vertex -15.4753008 26.9722672 0.140625
      vertex -15.5749464 27.071497 0.25
      vertex -15.4680462 27.1664467 0.25
    endloop
  endfacet
  facet normal -0.907645690436175 -0.01550647748771842 -0.4194506523878128
    outer loop
      vertex -16.1973228 25.75 0.5936515300000003
      vertex -16.185318 25.8899689 0.5625
      vertex -16.1018486 25.8889961 0.38191723999999994
    endloop
  endfacet
  facet normal -0.9067820642953122 0.04331825779197349 -0.41936835409243794
    outer loop
      vertex -16.185318 25.8899689 0.5625
      vertex -16.0992031 26.0286751 0.390625
      vertex -16.1018486 25.8889961 0.38191723999999994
    endloop
  endfacet
  facet normal -0.7874025367238201 0.053199485255254815 -0.6141392838188003
    outer loop
      vertex -16.1018486 25.8889961 0.38191723999999994
      vertex -16.0992031 26.0286751 0.390625
      vertex -15.9901209 26.0198078 0.25
    endloop
  endfacet
  facet normal -0.7846182745536614 0.08569266015374835 -0.6140284449699455
    outer loop
      vertex -16.0992031 26.0286751 0.390625
      vertex -16.0829639 26.1773643 0.390625
      vertex -15.9901209 26.0198078 0.25
    endloop
  endfacet
  facet normal -0.7846799463288431 0.08559778717555877 -0.6139628658640616
    outer loop
      vertex -15.9901209 26.0198078 0.25
      vertex -16.0829639 26.1773643 0.390625
      vertex -15.9745216 26.1628075 0.25
    endloop
  endfacet
  facet normal -0.7783170159358046 0.13193657733277173 -0.613852883243614
    outer loop
      vertex -16.0829639 26.1773643 0.390625
      vertex -16.0561619 26.335474 0.390625
      vertex -15.9745216 26.1628075 0.25
    endloop
  endfacet
  facet normal -0.7784052294085958 0.13182354343950375 -0.6137653071202417
    outer loop
      vertex -15.9745216 26.1628075 0.25
      vertex -16.0561619 26.335474 0.390625
      vertex -15.9489288 26.3139305 0.25
    endloop
  endfacet
  facet normal -0.7695794493328921 0.17603213400196518 -0.6138079169929276
    outer loop
      vertex -16.0561619 26.335474 0.390625
      vertex -16.0273323 26.4615116 0.390625
      vertex -15.9489288 26.3139305 0.25
    endloop
  endfacet
  facet normal -0.7695324152415239 0.1760958847419771 -0.6138485980023796
    outer loop
      vertex -15.9489288 26.3139305 0.25
      vertex -16.0273323 26.4615116 0.390625
      vertex -15.9215317 26.4336548 0.25
    endloop
  endfacet
  facet normal -0.7555280833837347 0.2289934664675907 -0.6137909314527683
    outer loop
      vertex -16.0273323 26.4615116 0.390625
      vertex -15.9863329 26.5967827 0.390625
      vertex -15.9215317 26.4336548 0.25
    endloop
  endfacet
  facet normal -0.7555585243244469 0.22895987441474633 -0.613765991423969
    outer loop
      vertex -15.9215317 26.4336548 0.25
      vertex -15.9863329 26.5967827 0.390625
      vertex -15.8828716 26.5612316 0.25
    endloop
  endfacet
  facet normal -0.7336381163983164 0.29204030912144907 -0.6135858310096304
    outer loop
      vertex -15.9863329 26.5967827 0.390625
      vertex -15.927043 26.7457256 0.390625
      vertex -15.8828716 26.5612316 0.25
    endloop
  endfacet
  facet normal -0.7337247181069875 0.29196717220796353 -0.613517080766059
    outer loop
      vertex -15.8828716 26.5612316 0.25
      vertex -15.927043 26.7457256 0.390625
      vertex -15.8274584 26.7004871 0.25
    endloop
  endfacet
  facet normal -0.6974023120179655 0.37095659601249664 -0.6132056906673466
    outer loop
      vertex -15.927043 26.7457256 0.390625
      vertex -15.8375168 26.9140358 0.390625
      vertex -15.8274584 26.7004871 0.25
    endloop
  endfacet
  facet normal -0.6975379927601641 0.3708793445902389 -0.6130980838433896
    outer loop
      vertex -15.8274584 26.7004871 0.25
      vertex -15.8375168 26.9140358 0.390625
      vertex -15.7446585 26.8562145 0.25
    endloop
  endfacet
  facet normal -0.6480448265371188 0.4513031367895629 -0.6134846220748948
    outer loop
      vertex -15.8375168 26.9140358 0.390625
      vertex -15.7555599 27.0317211 0.390625
      vertex -15.7446585 26.8562145 0.25
    endloop
  endfacet
  facet normal -0.6481837593391749 0.451223710433974 -0.6133962644743866
    outer loop
      vertex -15.7446585 26.8562145 0.25
      vertex -15.7555599 27.0317211 0.390625
      vertex -15.6693459 26.9644012 0.25
    endloop
  endfacet
  facet normal -0.5924737877851759 0.5223494521033899 -0.6132910081476612
    outer loop
      vertex -15.7555599 27.0317211 0.390625
      vertex -15.6524477 27.1486759 0.390625
      vertex -15.6693459 26.9644012 0.25
    endloop
  endfacet
  facet normal -0.5925633161097741 0.5223144209119741 -0.6132343451800275
    outer loop
      vertex -15.6693459 26.9644012 0.25
      vertex -15.6524477 27.1486759 0.390625
      vertex -15.5749464 27.071497 0.25
    endloop
  endfacet
  facet normal -0.5246207798748277 0.5905290542872044 -0.6132279130683695
    outer loop
      vertex -15.6524477 27.1486759 0.390625
      vertex -15.5356998 27.2523937 0.390625
      vertex -15.5749464 27.071497 0.25
    endloop
  endfacet
  facet normal -0.524533071611897 0.5905515263547509 -0.6132812988388464
    outer loop
      vertex -15.5749464 27.071497 0.25
      vertex -15.5356998 27.2523937 0.390625
      vertex -15.4680462 27.1664467 0.25
    endloop
  endfacet
  facet normal -0.37303618865426813 0.6964173326862445 -0.6130635372361284
    outer loop
      vertex -15.3596582 27.2424412 0.25
      vertex -15.4177761 27.335104 0.390625
      vertex -15.2486305 27.4257069 0.390625
    endloop
  endfacet
  facet normal -0.014255316672839729 0.06745416259338634 -0.9976205300089719
    outer loop
      vertex -14.6087866 26.7240696 0.0
      vertex -14.746973 26.6948662 0.0
      vertex -14.8948479 26.8947029 0.015625
    endloop
  endfacet
  facet normal -0.02015194930964568 0.06310507937180784 -0.9978034114476154
    outer loop
      vertex -14.746973 26.6948662 0.0
      vertex -14.8426752 26.6643047 0.0
      vertex -14.8948479 26.8947029 0.015625
    endloop
  endfacet
  facet normal -0.028572895426235388 0.061192327274457094 -0.9977169381792098
    outer loop
      vertex -14.8948479 26.8947029 0.015625
      vertex -14.8426752 26.6643047 0.0
      vertex -15.0856743 26.8055992 0.015625
    endloop
  endfacet
  facet normal -0.027407034368868276 0.06318724738517716 -0.9976252935020182
    outer loop
      vertex -14.8426752 26.6643047 0.0
      vertex -14.913003 26.6338005 0.0
      vertex -15.0856743 26.8055992 0.015625
    endloop
  endfacet
  facet normal -0.03223104476896268 0.05835240555625146 -0.9977756042913155
    outer loop
      vertex -15.0856743 26.8055992 0.015625
      vertex -14.913003 26.6338005 0.0
      vertex -14.9583359 26.6087608 0.0
    endloop
  endfacet
  facet normal -0.372874962414794 0.6964053525651714 -0.613175217472743
    outer loop
      vertex -15.3596582 27.2424412 0.25
      vertex -15.2486305 27.4257069 0.390625
      vertex -15.2031918 27.3262177 0.25
    endloop
  endfacet
  facet normal -0.2932196677564295 0.7332413096128542 -0.6134976840364075
    outer loop
      vertex -15.2486305 27.4257069 0.390625
      vertex -15.0986547 27.4856815 0.390625
      vertex -15.2031918 27.3262177 0.25
    endloop
  endfacet
  facet normal -0.2930826545679322 0.7332256865818956 -0.6135818202390958
    outer loop
      vertex -15.2031918 27.3262177 0.25
      vertex -15.0986547 27.4856815 0.390625
      vertex -15.0629883 27.3822594 0.25
    endloop
  endfacet
  facet normal -0.22954379211225523 0.755383928845444 -0.6137627942004524
    outer loop
      vertex -15.0986547 27.4856815 0.390625
      vertex -14.9623117 27.527113 0.390625
      vertex -15.0629883 27.3822594 0.25
    endloop
  endfacet
  facet normal -0.22948200881376882 0.7553745828217708 -0.6137973991942561
    outer loop
      vertex -15.0629883 27.3822594 0.25
      vertex -14.9623117 27.527113 0.390625
      vertex -14.9344082 27.4213219 0.25
    endloop
  endfacet
  facet normal -0.1762576937169307 0.76949001980601 -0.6138553044688424
    outer loop
      vertex -14.9623117 27.527113 0.390625
      vertex -14.8356428 27.5561275 0.390625
      vertex -14.9344082 27.4213219 0.25
    endloop
  endfacet
  facet normal -0.17635976271446904 0.7695091721281931 -0.6138019779260075
    outer loop
      vertex -14.9344082 27.4213219 0.25
      vertex -14.8356428 27.5561275 0.390625
      vertex -14.8140926 27.4488964 0.25
    endloop
  endfacet
  facet normal -0.1321058702114749 0.7783563909856276 -0.6137665416650682
    outer loop
      vertex -14.8356428 27.5561275 0.390625
      vertex -14.6774349 27.5829792 0.390625
      vertex -14.8140926 27.4488964 0.25
    endloop
  endfacet
  facet normal -0.13196115764900346 0.7783070992811655 -0.6138601730691386
    outer loop
      vertex -14.8140926 27.4488964 0.25
      vertex -14.6774349 27.5829792 0.390625
      vertex -14.6628761 27.474535 0.25
    endloop
  endfacet
  facet normal -0.0858097220439641 0.7846490341100886 -0.6139727883814093
    outer loop
      vertex -14.6774349 27.5829792 0.390625
      vertex -14.5288906 27.5992241 0.390625
      vertex -14.6628761 27.474535 0.25
    endloop
  endfacet
  facet normal -0.08571066123788966 0.7846118223266684 -0.6140341772372189
    outer loop
      vertex -14.6628761 27.474535 0.25
      vertex -14.5288906 27.5992241 0.390625
      vertex -14.5200167 27.4901409 0.25
    endloop
  endfacet
  facet normal -0.02388447284695991 0.7891902240679151 -0.6136842202570121
    outer loop
      vertex -14.5288906 27.5992241 0.390625
      vertex -14.3881216 27.4830685 0.23577165000000022
      vertex -14.5200167 27.4901409 0.25
    endloop
  endfacet
  facet normal -0.05068201582517162 0.6238418825858643 -0.7799055319739833
    outer loop
      vertex -14.5200167 27.4901409 0.25
      vertex -14.3881216 27.4830685 0.23577165000000022
      vertex -14.3808527 27.3945541 0.16449713
    endloop
  endfacet
  facet normal 0.027069481753974462 0.6282939215028944 -0.7775049783506764
    outer loop
      vertex -14.3881216 27.4830685 0.23577165000000022
      vertex -14.25 27.359375 0.140625
      vertex -14.3808527 27.3945541 0.16449713
    endloop
  endfacet
  facet normal -0.04407724174133903 0.4435113302130196 -0.8951842808791681
    outer loop
      vertex -14.3808527 27.3945541 0.16449713
      vertex -14.25 27.359375 0.140625
      vertex -14.25 27.2424889 0.08271479000000026
    endloop
  endfacet
  facet normal -0.0127250697274786 0.3450118850195083 -0.938512052024755
    outer loop
      vertex -14.25 27.2424889 0.08271479000000026
      vertex -14.25 27.1875 0.0625
      vertex -14.4946575 27.1784763 0.0625
    endloop
  endfacet
  facet normal -0.009336197839137705 0.253130181946296 -0.9673871750223608
    outer loop
      vertex -14.25 27.1875 0.0625
      vertex -14.25 27.0524254 0.027155870000000082
      vertex -14.4946575 27.1784763 0.0625
    endloop
  endfacet
  facet normal -0.025680243717768687 0.2233722618349502 -0.974394867456379
    outer loop
      vertex -14.4946575 27.1784763 0.0625
      vertex -14.25 27.0524254 0.027155870000000082
      vertex -14.4781752 26.975893 0.015625
    endloop
  endfacet
  facet normal -0.006210205238485936 0.16706140324598592 -0.9859269348670712
    outer loop
      vertex -14.25 27.0524254 0.027155870000000082
      vertex -14.25 26.984375 0.015625
      vertex -14.4781752 26.975893 0.015625
    endloop
  endfacet
  facet normal -0.004535825075586703 0.12201872126702679 -0.9925174345830119
    outer loop
      vertex -14.4781752 26.975893 0.015625
      vertex -14.25 26.984375 0.015625
      vertex -14.25 26.9290905 0.00882840000000007
    endloop
  endfacet
  facet normal -0.45351879206208984 0.6466016201064559 -0.613373499690237
    outer loop
      vertex -15.5356998 27.2523937 0.390625
      vertex -15.4177761 27.335104 0.390625
      vertex -15.4680462 27.1664467 0.25
    endloop
  endfacet
  facet normal -0.45337177087473374 0.6466265256245213 -0.613455926479375
    outer loop
      vertex -15.4177761 27.335104 0.390625
      vertex -15.3596582 27.2424412 0.25
      vertex -15.4680462 27.1664467 0.25
    endloop
  endfacet
  facet normal -0.35273126652152026 0.5030868880739544 -0.7889767022328281
    outer loop
      vertex -15.4680462 27.1664467 0.25
      vertex -15.3596582 27.2424412 0.25
      vertex -15.284935 27.1233025 0.140625
    endloop
  endfacet
  facet normal -0.29021050354342925 0.5420158723702474 -0.7886676471948048
    outer loop
      vertex -15.3596582 27.2424412 0.25
      vertex -15.2031918 27.3262177 0.25
      vertex -15.284935 27.1233025 0.140625
    endloop
  endfacet
  facet normal -0.2899959475582376 0.5419838418912387 -0.7887685753937036
    outer loop
      vertex -15.284935 27.1233025 0.140625
      vertex -15.2031918 27.3262177 0.25
      vertex -15.1447706 27.1982994 0.140625
    endloop
  endfacet
  facet normal -0.22803468107412408 0.5704905527130181 -0.7890124926087151
    outer loop
      vertex -15.2031918 27.3262177 0.25
      vertex -15.0629883 27.3822594 0.25
      vertex -15.1447706 27.1982994 0.140625
    endloop
  endfacet
  facet normal -0.22789786381005986 0.5704644508410068 -0.7890708928844608
    outer loop
      vertex -15.1447706 27.1982994 0.140625
      vertex -15.0629883 27.3822594 0.25
      vertex -15.0171318 27.2492905 0.140625
    endloop
  endfacet
  facet normal -0.15890723792608916 0.5939267731613819 -0.7886694350973732
    outer loop
      vertex -15.0629883 27.3822594 0.25
      vertex -14.7863855 27.3110275 0.140625
      vertex -15.0171318 27.2492905 0.140625
    endloop
  endfacet
  facet normal -0.10715492079325191 0.40049891474862076 -0.91001013303972
    outer loop
      vertex -15.0171318 27.2492905 0.140625
      vertex -14.7863855 27.3110275 0.140625
      vertex -14.9610853 27.086771 0.0625
    endloop
  endfacet
  facet normal -0.10703424740097688 0.40042169345751366 -0.9100583153248607
    outer loop
      vertex -14.7863855 27.3110275 0.140625
      vertex -14.7525215 27.1425209 0.0625
      vertex -14.9610853 27.086771 0.0625
    endloop
  endfacet
  facet normal -0.05819401647845872 0.2177073898609598 -0.9742776549044082
    outer loop
      vertex -14.9610853 27.086771 0.0625
      vertex -14.7525215 27.1425209 0.0625
      vertex -14.8948479 26.8947029 0.015625
    endloop
  endfacet
  facet normal -0.05810069020928431 0.2176569750385582 -0.9742944888555356
    outer loop
      vertex -14.7525215 27.1425209 0.0625
      vertex -14.7124996 26.9433784 0.015625
      vertex -14.8948479 26.8947029 0.015625
    endloop
  endfacet
  facet normal -0.016850548172500583 0.06312557268694725 -0.9978633278657109
    outer loop
      vertex -14.8948479 26.8947029 0.015625
      vertex -14.7124996 26.9433784 0.015625
      vertex -14.6087866 26.7240696 0.0
    endloop
  endfacet
  facet normal -0.009256254128296995 0.06670745433930518 -0.997729641383417
    outer loop
      vertex -14.7124996 26.9433784 0.015625
      vertex -14.4781752 26.975893 0.015625
      vertex -14.6087866 26.7240696 0.0
    endloop
  endfacet
  facet normal -0.007233313113538005 0.06566356396304301 -0.9978156019771753
    outer loop
      vertex -14.6087866 26.7240696 0.0
      vertex -14.4781752 26.975893 0.015625
      vertex -14.4177523 26.7451134 0.0
    endloop
  endfacet
  facet normal -0.016765672878314847 0.06317092764354804 -0.9978618872938232
    outer loop
      vertex -14.4781752 26.975893 0.015625
      vertex -14.25 26.9290905 0.00882840000000007
      vertex -14.4177523 26.7451134 0.0
    endloop
  endfacet
  facet normal -0.0014342348488351824 0.0492359093505311 -0.9987861473813223
    outer loop
      vertex -14.4177523 26.7451134 0.0
      vertex -14.25 26.9290905 0.00882840000000007
      vertex -14.25 26.75 0.0
    endloop
  endfacet
  facet normal 0.051886219017068656 0.7749457026374947 -0.6298944183272244
    outer loop
      vertex -14.25 27.4453564 0.20075273000000005
      vertex -14.3881216 27.4830685 0.23577165000000022
      vertex -14.3882389 27.6019821 0.38205886000000033
    endloop
  endfacet
  facet normal -0.053555847908433714 0.7748359200639382 -0.6298897269629652
    outer loop
      vertex -14.3881216 27.4830685 0.23577165000000022
      vertex -14.5288906 27.5992241 0.390625
      vertex -14.3882389 27.6019821 0.38205886000000033
    endloop
  endfacet
  facet normal -0.0430341658811259 0.9093393870471297 -0.41382356111230084
    outer loop
      vertex -14.3882389 27.6019821 0.38205886000000033
      vertex -14.5288906 27.5992241 0.390625
      vertex -14.5352306 27.6771412 0.5625
    endloop
  endfacet
  facet normal -0.09896396487871166 0.9049321872176826 -0.41388871716067127
    outer loop
      vertex -14.5288906 27.5992241 0.390625
      vertex -14.6774349 27.5829792 0.390625
      vertex -14.5352306 27.6771412 0.5625
    endloop
  endfacet
  facet normal -0.09904721347983375 0.9049500929677043 -0.4138296494206567
    outer loop
      vertex -14.5352306 27.6771412 0.5625
      vertex -14.6774349 27.5829792 0.390625
      vertex -14.6878357 27.6604385 0.5625
    endloop
  endfacet
  facet normal -0.15233849945447137 0.8975652970888862 -0.41372638185846866
    outer loop
      vertex -14.6774349 27.5829792 0.390625
      vertex -14.8356428 27.5561275 0.390625
      vertex -14.6878357 27.6604385 0.5625
    endloop
  endfacet
  facet normal -0.1524446587542575 0.8975840924862634 -0.4136464951294876
    outer loop
      vertex -14.6878357 27.6604385 0.5625
      vertex -14.8356428 27.5561275 0.390625
      vertex -14.8510351 27.6327209 0.5625
    endloop
  endfacet
  facet normal -0.2032750525694719 0.8874399802312043 -0.41367805657312573
    outer loop
      vertex -14.8356428 27.5561275 0.390625
      vertex -14.9623117 27.527113 0.390625
      vertex -14.8510351 27.6327209 0.5625
    endloop
  endfacet
  facet normal -0.2031948255623714 0.8874354400191489 -0.4137272080280644
    outer loop
      vertex -14.8510351 27.6327209 0.5625
      vertex -14.9623117 27.527113 0.390625
      vertex -14.9822435 27.6026783 0.5625
    endloop
  endfacet
  facet normal -0.2647052324051779 0.8710933830978311 -0.41367554660687395
    outer loop
      vertex -14.9623117 27.527113 0.390625
      vertex -15.0986547 27.4856815 0.390625
      vertex -14.9822435 27.6026783 0.5625
    endloop
  endfacet
  facet normal -0.2647471090086678 0.871093944301199 -0.41364756553536275
    outer loop
      vertex -14.9822435 27.6026783 0.5625
      vertex -15.0986547 27.4856815 0.390625
      vertex -15.1241312 27.5595551 0.5625
    endloop
  endfacet
  facet normal -0.3380793189351234 0.8454198330752186 -0.4134823816699238
    outer loop
      vertex -15.0986547 27.4856815 0.390625
      vertex -15.2486305 27.4257069 0.390625
      vertex -15.1241312 27.5595551 0.5625
    endloop
  endfacet
  facet normal -0.3381668817380247 0.8454169350279758 -0.4134166978527647
    outer loop
      vertex -15.1241312 27.5595551 0.5625
      vertex -15.2486305 27.4257069 0.390625
      vertex -15.2810869 27.4967728 0.5625
    endloop
  endfacet
  facet normal -0.43000062062529365 0.8027636309217111 -0.41312228108787985
    outer loop
      vertex -15.2486305 27.4257069 0.390625
      vertex -15.4177761 27.335104 0.390625
      vertex -15.2810869 27.4967728 0.5625
    endloop
  endfacet
  facet normal -0.43012166273961217 0.8027533124814898 -0.4130163126828125
    outer loop
      vertex -15.2810869 27.4967728 0.5625
      vertex -15.4177761 27.335104 0.390625
      vertex -15.4592886 27.4012909 0.5625
    endloop
  endfacet
  facet normal -0.5228701326985293 0.7454788662028805 -0.41336192903639557
    outer loop
      vertex -15.4177761 27.335104 0.390625
      vertex -15.5356998 27.2523937 0.390625
      vertex -15.4592886 27.4012909 0.5625
    endloop
  endfacet
  facet normal -0.5229670073554491 0.7454490924275143 -0.4132930677094413
    outer loop
      vertex -15.4592886 27.4012909 0.5625
      vertex -15.5356998 27.2523937 0.390625
      vertex -15.5840235 27.3137836 0.5625
    endloop
  endfacet
  facet normal -0.604805196309762 0.6807870643057762 -0.41320654349929314
    outer loop
      vertex -15.5356998 27.2523937 0.390625
      vertex -15.6524477 27.1486759 0.390625
      vertex -15.5840235 27.3137836 0.5625
    endloop
  endfacet
  facet normal -0.6048640226997755 0.6807630278203671 -0.41316003436476206
    outer loop
      vertex -15.5840235 27.3137836 0.5625
      vertex -15.6524477 27.1486759 0.390625
      vertex -15.7078056 27.2038021 0.5625
    endloop
  endfacet
  facet normal -0.6830847848095268 0.6022358633269919 -0.4131672079007664
    outer loop
      vertex -15.6524477 27.1486759 0.390625
      vertex -15.7555599 27.0317211 0.390625
      vertex -15.7078056 27.2038021 0.5625
    endloop
  endfacet
  facet normal -0.6830191531737022 0.6022725731078035 -0.4132221969836376
    outer loop
      vertex -15.7078056 27.2038021 0.5625
      vertex -15.7555599 27.0317211 0.390625
      vertex -15.8171434 27.0798054 0.5625
    endloop
  endfacet
  facet normal -0.7472390489963151 0.5203827157230935 -0.4133226739869721
    outer loop
      vertex -15.7555599 27.0317211 0.390625
      vertex -15.8375168 26.9140358 0.390625
      vertex -15.8171434 27.0798054 0.5625
    endloop
  endfacet
  facet normal -0.747161442939629 0.5204416708598127 -0.413388734022854
    outer loop
      vertex -15.8171434 27.0798054 0.5625
      vertex -15.8375168 26.9140358 0.390625
      vertex -15.9038439 26.9553356 0.5625
    endloop
  endfacet
  facet normal -0.8040407735829904 0.42767886381184983 -0.4130486943021021
    outer loop
      vertex -15.8375168 26.9140358 0.390625
      vertex -15.927043 26.7457256 0.390625
      vertex -15.9038439 26.9553356 0.5625
    endloop
  endfacet
  facet normal -0.8039593192939761 0.4277442932430337 -0.4131394831269267
    outer loop
      vertex -15.9038439 26.9553356 0.5625
      vertex -15.927043 26.7457256 0.390625
      vertex -15.9981756 26.7780361 0.5625
    endloop
  endfacet
  facet normal -0.8459753181432427 0.3367585297129414 -0.4134240604488536
    outer loop
      vertex -15.927043 26.7457256 0.390625
      vertex -15.9863329 26.5967827 0.390625
      vertex -15.9981756 26.7780361 0.5625
    endloop
  endfacet
  facet normal -0.8459270651073071 0.33681312922923023 -0.41347831442259636
    outer loop
      vertex -15.9981756 26.7780361 0.5625
      vertex -15.9863329 26.5967827 0.390625
      vertex -16.0602322 26.6221771 0.5625
    endloop
  endfacet
  facet normal -0.8712986998200176 0.26408245303987327 -0.4136411895452264
    outer loop
      vertex -15.9863329 26.5967827 0.390625
      vertex -16.0273323 26.4615116 0.390625
      vertex -16.0602322 26.6221771 0.5625
    endloop
  endfacet
  facet normal -0.8712678394813406 0.2641275241927264 -0.41367741399469427
    outer loop
      vertex -16.0602322 26.6221771 0.5625
      vertex -16.0273323 26.4615116 0.390625
      vertex -16.1029053 26.4814129 0.5625
    endloop
  endfacet
  facet normal -0.8874796444493996 0.20300039954439572 -0.4137278313973848
    outer loop
      vertex -16.0273323 26.4615116 0.390625
      vertex -16.0561619 26.335474 0.390625
      vertex -16.1029053 26.4814129 0.5625
    endloop
  endfacet
  facet normal -0.8875207199556594 0.20292628694152912 -0.41367607341676416
    outer loop
      vertex -16.1029053 26.4814129 0.5625
      vertex -16.0561619 26.335474 0.390625
      vertex -16.1327553 26.3508606 0.5625
    endloop
  endfacet
  facet normal -0.8976353404418794 0.15216284892402643 -0.4136390491686139
    outer loop
      vertex -16.0561619 26.335474 0.390625
      vertex -16.0829639 26.1773643 0.390625
      vertex -16.1327553 26.3508606 0.5625
    endloop
  endfacet
  facet normal -0.8975776119204755 0.15226593046006426 -0.4137263793865062
    outer loop
      vertex -16.1327553 26.3508606 0.5625
      vertex -16.0829639 26.1773643 0.390625
      vertex -16.1604233 26.1877632 0.5625
    endloop
  endfacet
  facet normal -0.9049741397163757 0.0988374142149074 -0.41382722481238027
    outer loop
      vertex -16.0829639 26.1773643 0.390625
      vertex -16.0992031 26.0286751 0.390625
      vertex -16.1604233 26.1877632 0.5625
    endloop
  endfacet
  facet normal -0.9049429034815584 0.09890562260517535 -0.41387923269409094
    outer loop
      vertex -16.1604233 26.1877632 0.5625
      vertex -16.0992031 26.0286751 0.390625
      vertex -16.1771183 26.0350113 0.5625
    endloop
  endfacet
  facet normal -0.9088681273977967 0.051381154643211004 -0.4139066367527259
    outer loop
      vertex -16.0992031 26.0286751 0.390625
      vertex -16.185318 25.8899689 0.5625
      vertex -16.1771183 26.0350113 0.5625
    endloop
  endfacet
  facet normal -0.9728314345159265 0.054997200222823873 -0.2248873228648853
    outer loop
      vertex -16.1771183 26.0350113 0.5625
      vertex -16.185318 25.8899689 0.5625
      vertex -16.2321739 25.8917389 0.765625
    endloop
  endfacet
  facet normal -0.974270851958553 0.015129703788067897 -0.22487196154087508
    outer loop
      vertex -16.185318 25.8899689 0.5625
      vertex -16.234375 25.75 0.765625
      vertex -16.2321739 25.8917389 0.765625
    endloop
  endfacet
  facet normal -0.9928571136975809 0.01541833464885337 -0.11830903066446313
    outer loop
      vertex -16.2321739 25.8917389 0.765625
      vertex -16.234375 25.75 0.765625
      vertex -16.2422619 25.75 0.8318123800000001
    endloop
  endfacet
  facet normal -0.025957777852761203 -0.06173513868820502 -0.9977549631147393
    outer loop
      vertex -14.9033966 -26.6384926 0.0
      vertex -14.8365507 -26.6665993 0.0
      vertex -14.89363 -26.8951283 0.015625
    endloop
  endfacet
  facet normal -0.014209818815077043 -0.06468069317390344 -0.9978048351154578
    outer loop
      vertex -14.7493105 -26.6942501 0.0
      vertex -14.6301422 -26.7204304 0.0
      vertex -14.7123766 -26.9434052 0.015625
    endloop
  endfacet
  facet normal -0.7416208616215387 -0.03813277153242307 -0.6697345663342923
    outer loop
      vertex -16.1019802 -25.8882408 0.38205886000000033
      vertex -16.0922966 -25.75 0.3634648300000003
      vertex -15.9453564 -25.75 0.20075273000000005
    endloop
  endfacet
  facet normal -0.977456855478106 -0.015080302851040247 -0.2105960117019645
    outer loop
      vertex -16.2321835 -25.892046 0.765625
      vertex -16.234375 -25.75 0.765625
      vertex -16.1973228 -25.75 0.5936515300000003
    endloop
  endfacet
  facet normal -0.9928586461739003 -0.01531792322971906 -0.11830921327461452
    outer loop
      vertex -16.234375 -25.75 0.765625
      vertex -16.2321835 -25.892046 0.765625
      vertex -16.2422619 -25.75 0.8318123800000001
    endloop
  endfacet
  facet normal -0.6169281523664 -0.058454054632966115 -0.7848457035078591
    outer loop
      vertex -15.8945522 -25.8808537 0.16449713
      vertex -15.859149 -26.0111961 0.14637613000000016
      vertex -15.9901419 -26.0200157 0.25
    endloop
  endfacet
  facet normal -0.5723307542102434 -0.0512299119795996 -0.8184210431701378
    outer loop
      vertex -15.9830694 -25.8881207 0.23577165000000022
      vertex -15.9453564 -25.75 0.20075273000000005
      vertex -15.859375 -25.75 0.140625
    endloop
  endfacet
  facet normal -0.6162141966517231 -0.06731062308904014 -0.7846969758220282
    outer loop
      vertex -15.9901419 -26.0200157 0.25
      vertex -15.859149 -26.0111961 0.14637613000000016
      vertex -15.9745369 -26.1628761 0.25
    endloop
  endfacet
  facet normal -0.40644049717695446 -0.46109138528471316 -0.7887970947403231
    outer loop
      vertex -15.4644022 -27.1693459 0.25
      vertex -15.571496 -27.0749454 0.25
      vertex -15.4722691 -26.9753017 0.140625
    endloop
  endfacet
  facet normal -0.17809026112756637 -0.5877284508155353 -0.7892142465728088
    outer loop
      vertex -14.9336529 -27.4215298 0.25
      vertex -15.0612316 -27.3828716 0.25
      vertex -15.015522 -27.2498512 0.140625
    endloop
  endfacet
  facet normal -0.03743637024526429 -0.22182783216766883 -0.9743669386112461
    outer loop
      vertex -14.621213 -27.1646862 0.0625
      vertex -14.7523832 -27.1425495 0.0625
      vertex -14.7123766 -26.9434052 0.015625
    endloop
  endfacet
  facet normal -0.0690256754487268 -0.4081693235601807 -0.9102929525341122
    outer loop
      vertex -14.6440887 -27.3350964 0.140625
      vertex -14.7862349 -27.311058 0.140625
      vertex -14.7523832 -27.1425495 0.0625
    endloop
  endfacet
  facet normal -0.036959348077670394 -0.976902454106858 -0.2104652031801734
    outer loop
      vertex -14.3899689 -27.685318 0.5625
      vertex -14.25 -27.6973248 0.5936515300000003
      vertex -14.25 -27.734375 0.765625
    endloop
  endfacet
  facet normal -0.006226097718047857 -0.16706138673603224 -0.9859268374321896
    outer loop
      vertex -14.4780006 -26.9758778 0.015625
      vertex -14.25 -26.984375 0.015625
      vertex -14.25 -27.0524254 0.027155870000000082
    endloop
  endfacet
  facet normal -0.025715049088039336 -0.2233728431128169 -0.974393816282768
    outer loop
      vertex -14.4780006 -26.9758778 0.015625
      vertex -14.25 -27.0524254 0.027155870000000082
      vertex -14.4944706 -27.1784592 0.0625
    endloop
  endfacet
  facet normal -0.009361038985607441 -0.2531301231566415 -0.9673869503460409
    outer loop
      vertex -14.25 -27.0524254 0.027155870000000082
      vertex -14.25 -27.1875 0.0625
      vertex -14.4944706 -27.1784592 0.0625
    endloop
  endfacet
  facet normal -0.012758925221652518 -0.34501173616186065 -0.9385116470975556
    outer loop
      vertex -14.25 -27.1875 0.0625
      vertex -14.25 -27.2424889 0.08271479000000026
      vertex -14.4944706 -27.1784592 0.0625
    endloop
  endfacet
  facet normal -0.042813001261356544 -0.4457499190066574 -0.8941331313784057
    outer loop
      vertex -14.4944706 -27.1784592 0.0625
      vertex -14.25 -27.2424889 0.08271479000000026
      vertex -14.3790245 -27.3958282 0.16533661000000022
    endloop
  endfacet
  facet normal -0.04614225876646079 -0.4434699337137402 -0.8951007260905667
    outer loop
      vertex -14.25 -27.2424889 0.08271479000000026
      vertex -14.25 -27.359375 0.140625
      vertex -14.3790245 -27.3958282 0.16533661000000022
    endloop
  endfacet
  facet normal 0.004957336449940359 -0.5730762360716745 -0.819487066685768
    outer loop
      vertex -14.3790245 -27.3958282 0.16533661000000022
      vertex -14.25 -27.359375 0.140625
      vertex -14.25 -27.4453564 0.20075273000000005
    endloop
  endfacet
  facet normal -0.10253939537627493 -0.6054967964308884 -0.7892143573882822
    outer loop
      vertex -14.8139315 -27.4489288 0.25
      vertex -14.7862349 -27.311058 0.140625
      vertex -14.6628056 -27.4745216 0.25
    endloop
  endfacet
  facet normal -0.1023842143651595 -0.6054282735952354 -0.7892870695636168
    outer loop
      vertex -14.7862349 -27.311058 0.140625
      vertex -14.6440887 -27.3350964 0.140625
      vertex -14.6628056 -27.4745216 0.25
    endloop
  endfacet
  facet normal -0.06657191318119668 -0.6102996561613598 -0.7893684247958751
    outer loop
      vertex -14.6628056 -27.4745216 0.25
      vertex -14.6440887 -27.3350964 0.140625
      vertex -14.5198078 -27.4901199 0.25
    endloop
  endfacet
  facet normal -0.28857310319721374 -0.5427231110643685 -0.7887820921063963
    outer loop
      vertex -15.2004881 -27.3274593 0.25
      vertex -15.3562145 -27.2446575 0.25
      vertex -15.1423273 -27.1994209 0.140625
    endloop
  endfacet
  facet normal -0.2884919150570748 -0.5428941658281755 -0.7886940722843243
    outer loop
      vertex -15.3562145 -27.2446575 0.25
      vertex -15.2818727 -27.125267 0.140625
      vertex -15.1423273 -27.1994209 0.140625
    endloop
  endfacet
  facet normal -0.19448551394123864 -0.3659896355705635 -0.9100697618984702
    outer loop
      vertex -15.1423273 -27.1994209 0.140625
      vertex -15.2818727 -27.125267 0.140625
      vertex -15.0712404 -27.0429306 0.0625
    endloop
  endfacet
  facet normal -0.1943921135337345 -0.3661762696263921 -0.9100146404088164
    outer loop
      vertex -15.2818727 -27.125267 0.140625
      vertex -15.1910124 -26.9793472 0.0625
      vertex -15.0712404 -27.0429306 0.0625
    endloop
  endfacet
  facet normal -0.10566026405574874 -0.19903215535006458 -0.9742803034734804
    outer loop
      vertex -15.0712404 -27.0429306 0.0625
      vertex -15.1910124 -26.9793472 0.0625
      vertex -15.0836296 -26.8068962 0.015625
    endloop
  endfacet
  facet normal -0.4682356566494679 -0.8799451238903675 -0.08032402370155138
    outer loop
      vertex -15.4801159 -27.4436398 0.765625
      vertex -15.2974243 -27.5408535 0.765625
      vertex -15.3916407 -27.5121136 1.0
    endloop
  endfacet
  facet normal -0.0659456288055803 -0.9960962529843268 -0.05868073646453957
    outer loop
      vertex -14.3923101 -27.7473736 1.0
      vertex -14.5863752 -27.7345257 1.0
      vertex -14.5388117 -27.7238674 0.765625
    endloop
  endfacet
  facet normal -0.1141121702183402 -0.9911221769726924 -0.06822934061656537
    outer loop
      vertex -14.5863752 -27.7345257 1.0
      vertex -14.6960115 -27.7219028 1.0
      vertex -14.5388117 -27.7238674 0.765625
    endloop
  endfacet
  facet normal -0.10846243878486345 -0.9920102572993474 -0.06443251342080643
    outer loop
      vertex -14.5388117 -27.7238674 0.765625
      vertex -14.6960115 -27.7219028 1.0
      vertex -14.6940012 -27.7068996 0.765625
    endloop
  endfacet
  facet normal -0.161423579612698 -0.9847801695819741 -0.06442395162609636
    outer loop
      vertex -14.6960115 -27.7219028 1.0
      vertex -14.84935 -27.6967678 1.0
      vertex -14.6940012 -27.7068996 0.765625
    endloop
  endfacet
  facet normal -0.1669251609089377 -0.9836135046607221 -0.06812095202341865
    outer loop
      vertex -14.6940012 -27.7068996 0.765625
      vertex -14.84935 -27.6967678 1.0
      vertex -14.8600931 -27.6787128 0.765625
    endloop
  endfacet
  facet normal -0.23682620363453172 -0.9694532399809246 -0.063826050814249
    outer loop
      vertex -14.84935 -27.6967678 1.0
      vertex -15.0626974 -27.6446495 1.0
      vertex -14.8600931 -27.6787128 0.765625
    endloop
  endfacet
  facet normal -0.2225572265577174 -0.9735905135679882 -0.05089000685161552
    outer loop
      vertex -14.8600931 -27.6787128 0.765625
      vertex -15.0626974 -27.6446495 1.0
      vertex -14.9933519 -27.6482506 0.765625
    endloop
  endfacet
  facet normal -0.3042961510310291 -0.9495852594303843 -0.07544327365796814
    outer loop
      vertex -15.0626974 -27.6446495 1.0
      vertex -15.1424074 -27.6191063 1.0
      vertex -14.9933519 -27.6482506 0.765625
    endloop
  endfacet
  facet normal -0.28952715200108403 -0.9549339036614365 -0.06538553274289173
    outer loop
      vertex -14.9933519 -27.6482506 0.765625
      vertex -15.1424074 -27.6191063 1.0
      vertex -15.137414 -27.6045723 0.765625
    endloop
  endfacet
  facet normal -0.35026247531297433 -0.9343652996919819 -0.06540401454911508
    outer loop
      vertex -15.1424074 -27.6191063 1.0
      vertex -15.2403374 -27.5823956 1.0
      vertex -15.137414 -27.6045723 0.765625
    endloop
  endfacet
  facet normal -0.3689380925950862 -0.9264753083480425 -0.07435177774404138
    outer loop
      vertex -15.137414 -27.6045723 0.765625
      vertex -15.2403374 -27.5823956 1.0
      vertex -15.2974243 -27.5408535 0.765625
    endloop
  endfacet
  facet normal -0.3943853890606677 -0.9165435660562893 -0.0663931955571219
    outer loop
      vertex -15.2403374 -27.5823956 1.0
      vertex -15.303875 -27.5550556 1.0
      vertex -15.2974243 -27.5408535 0.765625
    endloop
  endfacet
  facet normal -0.4385243222342384 -0.8962645919592377 -0.06637921368277122
    outer loop
      vertex -15.2974243 -27.5408535 0.765625
      vertex -15.303875 -27.5550556 1.0
      vertex -15.3916407 -27.5121136 1.0
    endloop
  endfacet
  facet normal -0.3846427200388634 -0.15366446500403844 -0.9101852614254569
    outer loop
      vertex -15.6982985 -26.6447716 0.140625
      vertex -15.7492905 -26.5171318 0.140625
      vertex -15.5419559 -26.5733681 0.0625
    endloop
  endfacet
  facet normal -0.384614863729298 -0.15350895614871438 -0.9102232731482016
    outer loop
      vertex -15.7492905 -26.5171318 0.140625
      vertex -15.586771 -26.4610844 0.0625
      vertex -15.5419559 -26.5733681 0.0625
    endloop
  endfacet
  facet normal -0.20902279345112046 -0.08342597715244156 -0.9743457179841509
    outer loop
      vertex -15.5419559 -26.5733681 0.0625
      vertex -15.586771 -26.4610844 0.0625
      vertex -15.3947029 -26.3948479 0.015625
    endloop
  endfacet
  facet normal -0.1983347702513591 -0.09261056315760899 -0.9757492518577563
    outer loop
      vertex -15.3947029 -26.3948479 0.015625
      vertex -15.3055983 -26.5856743 0.015625
      vertex -15.5419559 -26.5733681 0.0625
    endloop
  endfacet
  facet normal -0.1987517633845587 -0.10623471447715938 -0.9742750751155881
    outer loop
      vertex -15.3055983 -26.5856743 0.015625
      vertex -15.4776869 -26.6936073 0.0625
      vertex -15.5419559 -26.5733681 0.0625
    endloop
  endfacet
  facet normal -0.3655300058867947 -0.19537927687757528 -0.9100630488945233
    outer loop
      vertex -15.5419559 -26.5733681 0.0625
      vertex -15.4776869 -26.6936073 0.0625
      vertex -15.6982985 -26.6447716 0.140625
    endloop
  endfacet
  facet normal -0.3655578853688845 -0.1955984567227229 -0.9100047671151611
    outer loop
      vertex -15.4776869 -26.6936073 0.0625
      vertex -15.6233015 -26.784935 0.140625
      vertex -15.6982985 -26.6447716 0.140625
    endloop
  endfacet
  facet normal -0.5071288972755794 -0.8597962357956098 -0.05975545548110917
    outer loop
      vertex -15.3916407 -27.5121136 1.0
      vertex -15.5230703 -27.4345932 1.0
      vertex -15.4801159 -27.4436398 0.765625
    endloop
  endfacet
  facet normal -0.5922217734297499 -0.8020315924733471 -0.07758025361126833
    outer loop
      vertex -15.5230703 -27.4345932 1.0
      vertex -15.6502609 -27.3406754 1.0
      vertex -15.4801159 -27.4436398 0.765625
    endloop
  endfacet
  facet normal -0.5707669602801082 -0.8193070271834629 -0.05441573541175019
    outer loop
      vertex -15.4801159 -27.4436398 0.765625
      vertex -15.6502609 -27.3406754 1.0
      vertex -15.6086578 -27.3540916 0.765625
    endloop
  endfacet
  facet normal -0.6706989922070645 -0.7377404880887344 -0.0768233954406064
    outer loop
      vertex -15.6502609 -27.3406754 1.0
      vertex -15.75 -27.25 1.0
      vertex -15.6086578 -27.3540916 0.765625
    endloop
  endfacet
  facet normal -0.6599808124075561 -0.7484111610520104 -0.06562058569262882
    outer loop
      vertex -15.6086578 -27.3540916 0.765625
      vertex -15.75 -27.25 1.0
      vertex -15.7368774 -27.2410221 0.765625
    endloop
  endfacet
  facet normal -0.7411578100612377 -0.6679706524078093 -0.06708433578053662
    outer loop
      vertex -15.75 -27.25 1.0
      vertex -15.8484955 -27.1407127 1.0
      vertex -15.7368774 -27.2410221 0.765625
    endloop
  endfacet
  facet normal -0.7456167098470562 -0.6625238841800107 -0.0715389746074294
    outer loop
      vertex -15.7368774 -27.2410221 0.765625
      vertex -15.8484955 -27.1407127 1.0
      vertex -15.8506165 -27.113018 0.765625
    endloop
  endfacet
  facet normal -0.8060147389837835 -0.5886120102008726 -0.062258669984116013
    outer loop
      vertex -15.8484955 -27.1407127 1.0
      vertex -15.9362669 -27.0205231 1.0
      vertex -15.8506165 -27.113018 0.765625
    endloop
  endfacet
  facet normal -0.8164576846839484 -0.5728620408332638 -0.07229060307449457
    outer loop
      vertex -15.8506165 -27.113018 0.765625
      vertex -15.9362669 -27.0205231 1.0
      vertex -15.9410038 -26.9841957 0.765625
    endloop
  endfacet
  facet normal -0.8611505069086075 -0.5046983929473011 -0.06082217200544545
    outer loop
      vertex -15.9362669 -27.0205231 1.0
      vertex -16.0147533 -26.8866043 1.0
      vertex -15.9410038 -26.9841957 0.765625
    endloop
  endfacet
  facet normal -0.8785628513879847 -0.47080905025837955 -0.08041240175381238
    outer loop
      vertex -15.9410038 -26.9841957 0.765625
      vertex -16.0147533 -26.8866043 1.0
      vertex -16.0394115 -26.80056 0.765625
    endloop
  endfacet
  facet normal -0.5672788219643075 -0.17234268392947538 -0.8052904677486085
    outer loop
      vertex -15.8822594 -26.5629883 0.25
      vertex -15.9213228 -26.4344082 0.25
      vertex -15.8110275 -26.2863865 0.140625
    endloop
  endfacet
  facet normal -0.219083024059574 -0.03039875198918081 -0.975232559160333
    outer loop
      vertex -15.4758921 -25.9781742 0.015625
      vertex -15.4433784 -26.2124996 0.015625
      vertex -15.6646967 -26.1212769 0.0625
    endloop
  endfacet
  facet normal -0.22181768364986412 -0.0374778297270828 -0.9743676551995948
    outer loop
      vertex -15.4433784 -26.2124996 0.015625
      vertex -15.6425219 -26.2525215 0.0625
      vertex -15.6646967 -26.1212769 0.0625
    endloop
  endfacet
  facet normal -0.4081823721842454 -0.06896559909292542 -0.9102916550094239
    outer loop
      vertex -15.6646967 -26.1212769 0.0625
      vertex -15.6425219 -26.2525215 0.0625
      vertex -15.8110275 -26.2863865 0.140625
    endloop
  endfacet
  facet normal -0.5985645453298921 -0.13717290724575637 -0.7892427247632801
    outer loop
      vertex -15.9213228 -26.4344082 0.25
      vertex -15.9488955 -26.3140926 0.25
      vertex -15.8110275 -26.2863865 0.140625
    endloop
  endfacet
  facet normal -0.605504758379637 -0.10251447457452349 -0.7892114862838268
    outer loop
      vertex -15.9488955 -26.3140926 0.25
      vertex -15.8351078 -26.1441555 0.140625
      vertex -15.8110275 -26.2863865 0.140625
    endloop
  endfacet
  facet normal -0.4080674019525573 -0.06908750876558614 -0.9103339560821924
    outer loop
      vertex -15.8110275 -26.2863865 0.140625
      vertex -15.8351078 -26.1441555 0.140625
      vertex -15.6646967 -26.1212769 0.0625
    endloop
  endfacet
  facet normal -0.41135287865146125 -0.04476076811022406 -0.9103764511801361
    outer loop
      vertex -15.8351078 -26.1441555 0.140625
      vertex -15.6784744 -25.9946594 0.0625
      vertex -15.6646967 -26.1212769 0.0625
    endloop
  endfacet
  facet normal -0.22348588285818222 -0.024318292876223335 -0.9744037565581759
    outer loop
      vertex -15.6646967 -26.1212769 0.0625
      vertex -15.6784744 -25.9946594 0.0625
      vertex -15.4758921 -25.9781742 0.015625
    endloop
  endfacet
  facet normal -0.6053764974903421 -0.10265216377014795 -0.789291979915945
    outer loop
      vertex -15.9488955 -26.3140926 0.25
      vertex -15.9745369 -26.1628761 0.25
      vertex -15.8351078 -26.1441555 0.140625
    endloop
  endfacet
  facet normal -0.6090857412767275 -0.07598475678716662 -0.7894560636978949
    outer loop
      vertex -15.9745369 -26.1628761 0.25
      vertex -15.859149 -26.0111961 0.14637613000000016
      vertex -15.8351078 -26.1441555 0.140625
    endloop
  endfacet
  facet normal -0.41806066048597 -0.0363300618011547 -0.9076923546904858
    outer loop
      vertex -15.8351078 -26.1441555 0.140625
      vertex -15.859149 -26.0111961 0.14637613000000016
      vertex -15.6784744 -25.9946594 0.0625
    endloop
  endfacet
  facet normal -0.42190975059533453 0.011438498252443753 -0.9065656750121921
    outer loop
      vertex -15.859149 -26.0111961 0.14637613000000016
      vertex -15.8945522 -25.8808537 0.16449713
      vertex -15.6784744 -25.9946594 0.0625
    endloop
  endfacet
  facet normal -0.4446712224243846 -0.042422311669385496 -0.8946886896682158
    outer loop
      vertex -15.6784744 -25.9946594 0.0625
      vertex -15.8945522 -25.8808537 0.16449713
      vertex -15.7424879 -25.75 0.08271479000000026
    endloop
  endfacet
  facet normal -0.9987728008360125 -0.01847378435231578 -0.045952275263483264
    outer loop
      vertex -16.25 -25.75 1.0
      vertex -16.2422619 -25.75 0.8318123800000001
      vertex -16.2473621 -25.8926163 1.0
    endloop
  endfacet
  facet normal -0.9970799255306466 -0.04061020916903301 -0.06467173273577502
    outer loop
      vertex -16.2422619 -25.75 0.8318123800000001
      vertex -16.2321835 -25.892046 0.765625
      vertex -16.2473621 -25.8926163 1.0
    endloop
  endfacet
  facet normal -0.9954956080026368 -0.06935621295706494 -0.0646390761978749
    outer loop
      vertex -16.2473621 -25.8926163 1.0
      vertex -16.2321835 -25.892046 0.765625
      vertex -16.2323437 -26.108181 1.0
    endloop
  endfacet
  facet normal -0.907842443633129 0.007202240495277356 -0.4192495978174302
    outer loop
      vertex -16.0922966 -25.75 0.3634648300000003
      vertex -16.1019802 -25.8882408 0.38205886000000033
      vertex -16.1853256 -25.8902702 0.5625
    endloop
  endfacet
  facet normal -0.9064257182478447 -0.051188275262009246 -0.4192519263814774
    outer loop
      vertex -16.1019802 -25.8882408 0.38205886000000033
      vertex -16.1771393 -26.0352306 0.5625
      vertex -16.1853256 -25.8902702 0.5625
    endloop
  endfacet
  facet normal -0.9728242905779099 -0.054937979544458254 -0.2249326967454021
    outer loop
      vertex -16.1853256 -25.8902702 0.5625
      vertex -16.1771393 -26.0352306 0.5625
      vertex -16.2238903 -26.0390339 0.765625
    endloop
  endfacet
  facet normal -0.9685965562663639 -0.10598922993686057 -0.22491552709035417
    outer loop
      vertex -16.1771393 -26.0352306 0.5625
      vertex -16.1604404 -26.1878357 0.5625
      vertex -16.2238903 -26.0390339 0.765625
    endloop
  endfacet
  facet normal -0.968600103985779 -0.10605198638292963 -0.2248706622549348
    outer loop
      vertex -16.2238903 -26.0390339 0.765625
      vertex -16.1604404 -26.1878357 0.5625
      vertex -16.2069149 -26.1940746 0.765625
    endloop
  endfacet
  facet normal -0.9606437376413004 -0.1631760051363032 -0.22480480572779096
    outer loop
      vertex -16.1604404 -26.1878357 0.5625
      vertex -16.132719 -26.3510361 0.5625
      vertex -16.2069149 -26.1940746 0.765625
    endloop
  endfacet
  facet normal -0.9606441989630623 -0.16322181149937465 -0.22476957812275009
    outer loop
      vertex -16.2069149 -26.1940746 0.765625
      vertex -16.132719 -26.3510361 0.5625
      vertex -16.1786766 -26.3602715 0.765625
    endloop
  endfacet
  facet normal -0.9498266712267933 -0.21748360601799527 -0.22478918065520465
    outer loop
      vertex -16.132719 -26.3510361 0.5625
      vertex -16.1026764 -26.4822426 0.5625
      vertex -16.1786766 -26.3602715 0.765625
    endloop
  endfacet
  facet normal -0.9498298106302284 -0.21744425000343218 -0.22481398750653667
    outer loop
      vertex -16.1786766 -26.3602715 0.765625
      vertex -16.1026764 -26.4822426 0.5625
      vertex -16.148016 -26.4942017 0.765625
    endloop
  endfacet
  facet normal -0.932301309416228 -0.2833504059294112 -0.22478170726379082
    outer loop
      vertex -16.1026764 -26.4822426 0.5625
      vertex -16.0595531 -26.6241302 0.5625
      vertex -16.148016 -26.4942017 0.765625
    endloop
  endfacet
  facet normal -0.9322970952147889 -0.28338150679828406 -0.2247599783297756
    outer loop
      vertex -16.148016 -26.4942017 0.765625
      vertex -16.0595531 -26.6241302 0.5625
      vertex -16.1038761 -26.6394176 0.765625
    endloop
  endfacet
  facet normal -0.9047469407384856 -0.36188713232415265 -0.2246567975436146
    outer loop
      vertex -16.0595531 -26.6241302 0.5625
      vertex -15.9967728 -26.781086 0.5625
      vertex -16.1038761 -26.6394176 0.765625
    endloop
  endfacet
  facet normal -0.9047368133792392 -0.36193762026486115 -0.224616245078999
    outer loop
      vertex -16.1038761 -26.6394176 0.765625
      vertex -15.9967728 -26.781086 0.5625
      vertex -16.0394115 -26.80056 0.765625
    endloop
  endfacet
  facet normal -0.858963659754625 -0.4602303724337269 -0.224431360354238
    outer loop
      vertex -15.9967728 -26.781086 0.5625
      vertex -15.9012918 -26.9592896 0.5625
      vertex -16.0394115 -26.80056 0.765625
    endloop
  endfacet
  facet normal -0.8589451206078068 -0.46029619374248154 -0.22436731894423487
    outer loop
      vertex -16.0394115 -26.80056 0.765625
      vertex -15.9012918 -26.9592896 0.5625
      vertex -15.9410038 -26.9841957 0.765625
    endloop
  endfacet
  facet normal -0.7977197218111753 -0.5596492310722081 -0.22457957074005463
    outer loop
      vertex -15.9012918 -26.9592896 0.5625
      vertex -15.8137827 -27.0840244 0.5625
      vertex -15.9410038 -26.9841957 0.765625
    endloop
  endfacet
  facet normal -0.7976962657474425 -0.5596982174747329 -0.22454080468412116
    outer loop
      vertex -15.9410038 -26.9841957 0.765625
      vertex -15.8137827 -27.0840244 0.5625
      vertex -15.8506165 -27.113018 0.765625
    endloop
  endfacet
  facet normal -0.7284735841304172 -0.6472500486176246 -0.22448521507811228
    outer loop
      vertex -15.8137827 -27.0840244 0.5625
      vertex -15.7038012 -27.2078075 0.5625
      vertex -15.8506165 -27.113018 0.765625
    endloop
  endfacet
  facet normal -0.7284573140229093 -0.647276761333303 -0.22446098967169947
    outer loop
      vertex -15.8506165 -27.113018 0.765625
      vertex -15.7038012 -27.2078075 0.5625
      vertex -15.7368774 -27.2410221 0.765625
    endloop
  endfacet
  facet normal -0.6444988116586273 -0.7309147638151694 -0.22446578761056718
    outer loop
      vertex -15.7038012 -27.2078075 0.5625
      vertex -15.5798063 -27.3171425 0.5625
      vertex -15.7368774 -27.2410221 0.765625
    endloop
  endfacet
  facet normal -0.6445238340240522 -0.7308831133862697 -0.22449699762297284
    outer loop
      vertex -15.7368774 -27.2410221 0.765625
      vertex -15.5798063 -27.3171425 0.5625
      vertex -15.6086578 -27.3540916 0.765625
    endloop
  endfacet
  facet normal -0.5569759361236722 -0.7995938709414862 -0.22456056673416402
    outer loop
      vertex -15.5798063 -27.3171425 0.5625
      vertex -15.4553366 -27.4038448 0.5625
      vertex -15.6086578 -27.3540916 0.765625
    endloop
  endfacet
  facet normal -0.5570104251295697 -0.7995602185857802 -0.22459484222046516
    outer loop
      vertex -15.6086578 -27.3540916 0.765625
      vertex -15.4553366 -27.4038448 0.5625
      vertex -15.4801159 -27.4436398 0.765625
    endloop
  endfacet
  facet normal -0.45771998672536457 -0.8603160269057363 -0.22438526600750924
    outer loop
      vertex -15.4553366 -27.4038448 0.5625
      vertex -15.2780371 -27.4981747 0.5625
      vertex -15.4801159 -27.4436398 0.765625
    endloop
  endfacet
  facet normal -0.4577686131185613 -0.8602746357808628 -0.22444475461817456
    outer loop
      vertex -15.4801159 -27.4436398 0.765625
      vertex -15.2780371 -27.4981747 0.5625
      vertex -15.2974243 -27.5408535 0.765625
    endloop
  endfacet
  facet normal -0.3604670064969128 -0.905322115225417 -0.22462280585668862
    outer loop
      vertex -15.2780371 -27.4981747 0.5625
      vertex -15.1221781 -27.5602322 0.5625
      vertex -15.2974243 -27.5408535 0.765625
    endloop
  endfacet
  facet normal -0.36050503704904724 -0.9052982656567433 -0.22465789205179953
    outer loop
      vertex -15.2974243 -27.5408535 0.765625
      vertex -15.1221781 -27.5602322 0.5625
      vertex -15.137414 -27.6045723 0.765625
    endloop
  endfacet
  facet normal -0.2826884515725445 -0.9325073433088459 -0.22476052594393736
    outer loop
      vertex -15.1221781 -27.5602322 0.5625
      vertex -14.9814119 -27.6029053 0.5625
      vertex -15.137414 -27.6045723 0.765625
    endloop
  endfacet
  facet normal -0.2827225827313953 -0.9324907101629069 -0.22478660252240815
    outer loop
      vertex -15.137414 -27.6045723 0.765625
      vertex -14.9814119 -27.6029053 0.5625
      vertex -14.9933519 -27.6482506 0.765625
    endloop
  endfacet
  facet normal -0.21718775052693237 -0.9498875435633736 -0.22481800551599754
    outer loop
      vertex -14.9814119 -27.6029053 0.5625
      vertex -14.8508606 -27.6327553 0.5625
      vertex -14.9933519 -27.6482506 0.765625
    endloop
  endfacet
  facet normal -0.21714284248100837 -0.9499049516321668 -0.2247878306847567
    outer loop
      vertex -14.9933519 -27.6482506 0.765625
      vertex -14.8508606 -27.6327553 0.5625
      vertex -14.8600931 -27.6787128 0.765625
    endloop
  endfacet
  facet normal -0.1629711005699644 -0.9606877783753259 -0.22476523943727386
    outer loop
      vertex -14.8508606 -27.6327553 0.5625
      vertex -14.6877623 -27.6604233 0.5625
      vertex -14.8600931 -27.6787128 0.765625
    endloop
  endfacet
  facet normal -0.1630308689791895 -0.9606662262975687 -0.22481400626090633
    outer loop
      vertex -14.8600931 -27.6787128 0.765625
      vertex -14.6877623 -27.6604233 0.5625
      vertex -14.6940012 -27.7068996 0.765625
    endloop
  endfacet
  facet normal -0.10586501340505086 -0.9686188995297793 -0.22487780328540166
    outer loop
      vertex -14.6877623 -27.6604233 0.5625
      vertex -14.5350103 -27.6771183 0.5625
      vertex -14.6940012 -27.7068996 0.765625
    endloop
  endfacet
  facet normal -0.1059037296954504 -0.9686080021907608 -0.2249065097515322
    outer loop
      vertex -14.6940012 -27.7068996 0.765625
      vertex -14.5350103 -27.6771183 0.5625
      vertex -14.5388117 -27.7238674 0.765625
    endloop
  endfacet
  facet normal -0.054944079225511054 -0.9728260488915873 -0.22492360204310222
    outer loop
      vertex -14.5350103 -27.6771183 0.5625
      vertex -14.3917389 -27.7321739 0.765625
      vertex -14.5388117 -27.7238674 0.765625
    endloop
  endfacet
  facet normal -0.05627063567994171 -0.9963137238583235 -0.06475012904802077
    outer loop
      vertex -14.5388117 -27.7238674 0.765625
      vertex -14.3917389 -27.7321739 0.765625
      vertex -14.3923101 -27.7473736 1.0
    endloop
  endfacet
  facet normal -0.040736514185982245 -0.9970689630090583 -0.06476124933952833
    outer loop
      vertex -14.3917389 -27.7321739 0.765625
      vertex -14.25 -27.7422638 0.8318123800000001
      vertex -14.3923101 -27.7473736 1.0
    endloop
  endfacet
  facet normal -0.01843284648672988 -0.9987740735648407 -0.04594105076171723
    outer loop
      vertex -14.3923101 -27.7473736 1.0
      vertex -14.25 -27.7422638 0.8318123800000001
      vertex -14.25 -27.75 1.0
    endloop
  endfacet
  facet normal -0.896555749069291 -0.437918823206503 -0.06644466187914608
    outer loop
      vertex -16.0147533 -26.8866043 1.0
      vertex -16.0536137 -26.807045 1.0
      vertex -16.0394115 -26.80056 0.765625
    endloop
  endfacet
  facet normal -0.916789771925015 -0.39380311927418227 -0.06645011168992179
    outer loop
      vertex -16.0536137 -26.807045 1.0
      vertex -16.0845699 -26.7349777 1.0
      vertex -16.0394115 -26.80056 0.765625
    endloop
  endfacet
  facet normal -0.9258639560723525 -0.3703894790112526 -0.074750041363371
    outer loop
      vertex -16.0394115 -26.80056 0.765625
      vertex -16.0845699 -26.7349777 1.0
      vertex -16.1038761 -26.6394176 0.765625
    endloop
  endfacet
  facet normal -0.9429588344279899 -0.32814540501559664 -0.056117998372685635
    outer loop
      vertex -16.0845699 -26.7349777 1.0
      vertex -16.1453819 -26.5602283 1.0
      vertex -16.1038761 -26.6394176 0.765625
    endloop
  endfacet
  facet normal -0.9543627133603724 -0.2900885834915676 -0.0709959511189452
    outer loop
      vertex -16.1038761 -26.6394176 0.765625
      vertex -16.1453819 -26.5602283 1.0
      vertex -16.148016 -26.4942017 0.765625
    endloop
  endfacet
  facet normal -0.969761973658927 -0.23753666032463605 -0.05601829564491442
    outer loop
      vertex -16.1453819 -26.5602283 1.0
      vertex -16.1956882 -26.3548489 1.0
      vertex -16.148016 -26.4942017 0.765625
    endloop
  endfacet
  facet normal -0.9726925854968161 -0.2226782181082697 -0.06544879906954201
    outer loop
      vertex -16.148016 -26.4942017 0.765625
      vertex -16.1956882 -26.3548489 1.0
      vertex -16.1786766 -26.3602715 0.765625
    endloop
  endfacet
  facet normal -0.9843881666522023 -0.16247436754857217 -0.06769059938283455
    outer loop
      vertex -16.1956882 -26.3548489 1.0
      vertex -16.2218933 -26.1960793 1.0
      vertex -16.1786766 -26.3602715 0.765625
    endloop
  endfacet
  facet normal -0.9838302957874535 -0.16716133117727627 -0.06430426463161323
    outer loop
      vertex -16.1786766 -26.3602715 0.765625
      vertex -16.2218933 -26.1960793 1.0
      vertex -16.2069149 -26.1940746 0.765625
    endloop
  endfacet
  facet normal -0.9909491172494265 -0.11781586964597672 -0.06433714232187114
    outer loop
      vertex -16.2218933 -26.1960793 1.0
      vertex -16.2323437 -26.108181 1.0
      vertex -16.2069149 -26.1940746 0.765625
    endloop
  endfacet
  facet normal -0.9917714088143227 -0.10858901161557147 -0.06780781086871218
    outer loop
      vertex -16.2069149 -26.1940746 0.765625
      vertex -16.2323437 -26.108181 1.0
      vertex -16.2238903 -26.0390339 0.765625
    endloop
  endfacet
  facet normal -0.9970322398787574 -0.05625352679889448 -0.052557143805897995
    outer loop
      vertex -16.2323437 -26.108181 1.0
      vertex -16.2321835 -25.892046 0.765625
      vertex -16.2238903 -26.0390339 0.765625
    endloop
  endfacet
  facet normal -0.9728350357376637 -0.05488829705288862 -0.2248983505673897
    outer loop
      vertex -16.2238903 -26.0390339 0.765625
      vertex -16.2321835 -25.892046 0.765625
      vertex -16.1853256 -25.8902702 0.5625
    endloop
  endfacet
  facet normal -0.9738037538716393 -0.033334942906654945 -0.22493339131154783
    outer loop
      vertex -16.2321835 -25.892046 0.765625
      vertex -16.1973228 -25.75 0.5936515300000003
      vertex -16.1853256 -25.8902702 0.5625
    endloop
  endfacet
  facet normal -0.9096821597070125 0.014372281066177543 -0.4150563887566848
    outer loop
      vertex -16.1853256 -25.8902702 0.5625
      vertex -16.1973228 -25.75 0.5936515300000003
      vertex -16.0922966 -25.75 0.3634648300000003
    endloop
  endfacet
  facet normal -0.004547432873816473 -0.12201871483427316 -0.9925173822580894
    outer loop
      vertex -14.25 -26.984375 0.015625
      vertex -14.4780006 -26.9758778 0.015625
      vertex -14.25 -26.9290905 0.00882840000000007
    endloop
  endfacet
  facet normal -0.0162337092735752 -0.06582272140052818 -0.9976992713391393
    outer loop
      vertex -14.4780006 -26.9758778 0.015625
      vertex -14.4688196 -26.7413082 0.0
      vertex -14.25 -26.9290905 0.00882840000000007
    endloop
  endfacet
  facet normal -0.0019557128275156663 -0.049235865831219056 -0.9987852645604992
    outer loop
      vertex -14.25 -26.9290905 0.00882840000000007
      vertex -14.4688196 -26.7413082 0.0
      vertex -14.25 -26.75 0.0
    endloop
  endfacet
  facet normal -0.06887230916723354 -0.40810032967556525 -0.9103355018610819
    outer loop
      vertex -14.7523832 -27.1425495 0.0625
      vertex -14.621213 -27.1646862 0.0625
      vertex -14.6440887 -27.3350964 0.140625
    endloop
  endfacet
  facet normal -0.03491101502120822 -0.41261398303284164 -0.9102367395551352
    outer loop
      vertex -14.621213 -27.1646862 0.0625
      vertex -14.5110989 -27.3593655 0.14652562000000025
      vertex -14.6440887 -27.3350964 0.140625
    endloop
  endfacet
  facet normal -0.07752444489205607 -0.6155094459368561 -0.7843073902537722
    outer loop
      vertex -14.6440887 -27.3350964 0.140625
      vertex -14.5110989 -27.3593655 0.14652562000000025
      vertex -14.5198078 -27.4901199 0.25
    endloop
  endfacet
  facet normal -0.05073106385964233 -0.6176782539590112 -0.7847929241180862
    outer loop
      vertex -14.5110989 -27.3593655 0.14652562000000025
      vertex -14.38731 -27.4838543 0.23650360000000026
      vertex -14.5198078 -27.4901199 0.25
    endloop
  endfacet
  facet normal -0.027477932344487546 -0.7760729836010262 -0.6300441947662665
    outer loop
      vertex -14.5198078 -27.4901199 0.25
      vertex -14.38731 -27.4838543 0.23650360000000026
      vertex -14.3889952 -27.6018467 0.38191723999999994
    endloop
  endfacet
  facet normal -0.03032071319195685 -0.7759930376784415 -0.6300122695837883
    outer loop
      vertex -14.38731 -27.4838543 0.23650360000000026
      vertex -14.25 -27.5922966 0.3634648300000003
      vertex -14.3889952 -27.6018467 0.38191723999999994
    endloop
  endfacet
  facet normal 0.0074009303469371865 -0.909748225969374 -0.4150944369364356
    outer loop
      vertex -14.3889952 -27.6018467 0.38191723999999994
      vertex -14.25 -27.5922966 0.3634648300000003
      vertex -14.25 -27.6973248 0.5936515300000003
    endloop
  endfacet
  facet normal -0.008636130062976163 -0.06673131056421908 -0.997733606454106
    outer loop
      vertex -14.6301422 -26.7204304 0.0
      vertex -14.4688196 -26.7413082 0.0
      vertex -14.7123766 -26.9434052 0.015625
    endloop
  endfacet
  facet normal -0.009158708547598551 -0.06610439184272503 -0.9977706787818751
    outer loop
      vertex -14.4688196 -26.7413082 0.0
      vertex -14.4780006 -26.9758778 0.015625
      vertex -14.7123766 -26.9434052 0.015625
    endloop
  endfacet
  facet normal -0.030355248865790507 -0.21909369154822514 -0.9752315177382583
    outer loop
      vertex -14.7123766 -26.9434052 0.015625
      vertex -14.4780006 -26.9758778 0.015625
      vertex -14.621213 -27.1646862 0.0625
    endloop
  endfacet
  facet normal -0.02428661590971908 -0.22349117754126624 -0.9744033322238138
    outer loop
      vertex -14.4780006 -26.9758778 0.015625
      vertex -14.4944706 -27.1784592 0.0625
      vertex -14.621213 -27.1646862 0.0625
    endloop
  endfacet
  facet normal -0.04535672631708121 -0.41738331152035213 -0.9075978947981875
    outer loop
      vertex -14.621213 -27.1646862 0.0625
      vertex -14.4944706 -27.1784592 0.0625
      vertex -14.5110989 -27.3593655 0.14652562000000025
    endloop
  endfacet
  facet normal 0.012550716410323536 -0.42216459098602044 -0.9064323127708951
    outer loop
      vertex -14.4944706 -27.1784592 0.0625
      vertex -14.3790245 -27.3958282 0.16533661000000022
      vertex -14.5110989 -27.3593655 0.14652562000000025
    endloop
  endfacet
  facet normal -0.06132905383807748 -0.6240251686525763 -0.7789937971790595
    outer loop
      vertex -14.5110989 -27.3593655 0.14652562000000025
      vertex -14.3790245 -27.3958282 0.16533661000000022
      vertex -14.38731 -27.4838543 0.23650360000000026
    endloop
  endfacet
  facet normal -0.02694357199133925 -0.626942754800217 -0.7785992718541819
    outer loop
      vertex -14.3790245 -27.3958282 0.16533661000000022
      vertex -14.25 -27.4453564 0.20075273000000005
      vertex -14.38731 -27.4838543 0.23650360000000026
    endloop
  endfacet
  facet normal 0.03355916341720659 -0.7417426140177018 -0.6698445171089511
    outer loop
      vertex -14.38731 -27.4838543 0.23650360000000026
      vertex -14.25 -27.4453564 0.20075273000000005
      vertex -14.25 -27.5922966 0.3634648300000003
    endloop
  endfacet
  facet normal -0.02003665266281665 -0.0632170347922903 -0.9977986465525698
    outer loop
      vertex -14.8365507 -26.6665993 0.0
      vertex -14.7493105 -26.6942501 0.0
      vertex -14.89363 -26.8951283 0.015625
    endloop
  endfacet
  facet normal -0.017350391617520527 -0.06514124709761822 -0.9977252035692422
    outer loop
      vertex -14.7493105 -26.6942501 0.0
      vertex -14.7123766 -26.9434052 0.015625
      vertex -14.89363 -26.8951283 0.015625
    endloop
  endfacet
  facet normal -0.057999566768628795 -0.21775670507718353 -0.9742782290745186
    outer loop
      vertex -14.89363 -26.8951283 0.015625
      vertex -14.7123766 -26.9434052 0.015625
      vertex -14.9596548 -27.0872688 0.0625
    endloop
  endfacet
  facet normal -0.0580537373898936 -0.21766893390971534 -0.9742946160097945
    outer loop
      vertex -14.7123766 -26.9434052 0.015625
      vertex -14.7523832 -27.1425495 0.0625
      vertex -14.9596548 -27.0872688 0.0625
    endloop
  endfacet
  facet normal -0.10683571843557195 -0.40057398508502967 -0.9100146217173951
    outer loop
      vertex -14.9596548 -27.0872688 0.0625
      vertex -14.7523832 -27.1425495 0.0625
      vertex -15.015522 -27.2498512 0.140625
    endloop
  endfacet
  facet normal -0.10689855560317153 -0.4004532144866207 -0.9100603945987806
    outer loop
      vertex -14.7523832 -27.1425495 0.0625
      vertex -14.7862349 -27.311058 0.140625
      vertex -15.015522 -27.2498512 0.140625
    endloop
  endfacet
  facet normal -0.15548223708499256 -0.5824527869898446 -0.7978558923006139
    outer loop
      vertex -15.015522 -27.2498512 0.140625
      vertex -14.7862349 -27.311058 0.140625
      vertex -14.9336529 -27.4215298 0.25
    endloop
  endfacet
  facet normal -0.13699357585899977 -0.5986007771394586 -0.7892463935814981
    outer loop
      vertex -14.7862349 -27.311058 0.140625
      vertex -14.8139315 -27.4489288 0.25
      vertex -14.9336529 -27.4215298 0.25
    endloop
  endfacet
  facet normal -0.033577418169749886 -0.05664563023746467 -0.9978295593757754
    outer loop
      vertex -14.9940882 -26.584734 0.0
      vertex -14.9033966 -26.6384926 0.0
      vertex -15.0836296 -26.8068962 0.015625
    endloop
  endfacet
  facet normal -0.028715008045946976 -0.061835092247909444 -0.9976732279056172
    outer loop
      vertex -14.9033966 -26.6384926 0.0
      vertex -14.89363 -26.8951283 0.015625
      vertex -15.0836296 -26.8068962 0.015625
    endloop
  endfacet
  facet normal -0.09223286714577483 -0.1986148789901925 -0.9757280502587701
    outer loop
      vertex -15.0836296 -26.8068962 0.015625
      vertex -14.89363 -26.8951283 0.015625
      vertex -15.0712404 -27.0429306 0.0625
    endloop
  endfacet
  facet normal -0.08310386951057358 -0.20914685624718063 -0.9743466217903619
    outer loop
      vertex -14.89363 -26.8951283 0.015625
      vertex -14.9596548 -27.0872688 0.0625
      vertex -15.0712404 -27.0429306 0.0625
    endloop
  endfacet
  facet normal -0.15294634930791343 -0.3849188770706191 -0.9101894705543869
    outer loop
      vertex -15.0712404 -27.0429306 0.0625
      vertex -14.9596548 -27.0872688 0.0625
      vertex -15.1423273 -27.1994209 0.140625
    endloop
  endfacet
  facet normal -0.15303446609702312 -0.3848000385437575 -0.9102249076591575
    outer loop
      vertex -14.9596548 -27.0872688 0.0625
      vertex -15.015522 -27.2498512 0.140625
      vertex -15.1423273 -27.1994209 0.140625
    endloop
  endfacet
  facet normal -0.2270375260410071 -0.5708782537658574 -0.7890196329283728
    outer loop
      vertex -15.1423273 -27.1994209 0.140625
      vertex -15.015522 -27.2498512 0.140625
      vertex -15.2004881 -27.3274593 0.25
    endloop
  endfacet
  facet normal -0.22711735699083438 -0.5707680104199594 -0.7890764122914453
    outer loop
      vertex -15.015522 -27.2498512 0.140625
      vertex -15.0612316 -27.3828716 0.25
      vertex -15.2004881 -27.3274593 0.25
    endloop
  endfacet
  facet normal -0.044244877890231876 -0.04919060951187071 -0.9978089369795848
    outer loop
      vertex -15.0565386 -26.5285625 0.0
      vertex -14.9940882 -26.584734 0.0
      vertex -15.2076597 -26.7095814 0.015625
    endloop
  endfacet
  facet normal -0.04182827154917611 -0.0533111582521006 -0.9977015165394046
    outer loop
      vertex -14.9940882 -26.584734 0.0
      vertex -15.0836296 -26.8068962 0.015625
      vertex -15.2076597 -26.7095814 0.015625
    endloop
  endfacet
  facet normal -0.13972423725324665 -0.17808196819953473 -0.9740451478890382
    outer loop
      vertex -15.2076597 -26.7095814 0.015625
      vertex -15.0836296 -26.8068962 0.015625
      vertex -15.3509893 -26.8535137 0.0625
    endloop
  endfacet
  facet normal -0.13979560740356026 -0.177727456567916 -0.9740996557501543
    outer loop
      vertex -15.0836296 -26.8068962 0.015625
      vertex -15.1910124 -26.9793472 0.0625
      vertex -15.3509893 -26.8535137 0.0625
    endloop
  endfacet
  facet normal -0.2572808073977342 -0.32709084621334555 -0.9092954219989273
    outer loop
      vertex -15.3509893 -26.8535137 0.0625
      vertex -15.1910124 -26.9793472 0.0625
      vertex -15.4722691 -26.9753017 0.140625
    endloop
  endfacet
  facet normal -0.2573129429428257 -0.32668529326263557 -0.9094321132223162
    outer loop
      vertex -15.1910124 -26.9793472 0.0625
      vertex -15.2818727 -27.125267 0.140625
      vertex -15.4722691 -26.9753017 0.140625
    endloop
  endfacet
  facet normal -0.36844291067494883 -0.4677762375564974 -0.8033898263924301
    outer loop
      vertex -15.4722691 -26.9753017 0.140625
      vertex -15.2818727 -27.125267 0.140625
      vertex -15.4644022 -27.1693459 0.25
    endloop
  endfacet
  facet normal -0.35101503617065855 -0.504245155178231 -0.7890027045970078
    outer loop
      vertex -15.2818727 -27.125267 0.140625
      vertex -15.3562145 -27.2446575 0.25
      vertex -15.4644022 -27.1693459 0.25
    endloop
  endfacet
  facet normal -0.05347734834768812 -0.03976781245612172 -0.9977768760129464
    outer loop
      vertex -15.1087618 -26.4583359 0.0
      vertex -15.0565386 -26.5285625 0.0
      vertex -15.3055983 -26.5856743 0.015625
    endloop
  endfacet
  facet normal -0.052988489393573646 -0.041883140411819765 -0.9977164038648613
    outer loop
      vertex -15.0565386 -26.5285625 0.0
      vertex -15.2076597 -26.7095814 0.015625
      vertex -15.3055983 -26.5856743 0.015625
    endloop
  endfacet
  facet normal -0.17739235860285105 -0.1402143965298275 -0.9741005462040835
    outer loop
      vertex -15.3055983 -26.5856743 0.015625
      vertex -15.2076597 -26.7095814 0.015625
      vertex -15.4776869 -26.6936073 0.0625
    endloop
  endfacet
  facet normal -0.1774038360529191 -0.14056122993637676 -0.9740484688107065
    outer loop
      vertex -15.2076597 -26.7095814 0.015625
      vertex -15.3509893 -26.8535137 0.0625
      vertex -15.4776869 -26.6936073 0.0625
    endloop
  endfacet
  facet normal -0.3259496081552251 -0.2582575373731589 -0.9094283354577242
    outer loop
      vertex -15.4776869 -26.6936073 0.0625
      vertex -15.3509893 -26.8535137 0.0625
      vertex -15.6233015 -26.784935 0.140625
    endloop
  endfacet
  facet normal -0.32600998753808663 -0.25864854957220845 -0.9092955602165939
    outer loop
      vertex -15.3509893 -26.8535137 0.0625
      vertex -15.4722691 -26.9753017 0.140625
      vertex -15.6233015 -26.784935 0.140625
    endloop
  endfacet
  facet normal -0.46639744919688036 -0.37002861375484014 -0.8034626589862872
    outer loop
      vertex -15.6233015 -26.784935 0.140625
      vertex -15.4722691 -26.9753017 0.140625
      vertex -15.6664457 -26.9680462 0.25
    endloop
  endfacet
  facet normal -0.459558310418645 -0.40818756086815644 -0.7887896262487644
    outer loop
      vertex -15.4722691 -26.9753017 0.140625
      vertex -15.571496 -27.0749454 0.25
      vertex -15.6664457 -26.9680462 0.25
    endloop
  endfacet
  facet normal 0.015495570118989355 -0.9076422144704827 -0.4194585769987375
    outer loop
      vertex -14.25 -27.6973248 0.5936515300000003
      vertex -14.3899689 -27.685318 0.5625
      vertex -14.3889952 -27.6018467 0.38191723999999994
    endloop
  endfacet
  facet normal -0.04330581627955336 -0.9067788619011173 -0.4193765633481153
    outer loop
      vertex -14.3899689 -27.685318 0.5625
      vertex -14.528676 -27.5992031 0.390625
      vertex -14.3889952 -27.6018467 0.38191723999999994
    endloop
  endfacet
  facet normal -0.05318827596948853 -0.7874004656000375 -0.6141429101375653
    outer loop
      vertex -14.3889952 -27.6018467 0.38191723999999994
      vertex -14.528676 -27.5992031 0.390625
      vertex -14.5198078 -27.4901199 0.25
    endloop
  endfacet
  facet normal -0.08569285087541127 -0.7846152716154444 -0.6140322555506891
    outer loop
      vertex -14.528676 -27.5992031 0.390625
      vertex -14.6773643 -27.5829639 0.390625
      vertex -14.5198078 -27.4901199 0.25
    endloop
  endfacet
  facet normal -0.08559343190959913 -0.784679898291607 -0.6139635344472911
    outer loop
      vertex -14.5198078 -27.4901199 0.25
      vertex -14.6773643 -27.5829639 0.390625
      vertex -14.6628056 -27.4745216 0.25
    endloop
  endfacet
  facet normal -0.13194554470955877 -0.7783147411520002 -0.6138538400440229
    outer loop
      vertex -14.6773643 -27.5829639 0.390625
      vertex -14.835474 -27.55616 0.390625
      vertex -14.6628056 -27.4745216 0.25
    endloop
  endfacet
  facet normal -0.13182201590330406 -0.778411146619459 -0.6137581306522695
    outer loop
      vertex -14.6628056 -27.4745216 0.25
      vertex -14.835474 -27.55616 0.390625
      vertex -14.8139315 -27.4489288 0.25
    endloop
  endfacet
  facet normal -0.17602101265210623 -0.7695876537238864 -0.6138008197621526
    outer loop
      vertex -14.835474 -27.55616 0.390625
      vertex -14.9615126 -27.5273323 0.390625
      vertex -14.8139315 -27.4489288 0.25
    endloop
  endfacet
  facet normal -0.17610998236643355 -0.7695220133173707 -0.6138575935270938
    outer loop
      vertex -14.8139315 -27.4489288 0.25
      vertex -14.9615126 -27.5273323 0.390625
      vertex -14.9336529 -27.4215298 0.25
    endloop
  endfacet
  facet normal -0.22899666046556627 -0.7555196353654201 -0.6138001385409757
    outer loop
      vertex -14.9615126 -27.5273323 0.390625
      vertex -15.0967836 -27.4863319 0.390625
      vertex -14.9336529 -27.4215298 0.25
    endloop
  endfacet
  facet normal -0.2289470507399509 -0.7555645917874894 -0.613763305839053
    outer loop
      vertex -14.9336529 -27.4215298 0.25
      vertex -15.0967836 -27.4863319 0.390625
      vertex -15.0612316 -27.3828716 0.25
    endloop
  endfacet
  facet normal -0.29203430663805785 -0.7336421147498071 -0.6135839072301846
    outer loop
      vertex -15.0967836 -27.4863319 0.390625
      vertex -15.2457256 -27.4270439 0.390625
      vertex -15.0612316 -27.3828716 0.25
    endloop
  endfacet
  facet normal -0.291961682498596 -0.7337281079988642 -0.6135156391527407
    outer loop
      vertex -15.0612316 -27.3828716 0.25
      vertex -15.2457256 -27.4270439 0.390625
      vertex -15.2004881 -27.3274593 0.25
    endloop
  endfacet
  facet normal -0.3709680919076461 -0.6973979690882343 -0.6132036753787491
    outer loop
      vertex -15.2457256 -27.4270439 0.390625
      vertex -15.4140348 -27.3375149 0.390625
      vertex -15.2004881 -27.3274593 0.25
    endloop
  endfacet
  facet normal -0.37088933495214266 -0.6975362966806291 -0.613093969984888
    outer loop
      vertex -15.2004881 -27.3274593 0.25
      vertex -15.4140348 -27.3375149 0.390625
      vertex -15.3562145 -27.2446575 0.25
    endloop
  endfacet
  facet normal -0.4512977712961123 -0.648052696407709 -0.6134802558370234
    outer loop
      vertex -15.4140348 -27.3375149 0.390625
      vertex -15.5317202 -27.2555599 0.390625
      vertex -15.3562145 -27.2446575 0.25
    endloop
  endfacet
  facet normal -0.4512186511554923 -0.6481910896278357 -0.6133922400686997
    outer loop
      vertex -15.3562145 -27.2446575 0.25
      vertex -15.5317202 -27.2555599 0.390625
      vertex -15.4644022 -27.1693459 0.25
    endloop
  endfacet
  facet normal -0.522357182472526 -0.5924717441360878 -0.6132863982836292
    outer loop
      vertex -15.5317202 -27.2555599 0.390625
      vertex -15.648674 -27.1524467 0.390625
      vertex -15.4644022 -27.1693459 0.25
    endloop
  endfacet
  facet normal -0.5223239209760526 -0.5925567505280745 -0.6132325977798403
    outer loop
      vertex -15.4644022 -27.1693459 0.25
      vertex -15.648674 -27.1524467 0.390625
      vertex -15.571496 -27.0749454 0.25
    endloop
  endfacet
  facet normal -0.5905281339257533 -0.524624455886067 -0.6132256544930388
    outer loop
      vertex -15.648674 -27.1524467 0.390625
      vertex -15.7523918 -27.0356998 0.390625
      vertex -15.571496 -27.0749454 0.25
    endloop
  endfacet
  facet normal -0.590550520291465 -0.5245370848099755 -0.6132788351496671
    outer loop
      vertex -15.571496 -27.0749454 0.25
      vertex -15.7523918 -27.0356998 0.390625
      vertex -15.6664457 -26.9680462 0.25
    endloop
  endfacet
  facet normal -0.696414517258519 -0.37303879781820387 -0.6130651478219367
    outer loop
      vertex -15.7424402 -26.8596573 0.25
      vertex -15.835103 -26.9177761 0.390625
      vertex -15.9257069 -26.7486305 0.390625
    endloop
  endfacet
  facet normal -0.06745442017499953 -0.014255560079968747 -0.997620509114393
    outer loop
      vertex -15.2240715 -26.1087856 0.0
      vertex -15.1948671 -26.2469749 0.0
      vertex -15.3947029 -26.3948479 0.015625
    endloop
  endfacet
  facet normal -0.06310514981894894 -0.02015249547726392 -0.9978033959615324
    outer loop
      vertex -15.1948671 -26.2469749 0.0
      vertex -15.1643057 -26.3426743 0.0
      vertex -15.3947029 -26.3948479 0.015625
    endloop
  endfacet
  facet normal -0.06119240655549943 -0.028573221048896407 -0.9977169239913881
    outer loop
      vertex -15.3947029 -26.3948479 0.015625
      vertex -15.1643057 -26.3426743 0.0
      vertex -15.3055983 -26.5856743 0.015625
    endloop
  endfacet
  facet normal -0.06318832112458077 -0.027406798634548885 -0.9976252319694318
    outer loop
      vertex -15.1643057 -26.3426743 0.0
      vertex -15.1338015 -26.4130039 0.0
      vertex -15.3055983 -26.5856743 0.015625
    endloop
  endfacet
  facet normal -0.05835251385148684 -0.03223174448705223 -0.9977755753547656
    outer loop
      vertex -15.3055983 -26.5856743 0.015625
      vertex -15.1338015 -26.4130039 0.0
      vertex -15.1087618 -26.4583359 0.0
    endloop
  endfacet
  facet normal -0.6964020401849413 -0.3728708828304872 -0.613181460224838
    outer loop
      vertex -15.7424402 -26.8596573 0.25
      vertex -15.9257069 -26.7486305 0.390625
      vertex -15.8262157 -26.7031918 0.25
    endloop
  endfacet
  facet normal -0.7332388381679259 -0.2932125197356131 -0.6135040541613748
    outer loop
      vertex -15.9257069 -26.7486305 0.390625
      vertex -15.9856806 -26.5986538 0.390625
      vertex -15.8262157 -26.7031918 0.25
    endloop
  endfacet
  facet normal -0.733225200465719 -0.2930929197012993 -0.613577497813417
    outer loop
      vertex -15.8262157 -26.7031918 0.25
      vertex -15.9856806 -26.5986538 0.390625
      vertex -15.8822594 -26.5629883 0.25
    endloop
  endfacet
  facet normal -0.7553844695786366 -0.22955214163131327 -0.6137590059558223
    outer loop
      vertex -15.9856806 -26.5986538 0.390625
      vertex -16.027113 -26.4623127 0.390625
      vertex -15.8822594 -26.5629883 0.25
    endloop
  endfacet
  facet normal -0.7553746646891101 -0.2294873209510362 -0.6137953123546404
    outer loop
      vertex -15.8822594 -26.5629883 0.25
      vertex -16.027113 -26.4623127 0.390625
      vertex -15.9213228 -26.4344082 0.25
    endloop
  endfacet
  facet normal -0.7694917539882623 -0.17625809094491068 -0.6138530165442889
    outer loop
      vertex -16.027113 -26.4623127 0.390625
      vertex -16.0561275 -26.3356438 0.390625
      vertex -15.9213228 -26.4344082 0.25
    endloop
  endfacet
  facet normal -0.7695086492537502 -0.17634813052737042 -0.6138059755192764
    outer loop
      vertex -15.9213228 -26.4344082 0.25
      vertex -16.0561275 -26.3356438 0.390625
      vertex -15.9488955 -26.3140926 0.25
    endloop
  endfacet
  facet normal -0.7783534301054058 -0.13210611919297208 -0.6137702429369816
    outer loop
      vertex -16.0561275 -26.3356438 0.390625
      vertex -16.0829792 -26.1774368 0.390625
      vertex -15.9488955 -26.3140926 0.25
    endloop
  endfacet
  facet normal -0.778309078407945 -0.13197590476627302 -0.6138544933686637
    outer loop
      vertex -15.9488955 -26.3140926 0.25
      vertex -16.0829792 -26.1774368 0.390625
      vertex -15.9745369 -26.1628761 0.25
    endloop
  endfacet
  facet normal -0.7846535828740141 -0.08581021949970793 -0.6139669055514185
    outer loop
      vertex -16.0829792 -26.1774368 0.390625
      vertex -16.0992241 -26.0288925 0.390625
      vertex -15.9745369 -26.1628761 0.25
    endloop
  endfacet
  facet normal -0.784614200145755 -0.08570537807029595 -0.6140318762893867
    outer loop
      vertex -15.9745369 -26.1628761 0.25
      vertex -16.0992241 -26.0288925 0.390625
      vertex -15.9901419 -26.0200157 0.25
    endloop
  endfacet
  facet normal -0.7891927598507358 -0.023883409314630896 -0.6136810006499213
    outer loop
      vertex -16.0992241 -26.0288925 0.390625
      vertex -15.9830694 -25.8881207 0.23577165000000022
      vertex -15.9901419 -26.0200157 0.25
    endloop
  endfacet
  facet normal -0.6238304467981104 -0.05068317314176042 -0.7799146040483871
    outer loop
      vertex -15.9901419 -26.0200157 0.25
      vertex -15.9830694 -25.8881207 0.23577165000000022
      vertex -15.8945522 -25.8808537 0.16449713
    endloop
  endfacet
  facet normal -0.6282810450380439 0.027054698352826295 -0.7775158980644326
    outer loop
      vertex -15.9830694 -25.8881207 0.23577165000000022
      vertex -15.859375 -25.75 0.140625
      vertex -15.8945522 -25.8808537 0.16449713
    endloop
  endfacet
  facet normal -0.4435081429512344 -0.044084425072559254 -0.8951855062510615
    outer loop
      vertex -15.8945522 -25.8808537 0.16449713
      vertex -15.859375 -25.75 0.140625
      vertex -15.7424879 -25.75 0.08271479000000026
    endloop
  endfacet
  facet normal -0.34501187988116694 -0.012726239871329688 -0.9385120380472487
    outer loop
      vertex -15.7424879 -25.75 0.08271479000000026
      vertex -15.687499 -25.75 0.0625
      vertex -15.6784744 -25.9946594 0.0625
    endloop
  endfacet
  facet normal -0.2531301799169594 -0.009337056420798084 -0.9673871672668615
    outer loop
      vertex -15.687499 -25.75 0.0625
      vertex -15.5524244 -25.75 0.027155870000000082
      vertex -15.6784744 -25.9946594 0.0625
    endloop
  endfacet
  facet normal -0.22337293905402472 -0.02568049369456237 -0.974394705620864
    outer loop
      vertex -15.6784744 -25.9946594 0.0625
      vertex -15.5524244 -25.75 0.027155870000000082
      vertex -15.4758921 -25.9781742 0.015625
    endloop
  endfacet
  facet normal -0.1670637889218298 -0.006210980097859818 -0.9859265257397766
    outer loop
      vertex -15.5524244 -25.75 0.027155870000000082
      vertex -15.484375 -25.75 0.015625
      vertex -15.4758921 -25.9781742 0.015625
    endloop
  endfacet
  facet normal -0.12201654682869777 -0.004536245399756982 -0.9925176999820574
    outer loop
      vertex -15.4758921 -25.9781742 0.015625
      vertex -15.484375 -25.75 0.015625
      vertex -15.4290895 -25.75 0.00882840000000007
    endloop
  endfacet
  facet normal -0.646600872620043 -0.4535232026764062 -0.6133710265093507
    outer loop
      vertex -15.7523918 -27.0356998 0.390625
      vertex -15.835103 -26.9177761 0.390625
      vertex -15.6664457 -26.9680462 0.25
    endloop
  endfacet
  facet normal -0.6466270954198812 -0.4533684058320148 -0.6134578127811117
    outer loop
      vertex -15.835103 -26.9177761 0.390625
      vertex -15.7424402 -26.8596573 0.25
      vertex -15.6664457 -26.9680462 0.25
    endloop
  endfacet
  facet normal -0.5030893541084381 -0.3527300666469843 -0.7889756662064861
    outer loop
      vertex -15.6664457 -26.9680462 0.25
      vertex -15.7424402 -26.8596573 0.25
      vertex -15.6233015 -26.784935 0.140625
    endloop
  endfacet
  facet normal -0.5420176996562219 -0.29020968710386535 -0.7886666918099522
    outer loop
      vertex -15.7424402 -26.8596573 0.25
      vertex -15.8262157 -26.7031918 0.25
      vertex -15.6233015 -26.784935 0.140625
    endloop
  endfacet
  facet normal -0.5419863588942931 -0.28999974999175615 -0.7887654478850006
    outer loop
      vertex -15.6233015 -26.784935 0.140625
      vertex -15.8262157 -26.7031918 0.25
      vertex -15.6982985 -26.6447716 0.140625
    endloop
  endfacet
  facet normal -0.5704910584725675 -0.22804302127778137 -0.7890097164479983
    outer loop
      vertex -15.8262157 -26.7031918 0.25
      vertex -15.8822594 -26.5629883 0.25
      vertex -15.6982985 -26.6447716 0.140625
    endloop
  endfacet
  facet normal -0.5704637378628973 -0.22789981589681246 -0.7890708445365919
    outer loop
      vertex -15.6982985 -26.6447716 0.140625
      vertex -15.8822594 -26.5629883 0.25
      vertex -15.7492905 -26.5171318 0.140625
    endloop
  endfacet
  facet normal -0.5939265729200928 -0.15890787302002174 -0.7886694579300293
    outer loop
      vertex -15.8822594 -26.5629883 0.25
      vertex -15.8110275 -26.2863865 0.140625
      vertex -15.7492905 -26.5171318 0.140625
    endloop
  endfacet
  facet normal -0.4004983235034573 -0.10715522698894542 -0.9100103571937342
    outer loop
      vertex -15.7492905 -26.5171318 0.140625
      vertex -15.8110275 -26.2863865 0.140625
      vertex -15.586771 -26.4610844 0.0625
    endloop
  endfacet
  facet normal -0.40042258362898675 -0.10703686714003818 -0.910057615534716
    outer loop
      vertex -15.8110275 -26.2863865 0.140625
      vertex -15.6425219 -26.2525215 0.0625
      vertex -15.586771 -26.4610844 0.0625
    endloop
  endfacet
  facet normal -0.21770722232352208 -0.058195266660735614 -0.974277617666783
    outer loop
      vertex -15.586771 -26.4610844 0.0625
      vertex -15.6425219 -26.2525215 0.0625
      vertex -15.3947029 -26.3948479 0.015625
    endloop
  endfacet
  facet normal -0.2176559903651024 -0.0581004273635491 -0.9742947245050438
    outer loop
      vertex -15.6425219 -26.2525215 0.0625
      vertex -15.4433784 -26.2124996 0.015625
      vertex -15.3947029 -26.3948479 0.015625
    endloop
  endfacet
  facet normal -0.06312598827925738 -0.016850659109446192 -0.9978632997015896
    outer loop
      vertex -15.3947029 -26.3948479 0.015625
      vertex -15.4433784 -26.2124996 0.015625
      vertex -15.2240715 -26.1087856 0.0
    endloop
  endfacet
  facet normal -0.06670808561696413 -0.009256046008346645 -0.9977296011072395
    outer loop
      vertex -15.4433784 -26.2124996 0.015625
      vertex -15.4758921 -25.9781742 0.015625
      vertex -15.2240715 -26.1087856 0.0
    endloop
  endfacet
  facet normal -0.06566382882706856 -0.0072324174117448315 -0.9978155910398232
    outer loop
      vertex -15.2240715 -26.1087856 0.0
      vertex -15.4758921 -25.9781742 0.015625
      vertex -15.2451124 -25.9177532 0.0
    endloop
  endfacet
  facet normal -0.06317103147043208 -0.01676569716574551 -0.9978618803128558
    outer loop
      vertex -15.4758921 -25.9781742 0.015625
      vertex -15.4290895 -25.75 0.00882840000000007
      vertex -15.2451124 -25.9177532 0.0
    endloop
  endfacet
  facet normal -0.049236183586797176 -0.001434528646242394 -0.9987861334406732
    outer loop
      vertex -15.2451124 -25.9177532 0.0
      vertex -15.4290895 -25.75 0.00882840000000007
      vertex -15.25 -25.75 0.0
    endloop
  endfacet
  facet normal -0.7749530534974519 0.0518961133874759 -0.6298845594950314
    outer loop
      vertex -15.9453564 -25.75 0.20075273000000005
      vertex -15.9830694 -25.8881207 0.23577165000000022
      vertex -16.1019802 -25.8882408 0.38205886000000033
    endloop
  endfacet
  facet normal -0.7748431318143432 -0.053545037993526334 -0.6298817746104519
    outer loop
      vertex -15.9830694 -25.8881207 0.23577165000000022
      vertex -16.0992241 -26.0288925 0.390625
      vertex -16.1019802 -25.8882408 0.38205886000000033
    endloop
  endfacet
  facet normal -0.9093440354142124 -0.04302143165814075 -0.4138146706856578
    outer loop
      vertex -16.1019802 -25.8882408 0.38205886000000033
      vertex -16.0992241 -26.0288925 0.390625
      vertex -16.1771393 -26.0352306 0.5625
    endloop
  endfacet
  facet normal -0.9049363437051232 -0.09896441943484743 -0.41387952054616894
    outer loop
      vertex -16.0992241 -26.0288925 0.390625
      vertex -16.0829792 -26.1774368 0.390625
      vertex -16.1771393 -26.0352306 0.5625
    endloop
  endfacet
  facet normal -0.9049492867418575 -0.09902459121205477 -0.4138368262500195
    outer loop
      vertex -16.1771393 -26.0352306 0.5625
      vertex -16.0829792 -26.1774368 0.390625
      vertex -16.1604404 -26.1878357 0.5625
    endloop
  endfacet
  facet normal -0.897562099903256 -0.15233882342736826 -0.4137331986848801
    outer loop
      vertex -16.0829792 -26.1774368 0.390625
      vertex -16.0561275 -26.3356438 0.390625
      vertex -16.1604404 -26.1878357 0.5625
    endloop
  endfacet
  facet normal -0.8975843805125722 -0.15246467316218953 -0.4136384934908851
    outer loop
      vertex -16.1604404 -26.1878357 0.5625
      vertex -16.0561275 -26.3356438 0.390625
      vertex -16.132719 -26.3510361 0.5625
    endloop
  endfacet
  facet normal -0.887443581693299 -0.2032758775124714 -0.4136699251008024
    outer loop
      vertex -16.0561275 -26.3356438 0.390625
      vertex -16.027113 -26.4623127 0.390625
      vertex -16.132719 -26.3510361 0.5625
    endloop
  endfacet
  facet normal -0.8874392107047432 -0.2031986314056104 -0.41371725066599413
    outer loop
      vertex -16.132719 -26.3510361 0.5625
      vertex -16.027113 -26.4623127 0.390625
      vertex -16.1026764 -26.4822426 0.5625
    endloop
  endfacet
  facet normal -0.8710953365898663 -0.2647152650501205 -0.4136650130490032
    outer loop
      vertex -16.027113 -26.4623127 0.390625
      vertex -15.9856806 -26.5986538 0.390625
      vertex -16.1026764 -26.4822426 0.5625
    endloop
  endfacet
  facet normal -0.8710957812412988 -0.2647484678238544 -0.41364282743513486
    outer loop
      vertex -16.1026764 -26.4822426 0.5625
      vertex -15.9856806 -26.5986538 0.390625
      vertex -16.0595531 -26.6241302 0.5625
    endloop
  endfacet
  facet normal -0.8454241911309766 -0.3380739595659345 -0.4134778529908765
    outer loop
      vertex -15.9856806 -26.5986538 0.390625
      vertex -15.9257069 -26.7486305 0.390625
      vertex -16.0595531 -26.6241302 0.5625
    endloop
  endfacet
  facet normal -0.8454214205245225 -0.33815768775002036 -0.41341504560654074
    outer loop
      vertex -16.0595531 -26.6241302 0.5625
      vertex -15.9257069 -26.7486305 0.390625
      vertex -15.9967728 -26.781086 0.5625
    endloop
  endfacet
  facet normal -0.8027624421700653 -0.4300047298548232 -0.4131203138840223
    outer loop
      vertex -15.9257069 -26.7486305 0.390625
      vertex -15.835103 -26.9177761 0.390625
      vertex -15.9967728 -26.781086 0.5625
    endloop
  endfacet
  facet normal -0.8027532157019077 -0.4301129707168285 -0.4130255526010357
    outer loop
      vertex -15.9967728 -26.781086 0.5625
      vertex -15.835103 -26.9177761 0.390625
      vertex -15.9012918 -26.9592896 0.5625
    endloop
  endfacet
  facet normal -0.7454727481125174 -0.5228715310296828 -0.4133711937958991
    outer loop
      vertex -15.835103 -26.9177761 0.390625
      vertex -15.7523918 -27.0356998 0.390625
      vertex -15.9012918 -26.9592896 0.5625
    endloop
  endfacet
  facet normal -0.745441587270704 -0.5229729185811028 -0.41329912460359347
    outer loop
      vertex -15.9012918 -26.9592896 0.5625
      vertex -15.7523918 -27.0356998 0.390625
      vertex -15.8137827 -27.0840244 0.5625
    endloop
  endfacet
  facet normal -0.6807825164259301 -0.6048063364608568 -0.4132123675612518
    outer loop
      vertex -15.7523918 -27.0356998 0.390625
      vertex -15.648674 -27.1524467 0.390625
      vertex -15.8137827 -27.0840244 0.5625
    endloop
  endfacet
  facet normal -0.6807614980265895 -0.604857776992272 -0.41317169846997115
    outer loop
      vertex -15.8137827 -27.0840244 0.5625
      vertex -15.648674 -27.1524467 0.390625
      vertex -15.7038012 -27.2078075 0.5625
    endloop
  endfacet
  facet normal -0.6022382504943905 -0.683075027258086 -0.41317986008253194
    outer loop
      vertex -15.648674 -27.1524467 0.390625
      vertex -15.5317202 -27.2555599 0.390625
      vertex -15.7038012 -27.2078075 0.5625
    endloop
  endfacet
  facet normal -0.6022681012495391 -0.6830216580932694 -0.4132245742847294
    outer loop
      vertex -15.7038012 -27.2078075 0.5625
      vertex -15.5317202 -27.2555599 0.390625
      vertex -15.5798063 -27.3171425 0.5625
    endloop
  endfacet
  facet normal -0.5203740180904005 -0.7472445179498343 -0.4133237371484628
    outer loop
      vertex -15.5317202 -27.2555599 0.390625
      vertex -15.4140348 -27.3375149 0.390625
      vertex -15.5798063 -27.3171425 0.5625
    endloop
  endfacet
  facet normal -0.5204453520398029 -0.7471506157828132 -0.4134036681931219
    outer loop
      vertex -15.5798063 -27.3171425 0.5625
      vertex -15.4140348 -27.3375149 0.390625
      vertex -15.4553366 -27.4038448 0.5625
    endloop
  endfacet
  facet normal -0.4276880005758965 -0.8040280269692114 -0.41306404589529366
    outer loop
      vertex -15.4140348 -27.3375149 0.390625
      vertex -15.2457256 -27.4270439 0.390625
      vertex -15.4553366 -27.4038448 0.5625
    endloop
  endfacet
  facet normal -0.42773894378034777 -0.8039646057377915 -0.4131347343113988
    outer loop
      vertex -15.4553366 -27.4038448 0.5625
      vertex -15.2457256 -27.4270439 0.390625
      vertex -15.2780371 -27.4981747 0.5625
    endloop
  endfacet
  facet normal -0.33675195573005123 -0.845980802023114 -0.41341819374613203
    outer loop
      vertex -15.2457256 -27.4270439 0.390625
      vertex -15.0967836 -27.4863319 0.390625
      vertex -15.2780371 -27.4981747 0.5625
    endloop
  endfacet
  facet normal -0.33681664659907007 -0.8459236308630464 -0.4134824752286819
    outer loop
      vertex -15.2780371 -27.4981747 0.5625
      vertex -15.0967836 -27.4863319 0.390625
      vertex -15.1221781 -27.5602322 0.5625
    endloop
  endfacet
  facet normal -0.2640879489038663 -0.8712949370292353 -0.41364560671058714
    outer loop
      vertex -15.0967836 -27.4863319 0.390625
      vertex -14.9615126 -27.5273323 0.390625
      vertex -15.1221781 -27.5602322 0.5625
    endloop
  endfacet
  facet normal -0.26412441656472574 -0.8712699674276063 -0.4136749163691715
    outer loop
      vertex -15.1221781 -27.5602322 0.5625
      vertex -14.9615126 -27.5273323 0.390625
      vertex -14.9814119 -27.6029053 0.5625
    endloop
  endfacet
  facet normal -0.2029863721386677 -0.8874838493337782 -0.41372569402646736
    outer loop
      vertex -14.9615126 -27.5273323 0.390625
      vertex -14.835474 -27.55616 0.390625
      vertex -14.9814119 -27.6029053 0.5625
    endloop
  endfacet
  facet normal -0.2029269420175771 -0.8875167867812164 -0.41368419039762677
    outer loop
      vertex -14.9814119 -27.6029053 0.5625
      vertex -14.835474 -27.55616 0.390625
      vertex -14.8508606 -27.6327553 0.5625
    endloop
  endfacet
  facet normal -0.15217270061959468 -0.8976298241357777 -0.4136473957468026
    outer loop
      vertex -14.835474 -27.55616 0.390625
      vertex -14.6773643 -27.5829639 0.390625
      vertex -14.8508606 -27.6327553 0.5625
    endloop
  endfacet
  facet normal -0.15226516314524544 -0.8975780417164446 -0.41372572934351576
    outer loop
      vertex -14.8508606 -27.6327553 0.5625
      vertex -14.6773643 -27.5829639 0.390625
      vertex -14.6877623 -27.6604233 0.5625
    endloop
  endfacet
  facet normal -0.09883802631495903 -0.9049742664740564 -0.4138268014204818
    outer loop
      vertex -14.6773643 -27.5829639 0.390625
      vertex -14.528676 -27.5992031 0.390625
      vertex -14.6877623 -27.6604233 0.5625
    endloop
  endfacet
  facet normal -0.09890560334358324 -0.9049433196729725 -0.4138783272974103
    outer loop
      vertex -14.6877623 -27.6604233 0.5625
      vertex -14.528676 -27.5992031 0.390625
      vertex -14.5350103 -27.6771183 0.5625
    endloop
  endfacet
  facet normal -0.051381519761594475 -0.9088683196154154 -0.4139061693505425
    outer loop
      vertex -14.528676 -27.5992031 0.390625
      vertex -14.3899689 -27.685318 0.5625
      vertex -14.5350103 -27.6771183 0.5625
    endloop
  endfacet
  facet normal -0.05499757821780767 -0.972831413505568 -0.22488732131210679
    outer loop
      vertex -14.5350103 -27.6771183 0.5625
      vertex -14.3899689 -27.685318 0.5625
      vertex -14.3917389 -27.7321739 0.765625
    endloop
  endfacet
  facet normal -0.015129703788067897 -0.974270851958553 -0.22487196154087508
    outer loop
      vertex -14.3899689 -27.685318 0.5625
      vertex -14.25 -27.734375 0.765625
      vertex -14.3917389 -27.7321739 0.765625
    endloop
  endfacet
  facet normal -0.01541828265276914 -0.9928537654318124 -0.11833713292078314
    outer loop
      vertex -14.3917389 -27.7321739 0.765625
      vertex -14.25 -27.734375 0.765625
      vertex -14.25 -27.7422638 0.8318123800000001
    endloop
  endfacet
  facet normal 0.0 0.9989437934637351 -0.04594885744262411
    outer loop
      vertex -14.25 27.75 1.0
      vertex 14.25 27.75 1.0
      vertex 14.25 27.7422638 0.8318123800000001
    endloop
  endfacet
  facet normal 0.0 0.04923595999047072 -0.9987871746492426
    outer loop
      vertex 14.25 26.9290905 0.00882840000000007
      vertex 14.25 26.75 0.0
      vertex -14.25 26.9290905 0.00882840000000007
    endloop
  endfacet
  facet normal 0.0 0.04923595999047072 -0.9987871746492426
    outer loop
      vertex 14.25 26.75 0.0
      vertex -14.25 26.75 0.0
      vertex -14.25 26.9290905 0.00882840000000007
    endloop
  endfacet
  facet normal 0.0 0.12201997647523409 -0.9925276446230519
    outer loop
      vertex 14.25 26.9290905 0.00882840000000007
      vertex -14.25 26.9290905 0.00882840000000007
      vertex 14.25 26.984375 0.015625
    endloop
  endfacet
  facet normal 0.0 0.12201997647523409 -0.9925276446230519
    outer loop
      vertex -14.25 26.9290905 0.00882840000000007
      vertex -14.25 26.984375 0.015625
      vertex 14.25 26.984375 0.015625
    endloop
  endfacet
  facet normal 0.0 0.16706462483842968 -0.9859459473660789
    outer loop
      vertex 14.25 26.984375 0.015625
      vertex -14.25 26.984375 0.015625
      vertex 14.25 27.0524254 0.027155870000000082
    endloop
  endfacet
  facet normal 0.0 0.16706462483842968 -0.9859459473660789
    outer loop
      vertex -14.25 26.984375 0.015625
      vertex -14.25 27.0524254 0.027155870000000082
      vertex 14.25 27.0524254 0.027155870000000082
    endloop
  endfacet
  facet normal 0.0 0.2531412146618224 -0.967429338732053
    outer loop
      vertex 14.25 27.0524254 0.027155870000000082
      vertex -14.25 27.0524254 0.027155870000000082
      vertex 14.25 27.1875 0.0625
    endloop
  endfacet
  facet normal 0.0 0.2531412146618224 -0.967429338732053
    outer loop
      vertex -14.25 27.0524254 0.027155870000000082
      vertex -14.25 27.1875 0.0625
      vertex 14.25 27.1875 0.0625
    endloop
  endfacet
  facet normal 0.0 0.3450398218510388 -0.9385880466621144
    outer loop
      vertex 14.25 27.1875 0.0625
      vertex -14.25 27.1875 0.0625
      vertex 14.25 27.2424889 0.08271479000000026
    endloop
  endfacet
  facet normal 0.0 0.3450398218510388 -0.9385880466621144
    outer loop
      vertex -14.25 27.1875 0.0625
      vertex -14.25 27.2424889 0.08271479000000026
      vertex 14.25 27.2424889 0.08271479000000026
    endloop
  endfacet
  facet normal 0.0 0.44394278661562575 -0.8960551334666595
    outer loop
      vertex 14.25 27.2424889 0.08271479000000026
      vertex -14.25 27.2424889 0.08271479000000026
      vertex 14.25 27.359375 0.140625
    endloop
  endfacet
  facet normal 0.0 0.44394278661562575 -0.8960551334666595
    outer loop
      vertex -14.25 27.2424889 0.08271479000000026
      vertex -14.25 27.359375 0.140625
      vertex 14.25 27.359375 0.140625
    endloop
  endfacet
  facet normal 0.0 0.5730832779286339 -0.8194971363943696
    outer loop
      vertex 14.25 27.359375 0.140625
      vertex -14.25 27.359375 0.140625
      vertex 14.25 27.4453564 0.20075273000000005
    endloop
  endfacet
  facet normal 0.0 0.5730832779286339 -0.8194971363943696
    outer loop
      vertex -14.25 27.359375 0.140625
      vertex -14.25 27.4453564 0.20075273000000005
      vertex 14.25 27.4453564 0.20075273000000005
    endloop
  endfacet
  facet normal 0.0 0.7421606488868665 -0.6702220313029297
    outer loop
      vertex -14.25 27.4453564 0.20075273000000005
      vertex -14.25 27.5922966 0.3634648300000003
      vertex 14.25 27.4453564 0.20075273000000005
    endloop
  endfacet
  facet normal 0.0 0.7421606488868665 -0.6702220313029297
    outer loop
      vertex 14.25 27.4453564 0.20075273000000005
      vertex -14.25 27.5922966 0.3634648300000003
      vertex 14.25 27.5922966 0.3634648300000003
    endloop
  endfacet
  facet normal 0.0 0.9097731421629879 -0.4151058055470726
    outer loop
      vertex -14.25 27.5922966 0.3634648300000003
      vertex -14.25 27.6973248 0.5936515300000003
      vertex 14.25 27.5922966 0.3634648300000003
    endloop
  endfacet
  facet normal 0.0 0.9097731421629879 -0.4151058055470726
    outer loop
      vertex 14.25 27.5922966 0.3634648300000003
      vertex -14.25 27.6973248 0.5936515300000003
      vertex 14.25 27.6973248 0.5936515300000003
    endloop
  endfacet
  facet normal 0.0 0.9775703596081091 -0.2106090976564694
    outer loop
      vertex 14.25 27.6973248 0.5936515300000003
      vertex -14.25 27.6973248 0.5936515300000003
      vertex 14.25 27.734375 0.765625
    endloop
  endfacet
  facet normal 0.0 0.9775703596081091 -0.2106090976564694
    outer loop
      vertex -14.25 27.6973248 0.5936515300000003
      vertex -14.25 27.734375 0.765625
      vertex 14.25 27.734375 0.765625
    endloop
  endfacet
  facet normal 0.0 0.9929717987829481 -0.11835120118425634
    outer loop
      vertex 14.25 27.734375 0.765625
      vertex -14.25 27.734375 0.765625
      vertex 14.25 27.7422638 0.8318123800000001
    endloop
  endfacet
  facet normal 0.0 0.9929717987829481 -0.11835120118425634
    outer loop
      vertex -14.25 27.734375 0.765625
      vertex -14.25 27.7422638 0.8318123800000001
      vertex 14.25 27.7422638 0.8318123800000001
    endloop
  endfacet
  facet normal 0.0 0.9989437934637351 -0.04594885744262411
    outer loop
      vertex 14.25 27.7422638 0.8318123800000001
      vertex -14.25 27.7422638 0.8318123800000001
      vertex -14.25 27.75 1.0
    endloop
  endfacet
  facet normal -0.0 -0.9989437934637351 -0.04594885744262411
    outer loop
      vertex 14.25 -27.75 1.0
      vertex -14.25 -27.75 1.0
      vertex -14.25 -27.7422638 0.8318123800000001
    endloop
  endfacet
  facet normal 0.0 -0.04923595999047072 -0.9987871746492426
    outer loop
      vertex -14.25 -26.9290905 0.00882840000000007
      vertex -14.25 -26.75 0.0
      vertex 14.25 -26.9290905 0.00882840000000007
    endloop
  endfacet
  facet normal 0.0 -0.04923595999047072 -0.9987871746492426
    outer loop
      vertex -14.25 -26.75 0.0
      vertex 14.25 -26.75 0.0
      vertex 14.25 -26.9290905 0.00882840000000007
    endloop
  endfacet
  facet normal 0.0 -0.12201997647523409 -0.9925276446230519
    outer loop
      vertex -14.25 -26.9290905 0.00882840000000007
      vertex 14.25 -26.9290905 0.00882840000000007
      vertex -14.25 -26.984375 0.015625
    endloop
  endfacet
  facet normal 0.0 -0.12201997647523409 -0.9925276446230519
    outer loop
      vertex 14.25 -26.9290905 0.00882840000000007
      vertex 14.25 -26.984375 0.015625
      vertex -14.25 -26.984375 0.015625
    endloop
  endfacet
  facet normal 0.0 -0.16706462483842968 -0.9859459473660789
    outer loop
      vertex -14.25 -26.984375 0.015625
      vertex 14.25 -26.984375 0.015625
      vertex -14.25 -27.0524254 0.027155870000000082
    endloop
  endfacet
  facet normal 0.0 -0.16706462483842968 -0.9859459473660789
    outer loop
      vertex 14.25 -26.984375 0.015625
      vertex 14.25 -27.0524254 0.027155870000000082
      vertex -14.25 -27.0524254 0.027155870000000082
    endloop
  endfacet
  facet normal 0.0 -0.2531412146618224 -0.967429338732053
    outer loop
      vertex -14.25 -27.0524254 0.027155870000000082
      vertex 14.25 -27.0524254 0.027155870000000082
      vertex -14.25 -27.1875 0.0625
    endloop
  endfacet
  facet normal 0.0 -0.2531412146618224 -0.967429338732053
    outer loop
      vertex 14.25 -27.0524254 0.027155870000000082
      vertex 14.25 -27.1875 0.0625
      vertex -14.25 -27.1875 0.0625
    endloop
  endfacet
  facet normal 0.0 -0.3450398218510388 -0.9385880466621144
    outer loop
      vertex -14.25 -27.1875 0.0625
      vertex 14.25 -27.1875 0.0625
      vertex -14.25 -27.2424889 0.08271479000000026
    endloop
  endfacet
  facet normal 0.0 -0.3450398218510388 -0.9385880466621144
    outer loop
      vertex 14.25 -27.1875 0.0625
      vertex 14.25 -27.2424889 0.08271479000000026
      vertex -14.25 -27.2424889 0.08271479000000026
    endloop
  endfacet
  facet normal 0.0 -0.44394278661562575 -0.8960551334666595
    outer loop
      vertex -14.25 -27.2424889 0.08271479000000026
      vertex 14.25 -27.2424889 0.08271479000000026
      vertex -14.25 -27.359375 0.140625
    endloop
  endfacet
  facet normal 0.0 -0.44394278661562575 -0.8960551334666595
    outer loop
      vertex 14.25 -27.2424889 0.08271479000000026
      vertex 14.25 -27.359375 0.140625
      vertex -14.25 -27.359375 0.140625
    endloop
  endfacet
  facet normal 0.0 -0.5730832779286339 -0.8194971363943696
    outer loop
      vertex -14.25 -27.359375 0.140625
      vertex 14.25 -27.359375 0.140625
      vertex -14.25 -27.4453564 0.20075273000000005
    endloop
  endfacet
  facet normal 0.0 -0.5730832779286339 -0.8194971363943696
    outer loop
      vertex 14.25 -27.359375 0.140625
      vertex 14.25 -27.4453564 0.20075273000000005
      vertex -14.25 -27.4453564 0.20075273000000005
    endloop
  endfacet
  facet normal -0.0 -0.7421606488868665 -0.6702220313029297
    outer loop
      vertex 14.25 -27.4453564 0.20075273000000005
      vertex 14.25 -27.5922966 0.3634648300000003
      vertex -14.25 -27.4453564 0.20075273000000005
    endloop
  endfacet
  facet normal 0.0 -0.7421606488868665 -0.6702220313029297
    outer loop
      vertex -14.25 -27.4453564 0.20075273000000005
      vertex 14.25 -27.5922966 0.3634648300000003
      vertex -14.25 -27.5922966 0.3634648300000003
    endloop
  endfacet
  facet normal -0.0 -0.9097731421629879 -0.4151058055470726
    outer loop
      vertex 14.25 -27.5922966 0.3634648300000003
      vertex 14.25 -27.6973248 0.5936515300000003
      vertex -14.25 -27.5922966 0.3634648300000003
    endloop
  endfacet
  facet normal 0.0 -0.9097731421629879 -0.4151058055470726
    outer loop
      vertex -14.25 -27.5922966 0.3634648300000003
      vertex 14.25 -27.6973248 0.5936515300000003
      vertex -14.25 -27.6973248 0.5936515300000003
    endloop
  endfacet
  facet normal 0.0 -0.9775703596081091 -0.2106090976564694
    outer loop
      vertex -14.25 -27.6973248 0.5936515300000003
      vertex 14.25 -27.6973248 0.5936515300000003
      vertex -14.25 -27.734375 0.765625
    endloop
  endfacet
  facet normal 0.0 -0.9775703596081091 -0.2106090976564694
    outer loop
      vertex 14.25 -27.6973248 0.5936515300000003
      vertex 14.25 -27.734375 0.765625
      vertex -14.25 -27.734375 0.765625
    endloop
  endfacet
  facet normal 0.0 -0.9929717987829481 -0.11835120118425634
    outer loop
      vertex -14.25 -27.734375 0.765625
      vertex 14.25 -27.734375 0.765625
      vertex -14.25 -27.7422638 0.8318123800000001
    endloop
  endfacet
  facet normal 0.0 -0.9929717987829481 -0.11835120118425634
    outer loop
      vertex 14.25 -27.734375 0.765625
      vertex 14.25 -27.7422638 0.8318123800000001
      vertex -14.25 -27.7422638 0.8318123800000001
    endloop
  endfacet
  facet normal 0.0 -0.9989437934637351 -0.04594885744262411
    outer loop
      vertex -14.25 -27.7422638 0.8318123800000001
      vertex 14.25 -27.7422638 0.8318123800000001
      vertex 14.25 -27.75 1.0
    endloop
  endfacet
  facet normal 0.025957777852761203 0.06173513868820502 -0.9977549631147393
    outer loop
      vertex 14.9033966 26.6384926 0.0
      vertex 14.8365507 26.6665993 0.0
      vertex 14.89363 26.8951283 0.015625
    endloop
  endfacet
  facet normal 0.014209818815077043 0.06468069317390344 -0.9978048351154578
    outer loop
      vertex 14.7493105 26.6942501 0.0
      vertex 14.6301422 26.7204304 0.0
      vertex 14.7123766 26.9434052 0.015625
    endloop
  endfacet
  facet normal 0.7416208616215387 0.03813277153242307 -0.6697345663342923
    outer loop
      vertex 16.1019802 25.8882408 0.38205886000000033
      vertex 16.0922966 25.75 0.3634648300000003
      vertex 15.9453564 25.75 0.20075273000000005
    endloop
  endfacet
  facet normal 0.977456855478106 0.015080302851040247 -0.2105960117019645
    outer loop
      vertex 16.2321835 25.892046 0.765625
      vertex 16.234375 25.75 0.765625
      vertex 16.1973228 25.75 0.5936515300000003
    endloop
  endfacet
  facet normal 0.9928586461739003 0.01531792322971906 -0.11830921327461452
    outer loop
      vertex 16.234375 25.75 0.765625
      vertex 16.2321835 25.892046 0.765625
      vertex 16.2422619 25.75 0.8318123800000001
    endloop
  endfacet
  facet normal 0.6169281523664 0.058454054632966115 -0.7848457035078591
    outer loop
      vertex 15.8945522 25.8808537 0.16449713
      vertex 15.859149 26.0111961 0.14637613000000016
      vertex 15.9901419 26.0200157 0.25
    endloop
  endfacet
  facet normal 0.5723307542102434 0.0512299119795996 -0.8184210431701378
    outer loop
      vertex 15.9830694 25.8881207 0.23577165000000022
      vertex 15.9453564 25.75 0.20075273000000005
      vertex 15.859375 25.75 0.140625
    endloop
  endfacet
  facet normal 0.6162141966517231 0.06731062308904014 -0.7846969758220282
    outer loop
      vertex 15.9901419 26.0200157 0.25
      vertex 15.859149 26.0111961 0.14637613000000016
      vertex 15.9745369 26.1628761 0.25
    endloop
  endfacet
  facet normal 0.40644049717695446 0.46109138528471316 -0.7887970947403231
    outer loop
      vertex 15.4644022 27.1693459 0.25
      vertex 15.571496 27.0749454 0.25
      vertex 15.4722691 26.9753017 0.140625
    endloop
  endfacet
  facet normal 0.17809026112756637 0.5877284508155353 -0.7892142465728088
    outer loop
      vertex 14.9336529 27.4215298 0.25
      vertex 15.0612316 27.3828716 0.25
      vertex 15.015522 27.2498512 0.140625
    endloop
  endfacet
  facet normal 0.03743637024526429 0.22182783216766883 -0.9743669386112461
    outer loop
      vertex 14.621213 27.1646862 0.0625
      vertex 14.7523832 27.1425495 0.0625
      vertex 14.7123766 26.9434052 0.015625
    endloop
  endfacet
  facet normal 0.0690256754487268 0.4081693235601807 -0.9102929525341122
    outer loop
      vertex 14.6440887 27.3350964 0.140625
      vertex 14.7862349 27.311058 0.140625
      vertex 14.7523832 27.1425495 0.0625
    endloop
  endfacet
  facet normal 0.036959348077670394 0.976902454106858 -0.2104652031801734
    outer loop
      vertex 14.3899689 27.685318 0.5625
      vertex 14.25 27.6973248 0.5936515300000003
      vertex 14.25 27.734375 0.765625
    endloop
  endfacet
  facet normal 0.006226097718047857 0.16706138673603224 -0.9859268374321896
    outer loop
      vertex 14.4780006 26.9758778 0.015625
      vertex 14.25 26.984375 0.015625
      vertex 14.25 27.0524254 0.027155870000000082
    endloop
  endfacet
  facet normal 0.025715049088039336 0.2233728431128169 -0.974393816282768
    outer loop
      vertex 14.4780006 26.9758778 0.015625
      vertex 14.25 27.0524254 0.027155870000000082
      vertex 14.4944706 27.1784592 0.0625
    endloop
  endfacet
  facet normal 0.009361038985607441 0.2531301231566415 -0.9673869503460409
    outer loop
      vertex 14.25 27.0524254 0.027155870000000082
      vertex 14.25 27.1875 0.0625
      vertex 14.4944706 27.1784592 0.0625
    endloop
  endfacet
  facet normal 0.012758925221652518 0.34501173616186065 -0.9385116470975556
    outer loop
      vertex 14.25 27.1875 0.0625
      vertex 14.25 27.2424889 0.08271479000000026
      vertex 14.4944706 27.1784592 0.0625
    endloop
  endfacet
  facet normal 0.042813001261356544 0.4457499190066574 -0.8941331313784057
    outer loop
      vertex 14.4944706 27.1784592 0.0625
      vertex 14.25 27.2424889 0.08271479000000026
      vertex 14.3790245 27.3958282 0.16533661000000022
    endloop
  endfacet
  facet normal 0.04614225876646079 0.4434699337137402 -0.8951007260905667
    outer loop
      vertex 14.25 27.2424889 0.08271479000000026
      vertex 14.25 27.359375 0.140625
      vertex 14.3790245 27.3958282 0.16533661000000022
    endloop
  endfacet
  facet normal -0.004957336449940359 0.5730762360716745 -0.819487066685768
    outer loop
      vertex 14.3790245 27.3958282 0.16533661000000022
      vertex 14.25 27.359375 0.140625
      vertex 14.25 27.4453564 0.20075273000000005
    endloop
  endfacet
  facet normal 0.10253939537627493 0.6054967964308884 -0.7892143573882822
    outer loop
      vertex 14.8139315 27.4489288 0.25
      vertex 14.7862349 27.311058 0.140625
      vertex 14.6628056 27.4745216 0.25
    endloop
  endfacet
  facet normal 0.1023842143651595 0.6054282735952354 -0.7892870695636168
    outer loop
      vertex 14.7862349 27.311058 0.140625
      vertex 14.6440887 27.3350964 0.140625
      vertex 14.6628056 27.4745216 0.25
    endloop
  endfacet
  facet normal 0.06657191318119668 0.6102996561613598 -0.7893684247958751
    outer loop
      vertex 14.6628056 27.4745216 0.25
      vertex 14.6440887 27.3350964 0.140625
      vertex 14.5198078 27.4901199 0.25
    endloop
  endfacet
  facet normal 0.28857310319721374 0.5427231110643685 -0.7887820921063963
    outer loop
      vertex 15.2004881 27.3274593 0.25
      vertex 15.3562145 27.2446575 0.25
      vertex 15.1423273 27.1994209 0.140625
    endloop
  endfacet
  facet normal 0.2884919150570748 0.5428941658281755 -0.7886940722843243
    outer loop
      vertex 15.3562145 27.2446575 0.25
      vertex 15.2818727 27.125267 0.140625
      vertex 15.1423273 27.1994209 0.140625
    endloop
  endfacet
  facet normal 0.19448551394123864 0.3659896355705635 -0.9100697618984702
    outer loop
      vertex 15.1423273 27.1994209 0.140625
      vertex 15.2818727 27.125267 0.140625
      vertex 15.0712404 27.0429306 0.0625
    endloop
  endfacet
  facet normal 0.1943921135337345 0.3661762696263921 -0.9100146404088164
    outer loop
      vertex 15.2818727 27.125267 0.140625
      vertex 15.1910124 26.9793472 0.0625
      vertex 15.0712404 27.0429306 0.0625
    endloop
  endfacet
  facet normal 0.10566026405574874 0.19903215535006458 -0.9742803034734804
    outer loop
      vertex 15.0712404 27.0429306 0.0625
      vertex 15.1910124 26.9793472 0.0625
      vertex 15.0836296 26.8068962 0.015625
    endloop
  endfacet
  facet normal 0.4682356566494679 0.8799451238903675 -0.08032402370155138
    outer loop
      vertex 15.4801159 27.4436398 0.765625
      vertex 15.2974243 27.5408535 0.765625
      vertex 15.3916407 27.5121136 1.0
    endloop
  endfacet
  facet normal 0.0659456288055803 0.9960962529843268 -0.05868073646453957
    outer loop
      vertex 14.3923101 27.7473736 1.0
      vertex 14.5863752 27.7345257 1.0
      vertex 14.5388117 27.7238674 0.765625
    endloop
  endfacet
  facet normal 0.1141121702183402 0.9911221769726924 -0.06822934061656537
    outer loop
      vertex 14.5863752 27.7345257 1.0
      vertex 14.6960115 27.7219028 1.0
      vertex 14.5388117 27.7238674 0.765625
    endloop
  endfacet
  facet normal 0.10846243878486345 0.9920102572993474 -0.06443251342080643
    outer loop
      vertex 14.5388117 27.7238674 0.765625
      vertex 14.6960115 27.7219028 1.0
      vertex 14.6940012 27.7068996 0.765625
    endloop
  endfacet
  facet normal 0.161423579612698 0.9847801695819741 -0.06442395162609636
    outer loop
      vertex 14.6960115 27.7219028 1.0
      vertex 14.84935 27.6967678 1.0
      vertex 14.6940012 27.7068996 0.765625
    endloop
  endfacet
  facet normal 0.1669251609089377 0.9836135046607221 -0.06812095202341865
    outer loop
      vertex 14.6940012 27.7068996 0.765625
      vertex 14.84935 27.6967678 1.0
      vertex 14.8600931 27.6787128 0.765625
    endloop
  endfacet
  facet normal 0.23682620363453172 0.9694532399809246 -0.063826050814249
    outer loop
      vertex 14.84935 27.6967678 1.0
      vertex 15.0626974 27.6446495 1.0
      vertex 14.8600931 27.6787128 0.765625
    endloop
  endfacet
  facet normal 0.2225572265577174 0.9735905135679882 -0.05089000685161552
    outer loop
      vertex 14.8600931 27.6787128 0.765625
      vertex 15.0626974 27.6446495 1.0
      vertex 14.9933519 27.6482506 0.765625
    endloop
  endfacet
  facet normal 0.3042961510310291 0.9495852594303843 -0.07544327365796814
    outer loop
      vertex 15.0626974 27.6446495 1.0
      vertex 15.1424074 27.6191063 1.0
      vertex 14.9933519 27.6482506 0.765625
    endloop
  endfacet
  facet normal 0.28952715200108403 0.9549339036614365 -0.06538553274289173
    outer loop
      vertex 14.9933519 27.6482506 0.765625
      vertex 15.1424074 27.6191063 1.0
      vertex 15.137414 27.6045723 0.765625
    endloop
  endfacet
  facet normal 0.35026247531297433 0.9343652996919819 -0.06540401454911508
    outer loop
      vertex 15.1424074 27.6191063 1.0
      vertex 15.2403374 27.5823956 1.0
      vertex 15.137414 27.6045723 0.765625
    endloop
  endfacet
  facet normal 0.3689380925950862 0.9264753083480425 -0.07435177774404138
    outer loop
      vertex 15.137414 27.6045723 0.765625
      vertex 15.2403374 27.5823956 1.0
      vertex 15.2974243 27.5408535 0.765625
    endloop
  endfacet
  facet normal 0.3943853890606677 0.9165435660562893 -0.0663931955571219
    outer loop
      vertex 15.2403374 27.5823956 1.0
      vertex 15.303875 27.5550556 1.0
      vertex 15.2974243 27.5408535 0.765625
    endloop
  endfacet
  facet normal 0.4385243222342384 0.8962645919592377 -0.06637921368277122
    outer loop
      vertex 15.2974243 27.5408535 0.765625
      vertex 15.303875 27.5550556 1.0
      vertex 15.3916407 27.5121136 1.0
    endloop
  endfacet
  facet normal 0.3846427200388634 0.15366446500403844 -0.9101852614254569
    outer loop
      vertex 15.6982985 26.6447716 0.140625
      vertex 15.7492905 26.5171318 0.140625
      vertex 15.5419559 26.5733681 0.0625
    endloop
  endfacet
  facet normal 0.384614863729298 0.15350895614871438 -0.9102232731482016
    outer loop
      vertex 15.7492905 26.5171318 0.140625
      vertex 15.586771 26.4610844 0.0625
      vertex 15.5419559 26.5733681 0.0625
    endloop
  endfacet
  facet normal 0.20902279345112046 0.08342597715244156 -0.9743457179841509
    outer loop
      vertex 15.5419559 26.5733681 0.0625
      vertex 15.586771 26.4610844 0.0625
      vertex 15.3947029 26.3948479 0.015625
    endloop
  endfacet
  facet normal 0.1983347702513591 0.09261056315760899 -0.9757492518577563
    outer loop
      vertex 15.3947029 26.3948479 0.015625
      vertex 15.3055983 26.5856743 0.015625
      vertex 15.5419559 26.5733681 0.0625
    endloop
  endfacet
  facet normal 0.1987517633845587 0.10623471447715938 -0.9742750751155881
    outer loop
      vertex 15.3055983 26.5856743 0.015625
      vertex 15.4776869 26.6936073 0.0625
      vertex 15.5419559 26.5733681 0.0625
    endloop
  endfacet
  facet normal 0.3655300058867947 0.19537927687757528 -0.9100630488945233
    outer loop
      vertex 15.5419559 26.5733681 0.0625
      vertex 15.4776869 26.6936073 0.0625
      vertex 15.6982985 26.6447716 0.140625
    endloop
  endfacet
  facet normal 0.3655578853688845 0.1955984567227229 -0.9100047671151611
    outer loop
      vertex 15.4776869 26.6936073 0.0625
      vertex 15.6233015 26.784935 0.140625
      vertex 15.6982985 26.6447716 0.140625
    endloop
  endfacet
  facet normal 0.5071288972755794 0.8597962357956098 -0.05975545548110917
    outer loop
      vertex 15.3916407 27.5121136 1.0
      vertex 15.5230703 27.4345932 1.0
      vertex 15.4801159 27.4436398 0.765625
    endloop
  endfacet
  facet normal 0.5922217734297499 0.8020315924733471 -0.07758025361126833
    outer loop
      vertex 15.5230703 27.4345932 1.0
      vertex 15.6502609 27.3406754 1.0
      vertex 15.4801159 27.4436398 0.765625
    endloop
  endfacet
  facet normal 0.5707669602801082 0.8193070271834629 -0.05441573541175019
    outer loop
      vertex 15.4801159 27.4436398 0.765625
      vertex 15.6502609 27.3406754 1.0
      vertex 15.6086578 27.3540916 0.765625
    endloop
  endfacet
  facet normal 0.6706989922070645 0.7377404880887344 -0.0768233954406064
    outer loop
      vertex 15.6502609 27.3406754 1.0
      vertex 15.75 27.25 1.0
      vertex 15.6086578 27.3540916 0.765625
    endloop
  endfacet
  facet normal 0.6599808124075561 0.7484111610520104 -0.06562058569262882
    outer loop
      vertex 15.6086578 27.3540916 0.765625
      vertex 15.75 27.25 1.0
      vertex 15.7368774 27.2410221 0.765625
    endloop
  endfacet
  facet normal 0.7411578100612377 0.6679706524078093 -0.06708433578053662
    outer loop
      vertex 15.75 27.25 1.0
      vertex 15.8484955 27.1407127 1.0
      vertex 15.7368774 27.2410221 0.765625
    endloop
  endfacet
  facet normal 0.7456167098470562 0.6625238841800107 -0.0715389746074294
    outer loop
      vertex 15.7368774 27.2410221 0.765625
      vertex 15.8484955 27.1407127 1.0
      vertex 15.8506165 27.113018 0.765625
    endloop
  endfacet
  facet normal 0.8060147389837835 0.5886120102008726 -0.062258669984116013
    outer loop
      vertex 15.8484955 27.1407127 1.0
      vertex 15.9362669 27.0205231 1.0
      vertex 15.8506165 27.113018 0.765625
    endloop
  endfacet
  facet normal 0.8164576846839484 0.5728620408332638 -0.07229060307449457
    outer loop
      vertex 15.8506165 27.113018 0.765625
      vertex 15.9362669 27.0205231 1.0
      vertex 15.9410038 26.9841957 0.765625
    endloop
  endfacet
  facet normal 0.8611505069086075 0.5046983929473011 -0.06082217200544545
    outer loop
      vertex 15.9362669 27.0205231 1.0
      vertex 16.0147533 26.8866043 1.0
      vertex 15.9410038 26.9841957 0.765625
    endloop
  endfacet
  facet normal 0.8785628513879847 0.47080905025837955 -0.08041240175381238
    outer loop
      vertex 15.9410038 26.9841957 0.765625
      vertex 16.0147533 26.8866043 1.0
      vertex 16.0394115 26.80056 0.765625
    endloop
  endfacet
  facet normal 0.5672788219643075 0.17234268392947538 -0.8052904677486085
    outer loop
      vertex 15.8822594 26.5629883 0.25
      vertex 15.9213228 26.4344082 0.25
      vertex 15.8110275 26.2863865 0.140625
    endloop
  endfacet
  facet normal 0.219083024059574 0.03039875198918081 -0.975232559160333
    outer loop
      vertex 15.4758921 25.9781742 0.015625
      vertex 15.4433784 26.2124996 0.015625
      vertex 15.6646967 26.1212769 0.0625
    endloop
  endfacet
  facet normal 0.22181768364986412 0.0374778297270828 -0.9743676551995948
    outer loop
      vertex 15.4433784 26.2124996 0.015625
      vertex 15.6425219 26.2525215 0.0625
      vertex 15.6646967 26.1212769 0.0625
    endloop
  endfacet
  facet normal 0.4081823721842454 0.06896559909292542 -0.9102916550094239
    outer loop
      vertex 15.6646967 26.1212769 0.0625
      vertex 15.6425219 26.2525215 0.0625
      vertex 15.8110275 26.2863865 0.140625
    endloop
  endfacet
  facet normal 0.5985645453298921 0.13717290724575637 -0.7892427247632801
    outer loop
      vertex 15.9213228 26.4344082 0.25
      vertex 15.9488955 26.3140926 0.25
      vertex 15.8110275 26.2863865 0.140625
    endloop
  endfacet
  facet normal 0.605504758379637 0.10251447457452349 -0.7892114862838268
    outer loop
      vertex 15.9488955 26.3140926 0.25
      vertex 15.8351078 26.1441555 0.140625
      vertex 15.8110275 26.2863865 0.140625
    endloop
  endfacet
  facet normal 0.4080674019525573 0.06908750876558614 -0.9103339560821924
    outer loop
      vertex 15.8110275 26.2863865 0.140625
      vertex 15.8351078 26.1441555 0.140625
      vertex 15.6646967 26.1212769 0.0625
    endloop
  endfacet
  facet normal 0.41135287865146125 0.04476076811022406 -0.9103764511801361
    outer loop
      vertex 15.8351078 26.1441555 0.140625
      vertex 15.6784744 25.9946594 0.0625
      vertex 15.6646967 26.1212769 0.0625
    endloop
  endfacet
  facet normal 0.22348588285818222 0.024318292876223335 -0.9744037565581759
    outer loop
      vertex 15.6646967 26.1212769 0.0625
      vertex 15.6784744 25.9946594 0.0625
      vertex 15.4758921 25.9781742 0.015625
    endloop
  endfacet
  facet normal 0.6053764974903421 0.10265216377014795 -0.789291979915945
    outer loop
      vertex 15.9488955 26.3140926 0.25
      vertex 15.9745369 26.1628761 0.25
      vertex 15.8351078 26.1441555 0.140625
    endloop
  endfacet
  facet normal 0.6090857412767275 0.07598475678716662 -0.7894560636978949
    outer loop
      vertex 15.9745369 26.1628761 0.25
      vertex 15.859149 26.0111961 0.14637613000000016
      vertex 15.8351078 26.1441555 0.140625
    endloop
  endfacet
  facet normal 0.41806066048597 0.0363300618011547 -0.9076923546904858
    outer loop
      vertex 15.8351078 26.1441555 0.140625
      vertex 15.859149 26.0111961 0.14637613000000016
      vertex 15.6784744 25.9946594 0.0625
    endloop
  endfacet
  facet normal 0.42190975059533453 -0.011438498252443753 -0.9065656750121921
    outer loop
      vertex 15.859149 26.0111961 0.14637613000000016
      vertex 15.8945522 25.8808537 0.16449713
      vertex 15.6784744 25.9946594 0.0625
    endloop
  endfacet
  facet normal 0.4446712224243846 0.042422311669385496 -0.8946886896682158
    outer loop
      vertex 15.6784744 25.9946594 0.0625
      vertex 15.8945522 25.8808537 0.16449713
      vertex 15.7424879 25.75 0.08271479000000026
    endloop
  endfacet
  facet normal 0.9987728008360125 0.01847378435231578 -0.045952275263483264
    outer loop
      vertex 16.25 25.75 1.0
      vertex 16.2422619 25.75 0.8318123800000001
      vertex 16.2473621 25.8926163 1.0
    endloop
  endfacet
  facet normal 0.9970799255306466 0.04061020916903301 -0.06467173273577502
    outer loop
      vertex 16.2422619 25.75 0.8318123800000001
      vertex 16.2321835 25.892046 0.765625
      vertex 16.2473621 25.8926163 1.0
    endloop
  endfacet
  facet normal 0.9954956080026368 0.06935621295706494 -0.0646390761978749
    outer loop
      vertex 16.2473621 25.8926163 1.0
      vertex 16.2321835 25.892046 0.765625
      vertex 16.2323437 26.108181 1.0
    endloop
  endfacet
  facet normal 0.907842443633129 -0.007202240495277356 -0.4192495978174302
    outer loop
      vertex 16.0922966 25.75 0.3634648300000003
      vertex 16.1019802 25.8882408 0.38205886000000033
      vertex 16.1853256 25.8902702 0.5625
    endloop
  endfacet
  facet normal 0.9064257182478447 0.051188275262009246 -0.4192519263814774
    outer loop
      vertex 16.1019802 25.8882408 0.38205886000000033
      vertex 16.1771393 26.0352306 0.5625
      vertex 16.1853256 25.8902702 0.5625
    endloop
  endfacet
  facet normal 0.9728242905779099 0.054937979544458254 -0.2249326967454021
    outer loop
      vertex 16.1853256 25.8902702 0.5625
      vertex 16.1771393 26.0352306 0.5625
      vertex 16.2238903 26.0390339 0.765625
    endloop
  endfacet
  facet normal 0.9685965562663639 0.10598922993686057 -0.22491552709035417
    outer loop
      vertex 16.1771393 26.0352306 0.5625
      vertex 16.1604404 26.1878357 0.5625
      vertex 16.2238903 26.0390339 0.765625
    endloop
  endfacet
  facet normal 0.968600103985779 0.10605198638292963 -0.2248706622549348
    outer loop
      vertex 16.2238903 26.0390339 0.765625
      vertex 16.1604404 26.1878357 0.5625
      vertex 16.2069149 26.1940746 0.765625
    endloop
  endfacet
  facet normal 0.9606437376413004 0.1631760051363032 -0.22480480572779096
    outer loop
      vertex 16.1604404 26.1878357 0.5625
      vertex 16.132719 26.3510361 0.5625
      vertex 16.2069149 26.1940746 0.765625
    endloop
  endfacet
  facet normal 0.9606441989630623 0.16322181149937465 -0.22476957812275009
    outer loop
      vertex 16.2069149 26.1940746 0.765625
      vertex 16.132719 26.3510361 0.5625
      vertex 16.1786766 26.3602715 0.765625
    endloop
  endfacet
  facet normal 0.9498266712267933 0.21748360601799527 -0.22478918065520465
    outer loop
      vertex 16.132719 26.3510361 0.5625
      vertex 16.1026764 26.4822426 0.5625
      vertex 16.1786766 26.3602715 0.765625
    endloop
  endfacet
  facet normal 0.9498298106302284 0.21744425000343218 -0.22481398750653667
    outer loop
      vertex 16.1786766 26.3602715 0.765625
      vertex 16.1026764 26.4822426 0.5625
      vertex 16.148016 26.4942017 0.765625
    endloop
  endfacet
  facet normal 0.932301309416228 0.2833504059294112 -0.22478170726379082
    outer loop
      vertex 16.1026764 26.4822426 0.5625
      vertex 16.0595531 26.6241302 0.5625
      vertex 16.148016 26.4942017 0.765625
    endloop
  endfacet
  facet normal 0.9322970952147889 0.28338150679828406 -0.2247599783297756
    outer loop
      vertex 16.148016 26.4942017 0.765625
      vertex 16.0595531 26.6241302 0.5625
      vertex 16.1038761 26.6394176 0.765625
    endloop
  endfacet
  facet normal 0.9047469407384856 0.36188713232415265 -0.2246567975436146
    outer loop
      vertex 16.0595531 26.6241302 0.5625
      vertex 15.9967728 26.781086 0.5625
      vertex 16.1038761 26.6394176 0.765625
    endloop
  endfacet
  facet normal 0.9047368133792392 0.36193762026486115 -0.224616245078999
    outer loop
      vertex 16.1038761 26.6394176 0.765625
      vertex 15.9967728 26.781086 0.5625
      vertex 16.0394115 26.80056 0.765625
    endloop
  endfacet
  facet normal 0.858963659754625 0.4602303724337269 -0.224431360354238
    outer loop
      vertex 15.9967728 26.781086 0.5625
      vertex 15.9012918 26.9592896 0.5625
      vertex 16.0394115 26.80056 0.765625
    endloop
  endfacet
  facet normal 0.8589451206078068 0.46029619374248154 -0.22436731894423487
    outer loop
      vertex 16.0394115 26.80056 0.765625
      vertex 15.9012918 26.9592896 0.5625
      vertex 15.9410038 26.9841957 0.765625
    endloop
  endfacet
  facet normal 0.7977197218111753 0.5596492310722081 -0.22457957074005463
    outer loop
      vertex 15.9012918 26.9592896 0.5625
      vertex 15.8137827 27.0840244 0.5625
      vertex 15.9410038 26.9841957 0.765625
    endloop
  endfacet
  facet normal 0.7976962657474425 0.5596982174747329 -0.22454080468412116
    outer loop
      vertex 15.9410038 26.9841957 0.765625
      vertex 15.8137827 27.0840244 0.5625
      vertex 15.8506165 27.113018 0.765625
    endloop
  endfacet
  facet normal 0.7284735841304172 0.6472500486176246 -0.22448521507811228
    outer loop
      vertex 15.8137827 27.0840244 0.5625
      vertex 15.7038012 27.2078075 0.5625
      vertex 15.8506165 27.113018 0.765625
    endloop
  endfacet
  facet normal 0.7284573140229093 0.647276761333303 -0.22446098967169947
    outer loop
      vertex 15.8506165 27.113018 0.765625
      vertex 15.7038012 27.2078075 0.5625
      vertex 15.7368774 27.2410221 0.765625
    endloop
  endfacet
  facet normal 0.6444988116586273 0.7309147638151694 -0.22446578761056718
    outer loop
      vertex 15.7038012 27.2078075 0.5625
      vertex 15.5798063 27.3171425 0.5625
      vertex 15.7368774 27.2410221 0.765625
    endloop
  endfacet
  facet normal 0.6445238340240522 0.7308831133862697 -0.22449699762297284
    outer loop
      vertex 15.7368774 27.2410221 0.765625
      vertex 15.5798063 27.3171425 0.5625
      vertex 15.6086578 27.3540916 0.765625
    endloop
  endfacet
  facet normal 0.5569759361236722 0.7995938709414862 -0.22456056673416402
    outer loop
      vertex 15.5798063 27.3171425 0.5625
      vertex 15.4553366 27.4038448 0.5625
      vertex 15.6086578 27.3540916 0.765625
    endloop
  endfacet
  facet normal 0.5570104251295697 0.7995602185857802 -0.22459484222046516
    outer loop
      vertex 15.6086578 27.3540916 0.765625
      vertex 15.4553366 27.4038448 0.5625
      vertex 15.4801159 27.4436398 0.765625
    endloop
  endfacet
  facet normal 0.45771998672536457 0.8603160269057363 -0.22438526600750924
    outer loop
      vertex 15.4553366 27.4038448 0.5625
      vertex 15.2780371 27.4981747 0.5625
      vertex 15.4801159 27.4436398 0.765625
    endloop
  endfacet
  facet normal 0.4577686131185613 0.8602746357808628 -0.22444475461817456
    outer loop
      vertex 15.4801159 27.4436398 0.765625
      vertex 15.2780371 27.4981747 0.5625
      vertex 15.2974243 27.5408535 0.765625
    endloop
  endfacet
  facet normal 0.3604670064969128 0.905322115225417 -0.22462280585668862
    outer loop
      vertex 15.2780371 27.4981747 0.5625
      vertex 15.1221781 27.5602322 0.5625
      vertex 15.2974243 27.5408535 0.765625
    endloop
  endfacet
  facet normal 0.36050503704904724 0.9052982656567433 -0.22465789205179953
    outer loop
      vertex 15.2974243 27.5408535 0.765625
      vertex 15.1221781 27.5602322 0.5625
      vertex 15.137414 27.6045723 0.765625
    endloop
  endfacet
  facet normal 0.2826884515725445 0.9325073433088459 -0.22476052594393736
    outer loop
      vertex 15.1221781 27.5602322 0.5625
      vertex 14.9814119 27.6029053 0.5625
      vertex 15.137414 27.6045723 0.765625
    endloop
  endfacet
  facet normal 0.2827225827313953 0.9324907101629069 -0.22478660252240815
    outer loop
      vertex 15.137414 27.6045723 0.765625
      vertex 14.9814119 27.6029053 0.5625
      vertex 14.9933519 27.6482506 0.765625
    endloop
  endfacet
  facet normal 0.21718775052693237 0.9498875435633736 -0.22481800551599754
    outer loop
      vertex 14.9814119 27.6029053 0.5625
      vertex 14.8508606 27.6327553 0.5625
      vertex 14.9933519 27.6482506 0.765625
    endloop
  endfacet
  facet normal 0.21714284248100837 0.9499049516321668 -0.2247878306847567
    outer loop
      vertex 14.9933519 27.6482506 0.765625
      vertex 14.8508606 27.6327553 0.5625
      vertex 14.8600931 27.6787128 0.765625
    endloop
  endfacet
  facet normal 0.1629711005699644 0.9606877783753259 -0.22476523943727386
    outer loop
      vertex 14.8508606 27.6327553 0.5625
      vertex 14.6877623 27.6604233 0.5625
      vertex 14.8600931 27.6787128 0.765625
    endloop
  endfacet
  facet normal 0.1630308689791895 0.9606662262975687 -0.22481400626090633
    outer loop
      vertex 14.8600931 27.6787128 0.765625
      vertex 14.6877623 27.6604233 0.5625
      vertex 14.6940012 27.7068996 0.765625
    endloop
  endfacet
  facet normal 0.10586501340505086 0.9686188995297793 -0.22487780328540166
    outer loop
      vertex 14.6877623 27.6604233 0.5625
      vertex 14.5350103 27.6771183 0.5625
      vertex 14.6940012 27.7068996 0.765625
    endloop
  endfacet
  facet normal 0.1059037296954504 0.9686080021907608 -0.2249065097515322
    outer loop
      vertex 14.6940012 27.7068996 0.765625
      vertex 14.5350103 27.6771183 0.5625
      vertex 14.5388117 27.7238674 0.765625
    endloop
  endfacet
  facet normal 0.054944079225511054 0.9728260488915873 -0.22492360204310222
    outer loop
      vertex 14.5350103 27.6771183 0.5625
      vertex 14.3917389 27.7321739 0.765625
      vertex 14.5388117 27.7238674 0.765625
    endloop
  endfacet
  facet normal 0.05627063567994171 0.9963137238583235 -0.06475012904802077
    outer loop
      vertex 14.5388117 27.7238674 0.765625
      vertex 14.3917389 27.7321739 0.765625
      vertex 14.3923101 27.7473736 1.0
    endloop
  endfacet
  facet normal 0.040736514185982245 0.9970689630090583 -0.06476124933952833
    outer loop
      vertex 14.3917389 27.7321739 0.765625
      vertex 14.25 27.7422638 0.8318123800000001
      vertex 14.3923101 27.7473736 1.0
    endloop
  endfacet
  facet normal 0.01843284648672988 0.9987740735648407 -0.04594105076171723
    outer loop
      vertex 14.3923101 27.7473736 1.0
      vertex 14.25 27.7422638 0.8318123800000001
      vertex 14.25 27.75 1.0
    endloop
  endfacet
  facet normal 0.896555749069291 0.437918823206503 -0.06644466187914608
    outer loop
      vertex 16.0147533 26.8866043 1.0
      vertex 16.0536137 26.807045 1.0
      vertex 16.0394115 26.80056 0.765625
    endloop
  endfacet
  facet normal 0.916789771925015 0.39380311927418227 -0.06645011168992179
    outer loop
      vertex 16.0536137 26.807045 1.0
      vertex 16.0845699 26.7349777 1.0
      vertex 16.0394115 26.80056 0.765625
    endloop
  endfacet
  facet normal 0.9258639560723525 0.3703894790112526 -0.074750041363371
    outer loop
      vertex 16.0394115 26.80056 0.765625
      vertex 16.0845699 26.7349777 1.0
      vertex 16.1038761 26.6394176 0.765625
    endloop
  endfacet
  facet normal 0.9429588344279899 0.32814540501559664 -0.056117998372685635
    outer loop
      vertex 16.0845699 26.7349777 1.0
      vertex 16.1453819 26.5602283 1.0
      vertex 16.1038761 26.6394176 0.765625
    endloop
  endfacet
  facet normal 0.9543627133603724 0.2900885834915676 -0.0709959511189452
    outer loop
      vertex 16.1038761 26.6394176 0.765625
      vertex 16.1453819 26.5602283 1.0
      vertex 16.148016 26.4942017 0.765625
    endloop
  endfacet
  facet normal 0.969761973658927 0.23753666032463605 -0.05601829564491442
    outer loop
      vertex 16.1453819 26.5602283 1.0
      vertex 16.1956882 26.3548489 1.0
      vertex 16.148016 26.4942017 0.765625
    endloop
  endfacet
  facet normal 0.9726925854968161 0.2226782181082697 -0.06544879906954201
    outer loop
      vertex 16.148016 26.4942017 0.765625
      vertex 16.1956882 26.3548489 1.0
      vertex 16.1786766 26.3602715 0.765625
    endloop
  endfacet
  facet normal 0.9843881666522023 0.16247436754857217 -0.06769059938283455
    outer loop
      vertex 16.1956882 26.3548489 1.0
      vertex 16.2218933 26.1960793 1.0
      vertex 16.1786766 26.3602715 0.765625
    endloop
  endfacet
  facet normal 0.9838302957874535 0.16716133117727627 -0.06430426463161323
    outer loop
      vertex 16.1786766 26.3602715 0.765625
      vertex 16.2218933 26.1960793 1.0
      vertex 16.2069149 26.1940746 0.765625
    endloop
  endfacet
  facet normal 0.9909491172494265 0.11781586964597672 -0.06433714232187114
    outer loop
      vertex 16.2218933 26.1960793 1.0
      vertex 16.2323437 26.108181 1.0
      vertex 16.2069149 26.1940746 0.765625
    endloop
  endfacet
  facet normal 0.9917714088143227 0.10858901161557147 -0.06780781086871218
    outer loop
      vertex 16.2069149 26.1940746 0.765625
      vertex 16.2323437 26.108181 1.0
      vertex 16.2238903 26.0390339 0.765625
    endloop
  endfacet
  facet normal 0.9970322398787574 0.05625352679889448 -0.052557143805897995
    outer loop
      vertex 16.2323437 26.108181 1.0
      vertex 16.2321835 25.892046 0.765625
      vertex 16.2238903 26.0390339 0.765625
    endloop
  endfacet
  facet normal 0.9728350357376637 0.05488829705288862 -0.2248983505673897
    outer loop
      vertex 16.2238903 26.0390339 0.765625
      vertex 16.2321835 25.892046 0.765625
      vertex 16.1853256 25.8902702 0.5625
    endloop
  endfacet
  facet normal 0.9738037538716393 0.033334942906654945 -0.22493339131154783
    outer loop
      vertex 16.2321835 25.892046 0.765625
      vertex 16.1973228 25.75 0.5936515300000003
      vertex 16.1853256 25.8902702 0.5625
    endloop
  endfacet
  facet normal 0.9096821597070125 -0.014372281066177543 -0.4150563887566848
    outer loop
      vertex 16.1853256 25.8902702 0.5625
      vertex 16.1973228 25.75 0.5936515300000003
      vertex 16.0922966 25.75 0.3634648300000003
    endloop
  endfacet
  facet normal 0.004547432873816473 0.12201871483427316 -0.9925173822580894
    outer loop
      vertex 14.25 26.984375 0.015625
      vertex 14.4780006 26.9758778 0.015625
      vertex 14.25 26.9290905 0.00882840000000007
    endloop
  endfacet
  facet normal 0.0162337092735752 0.06582272140052818 -0.9976992713391393
    outer loop
      vertex 14.4780006 26.9758778 0.015625
      vertex 14.4688196 26.7413082 0.0
      vertex 14.25 26.9290905 0.00882840000000007
    endloop
  endfacet
  facet normal 0.0019557128275156663 0.049235865831219056 -0.9987852645604992
    outer loop
      vertex 14.25 26.9290905 0.00882840000000007
      vertex 14.4688196 26.7413082 0.0
      vertex 14.25 26.75 0.0
    endloop
  endfacet
  facet normal 0.06887230916723354 0.40810032967556525 -0.9103355018610819
    outer loop
      vertex 14.7523832 27.1425495 0.0625
      vertex 14.621213 27.1646862 0.0625
      vertex 14.6440887 27.3350964 0.140625
    endloop
  endfacet
  facet normal 0.03491101502120822 0.41261398303284164 -0.9102367395551352
    outer loop
      vertex 14.621213 27.1646862 0.0625
      vertex 14.5110989 27.3593655 0.14652562000000025
      vertex 14.6440887 27.3350964 0.140625
    endloop
  endfacet
  facet normal 0.07752444489205607 0.6155094459368561 -0.7843073902537722
    outer loop
      vertex 14.6440887 27.3350964 0.140625
      vertex 14.5110989 27.3593655 0.14652562000000025
      vertex 14.5198078 27.4901199 0.25
    endloop
  endfacet
  facet normal 0.05073106385964233 0.6176782539590112 -0.7847929241180862
    outer loop
      vertex 14.5110989 27.3593655 0.14652562000000025
      vertex 14.38731 27.4838543 0.23650360000000026
      vertex 14.5198078 27.4901199 0.25
    endloop
  endfacet
  facet normal 0.027477932344487546 0.7760729836010262 -0.6300441947662665
    outer loop
      vertex 14.5198078 27.4901199 0.25
      vertex 14.38731 27.4838543 0.23650360000000026
      vertex 14.3889952 27.6018467 0.38191723999999994
    endloop
  endfacet
  facet normal 0.03032071319195685 0.7759930376784415 -0.6300122695837883
    outer loop
      vertex 14.38731 27.4838543 0.23650360000000026
      vertex 14.25 27.5922966 0.3634648300000003
      vertex 14.3889952 27.6018467 0.38191723999999994
    endloop
  endfacet
  facet normal -0.0074009303469371865 0.909748225969374 -0.4150944369364356
    outer loop
      vertex 14.3889952 27.6018467 0.38191723999999994
      vertex 14.25 27.5922966 0.3634648300000003
      vertex 14.25 27.6973248 0.5936515300000003
    endloop
  endfacet
  facet normal 0.008636130062976163 0.06673131056421908 -0.997733606454106
    outer loop
      vertex 14.6301422 26.7204304 0.0
      vertex 14.4688196 26.7413082 0.0
      vertex 14.7123766 26.9434052 0.015625
    endloop
  endfacet
  facet normal 0.009158708547598551 0.06610439184272503 -0.9977706787818751
    outer loop
      vertex 14.4688196 26.7413082 0.0
      vertex 14.4780006 26.9758778 0.015625
      vertex 14.7123766 26.9434052 0.015625
    endloop
  endfacet
  facet normal 0.030355248865790507 0.21909369154822514 -0.9752315177382583
    outer loop
      vertex 14.7123766 26.9434052 0.015625
      vertex 14.4780006 26.9758778 0.015625
      vertex 14.621213 27.1646862 0.0625
    endloop
  endfacet
  facet normal 0.02428661590971908 0.22349117754126624 -0.9744033322238138
    outer loop
      vertex 14.4780006 26.9758778 0.015625
      vertex 14.4944706 27.1784592 0.0625
      vertex 14.621213 27.1646862 0.0625
    endloop
  endfacet
  facet normal 0.04535672631708121 0.41738331152035213 -0.9075978947981875
    outer loop
      vertex 14.621213 27.1646862 0.0625
      vertex 14.4944706 27.1784592 0.0625
      vertex 14.5110989 27.3593655 0.14652562000000025
    endloop
  endfacet
  facet normal -0.012550716410323536 0.42216459098602044 -0.9064323127708951
    outer loop
      vertex 14.4944706 27.1784592 0.0625
      vertex 14.3790245 27.3958282 0.16533661000000022
      vertex 14.5110989 27.3593655 0.14652562000000025
    endloop
  endfacet
  facet normal 0.06132905383807748 0.6240251686525763 -0.7789937971790595
    outer loop
      vertex 14.5110989 27.3593655 0.14652562000000025
      vertex 14.3790245 27.3958282 0.16533661000000022
      vertex 14.38731 27.4838543 0.23650360000000026
    endloop
  endfacet
  facet normal 0.02694357199133925 0.626942754800217 -0.7785992718541819
    outer loop
      vertex 14.3790245 27.3958282 0.16533661000000022
      vertex 14.25 27.4453564 0.20075273000000005
      vertex 14.38731 27.4838543 0.23650360000000026
    endloop
  endfacet
  facet normal -0.03355916341720659 0.7417426140177018 -0.6698445171089511
    outer loop
      vertex 14.38731 27.4838543 0.23650360000000026
      vertex 14.25 27.4453564 0.20075273000000005
      vertex 14.25 27.5922966 0.3634648300000003
    endloop
  endfacet
  facet normal 0.02003665266281665 0.0632170347922903 -0.9977986465525698
    outer loop
      vertex 14.8365507 26.6665993 0.0
      vertex 14.7493105 26.6942501 0.0
      vertex 14.89363 26.8951283 0.015625
    endloop
  endfacet
  facet normal 0.017350391617520527 0.06514124709761822 -0.9977252035692422
    outer loop
      vertex 14.7493105 26.6942501 0.0
      vertex 14.7123766 26.9434052 0.015625
      vertex 14.89363 26.8951283 0.015625
    endloop
  endfacet
  facet normal 0.057999566768628795 0.21775670507718353 -0.9742782290745186
    outer loop
      vertex 14.89363 26.8951283 0.015625
      vertex 14.7123766 26.9434052 0.015625
      vertex 14.9596548 27.0872688 0.0625
    endloop
  endfacet
  facet normal 0.0580537373898936 0.21766893390971534 -0.9742946160097945
    outer loop
      vertex 14.7123766 26.9434052 0.015625
      vertex 14.7523832 27.1425495 0.0625
      vertex 14.9596548 27.0872688 0.0625
    endloop
  endfacet
  facet normal 0.10683571843557195 0.40057398508502967 -0.9100146217173951
    outer loop
      vertex 14.9596548 27.0872688 0.0625
      vertex 14.7523832 27.1425495 0.0625
      vertex 15.015522 27.2498512 0.140625
    endloop
  endfacet
  facet normal 0.10689855560317153 0.4004532144866207 -0.9100603945987806
    outer loop
      vertex 14.7523832 27.1425495 0.0625
      vertex 14.7862349 27.311058 0.140625
      vertex 15.015522 27.2498512 0.140625
    endloop
  endfacet
  facet normal 0.15548223708499256 0.5824527869898446 -0.7978558923006139
    outer loop
      vertex 15.015522 27.2498512 0.140625
      vertex 14.7862349 27.311058 0.140625
      vertex 14.9336529 27.4215298 0.25
    endloop
  endfacet
  facet normal 0.13699357585899977 0.5986007771394586 -0.7892463935814981
    outer loop
      vertex 14.7862349 27.311058 0.140625
      vertex 14.8139315 27.4489288 0.25
      vertex 14.9336529 27.4215298 0.25
    endloop
  endfacet
  facet normal 0.033577418169749886 0.05664563023746467 -0.9978295593757754
    outer loop
      vertex 14.9940882 26.584734 0.0
      vertex 14.9033966 26.6384926 0.0
      vertex 15.0836296 26.8068962 0.015625
    endloop
  endfacet
  facet normal 0.028715008045946976 0.061835092247909444 -0.9976732279056172
    outer loop
      vertex 14.9033966 26.6384926 0.0
      vertex 14.89363 26.8951283 0.015625
      vertex 15.0836296 26.8068962 0.015625
    endloop
  endfacet
  facet normal 0.09223286714577483 0.1986148789901925 -0.9757280502587701
    outer loop
      vertex 15.0836296 26.8068962 0.015625
      vertex 14.89363 26.8951283 0.015625
      vertex 15.0712404 27.0429306 0.0625
    endloop
  endfacet
  facet normal 0.08310386951057358 0.20914685624718063 -0.9743466217903619
    outer loop
      vertex 14.89363 26.8951283 0.015625
      vertex 14.9596548 27.0872688 0.0625
      vertex 15.0712404 27.0429306 0.0625
    endloop
  endfacet
  facet normal 0.15294634930791343 0.3849188770706191 -0.9101894705543869
    outer loop
      vertex 15.0712404 27.0429306 0.0625
      vertex 14.9596548 27.0872688 0.0625
      vertex 15.1423273 27.1994209 0.140625
    endloop
  endfacet
  facet normal 0.15303446609702312 0.3848000385437575 -0.9102249076591575
    outer loop
      vertex 14.9596548 27.0872688 0.0625
      vertex 15.015522 27.2498512 0.140625
      vertex 15.1423273 27.1994209 0.140625
    endloop
  endfacet
  facet normal 0.2270375260410071 0.5708782537658574 -0.7890196329283728
    outer loop
      vertex 15.1423273 27.1994209 0.140625
      vertex 15.015522 27.2498512 0.140625
      vertex 15.2004881 27.3274593 0.25
    endloop
  endfacet
  facet normal 0.22711735699083438 0.5707680104199594 -0.7890764122914453
    outer loop
      vertex 15.015522 27.2498512 0.140625
      vertex 15.0612316 27.3828716 0.25
      vertex 15.2004881 27.3274593 0.25
    endloop
  endfacet
  facet normal 0.044244877890231876 0.04919060951187071 -0.9978089369795848
    outer loop
      vertex 15.0565386 26.5285625 0.0
      vertex 14.9940882 26.584734 0.0
      vertex 15.2076597 26.7095814 0.015625
    endloop
  endfacet
  facet normal 0.04182827154917611 0.0533111582521006 -0.9977015165394046
    outer loop
      vertex 14.9940882 26.584734 0.0
      vertex 15.0836296 26.8068962 0.015625
      vertex 15.2076597 26.7095814 0.015625
    endloop
  endfacet
  facet normal 0.13972423725324665 0.17808196819953473 -0.9740451478890382
    outer loop
      vertex 15.2076597 26.7095814 0.015625
      vertex 15.0836296 26.8068962 0.015625
      vertex 15.3509893 26.8535137 0.0625
    endloop
  endfacet
  facet normal 0.13979560740356026 0.177727456567916 -0.9740996557501543
    outer loop
      vertex 15.0836296 26.8068962 0.015625
      vertex 15.1910124 26.9793472 0.0625
      vertex 15.3509893 26.8535137 0.0625
    endloop
  endfacet
  facet normal 0.2572808073977342 0.32709084621334555 -0.9092954219989273
    outer loop
      vertex 15.3509893 26.8535137 0.0625
      vertex 15.1910124 26.9793472 0.0625
      vertex 15.4722691 26.9753017 0.140625
    endloop
  endfacet
  facet normal 0.2573129429428257 0.32668529326263557 -0.9094321132223162
    outer loop
      vertex 15.1910124 26.9793472 0.0625
      vertex 15.2818727 27.125267 0.140625
      vertex 15.4722691 26.9753017 0.140625
    endloop
  endfacet
  facet normal 0.36844291067494883 0.4677762375564974 -0.8033898263924301
    outer loop
      vertex 15.4722691 26.9753017 0.140625
      vertex 15.2818727 27.125267 0.140625
      vertex 15.4644022 27.1693459 0.25
    endloop
  endfacet
  facet normal 0.35101503617065855 0.504245155178231 -0.7890027045970078
    outer loop
      vertex 15.2818727 27.125267 0.140625
      vertex 15.3562145 27.2446575 0.25
      vertex 15.4644022 27.1693459 0.25
    endloop
  endfacet
  facet normal 0.05347734834768812 0.03976781245612172 -0.9977768760129464
    outer loop
      vertex 15.1087618 26.4583359 0.0
      vertex 15.0565386 26.5285625 0.0
      vertex 15.3055983 26.5856743 0.015625
    endloop
  endfacet
  facet normal 0.052988489393573646 0.041883140411819765 -0.9977164038648613
    outer loop
      vertex 15.0565386 26.5285625 0.0
      vertex 15.2076597 26.7095814 0.015625
      vertex 15.3055983 26.5856743 0.015625
    endloop
  endfacet
  facet normal 0.17739235860285105 0.1402143965298275 -0.9741005462040835
    outer loop
      vertex 15.3055983 26.5856743 0.015625
      vertex 15.2076597 26.7095814 0.015625
      vertex 15.4776869 26.6936073 0.0625
    endloop
  endfacet
  facet normal 0.1774038360529191 0.14056122993637676 -0.9740484688107065
    outer loop
      vertex 15.2076597 26.7095814 0.015625
      vertex 15.3509893 26.8535137 0.0625
      vertex 15.4776869 26.6936073 0.0625
    endloop
  endfacet
  facet normal 0.3259496081552251 0.2582575373731589 -0.9094283354577242
    outer loop
      vertex 15.4776869 26.6936073 0.0625
      vertex 15.3509893 26.8535137 0.0625
      vertex 15.6233015 26.784935 0.140625
    endloop
  endfacet
  facet normal 0.32600998753808663 0.25864854957220845 -0.9092955602165939
    outer loop
      vertex 15.3509893 26.8535137 0.0625
      vertex 15.4722691 26.9753017 0.140625
      vertex 15.6233015 26.784935 0.140625
    endloop
  endfacet
  facet normal 0.46639744919688036 0.37002861375484014 -0.8034626589862872
    outer loop
      vertex 15.6233015 26.784935 0.140625
      vertex 15.4722691 26.9753017 0.140625
      vertex 15.6664457 26.9680462 0.25
    endloop
  endfacet
  facet normal 0.459558310418645 0.40818756086815644 -0.7887896262487644
    outer loop
      vertex 15.4722691 26.9753017 0.140625
      vertex 15.571496 27.0749454 0.25
      vertex 15.6664457 26.9680462 0.25
    endloop
  endfacet
  facet normal -0.015495570118989355 0.9076422144704827 -0.4194585769987375
    outer loop
      vertex 14.25 27.6973248 0.5936515300000003
      vertex 14.3899689 27.685318 0.5625
      vertex 14.3889952 27.6018467 0.38191723999999994
    endloop
  endfacet
  facet normal 0.04330581627955336 0.9067788619011173 -0.4193765633481153
    outer loop
      vertex 14.3899689 27.685318 0.5625
      vertex 14.528676 27.5992031 0.390625
      vertex 14.3889952 27.6018467 0.38191723999999994
    endloop
  endfacet
  facet normal 0.05318827596948853 0.7874004656000375 -0.6141429101375653
    outer loop
      vertex 14.3889952 27.6018467 0.38191723999999994
      vertex 14.528676 27.5992031 0.390625
      vertex 14.5198078 27.4901199 0.25
    endloop
  endfacet
  facet normal 0.08569285087541127 0.7846152716154444 -0.6140322555506891
    outer loop
      vertex 14.528676 27.5992031 0.390625
      vertex 14.6773643 27.5829639 0.390625
      vertex 14.5198078 27.4901199 0.25
    endloop
  endfacet
  facet normal 0.08559343190959913 0.784679898291607 -0.6139635344472911
    outer loop
      vertex 14.5198078 27.4901199 0.25
      vertex 14.6773643 27.5829639 0.390625
      vertex 14.6628056 27.4745216 0.25
    endloop
  endfacet
  facet normal 0.13194554470955877 0.7783147411520002 -0.6138538400440229
    outer loop
      vertex 14.6773643 27.5829639 0.390625
      vertex 14.835474 27.55616 0.390625
      vertex 14.6628056 27.4745216 0.25
    endloop
  endfacet
  facet normal 0.13182201590330406 0.778411146619459 -0.6137581306522695
    outer loop
      vertex 14.6628056 27.4745216 0.25
      vertex 14.835474 27.55616 0.390625
      vertex 14.8139315 27.4489288 0.25
    endloop
  endfacet
  facet normal 0.17602101265210623 0.7695876537238864 -0.6138008197621526
    outer loop
      vertex 14.835474 27.55616 0.390625
      vertex 14.9615126 27.5273323 0.390625
      vertex 14.8139315 27.4489288 0.25
    endloop
  endfacet
  facet normal 0.17610998236643355 0.7695220133173707 -0.6138575935270938
    outer loop
      vertex 14.8139315 27.4489288 0.25
      vertex 14.9615126 27.5273323 0.390625
      vertex 14.9336529 27.4215298 0.25
    endloop
  endfacet
  facet normal 0.22899666046556627 0.7555196353654201 -0.6138001385409757
    outer loop
      vertex 14.9615126 27.5273323 0.390625
      vertex 15.0967836 27.4863319 0.390625
      vertex 14.9336529 27.4215298 0.25
    endloop
  endfacet
  facet normal 0.2289470507399509 0.7555645917874894 -0.613763305839053
    outer loop
      vertex 14.9336529 27.4215298 0.25
      vertex 15.0967836 27.4863319 0.390625
      vertex 15.0612316 27.3828716 0.25
    endloop
  endfacet
  facet normal 0.29203430663805785 0.7336421147498071 -0.6135839072301846
    outer loop
      vertex 15.0967836 27.4863319 0.390625
      vertex 15.2457256 27.4270439 0.390625
      vertex 15.0612316 27.3828716 0.25
    endloop
  endfacet
  facet normal 0.291961682498596 0.7337281079988642 -0.6135156391527407
    outer loop
      vertex 15.0612316 27.3828716 0.25
      vertex 15.2457256 27.4270439 0.390625
      vertex 15.2004881 27.3274593 0.25
    endloop
  endfacet
  facet normal 0.3709680919076461 0.6973979690882343 -0.6132036753787491
    outer loop
      vertex 15.2457256 27.4270439 0.390625
      vertex 15.4140348 27.3375149 0.390625
      vertex 15.2004881 27.3274593 0.25
    endloop
  endfacet
  facet normal 0.37088933495214266 0.6975362966806291 -0.613093969984888
    outer loop
      vertex 15.2004881 27.3274593 0.25
      vertex 15.4140348 27.3375149 0.390625
      vertex 15.3562145 27.2446575 0.25
    endloop
  endfacet
  facet normal 0.4512977712961123 0.648052696407709 -0.6134802558370234
    outer loop
      vertex 15.4140348 27.3375149 0.390625
      vertex 15.5317202 27.2555599 0.390625
      vertex 15.3562145 27.2446575 0.25
    endloop
  endfacet
  facet normal 0.4512186511554923 0.6481910896278357 -0.6133922400686997
    outer loop
      vertex 15.3562145 27.2446575 0.25
      vertex 15.5317202 27.2555599 0.390625
      vertex 15.4644022 27.1693459 0.25
    endloop
  endfacet
  facet normal 0.522357182472526 0.5924717441360878 -0.6132863982836292
    outer loop
      vertex 15.5317202 27.2555599 0.390625
      vertex 15.648674 27.1524467 0.390625
      vertex 15.4644022 27.1693459 0.25
    endloop
  endfacet
  facet normal 0.5223239209760526 0.5925567505280745 -0.6132325977798403
    outer loop
      vertex 15.4644022 27.1693459 0.25
      vertex 15.648674 27.1524467 0.390625
      vertex 15.571496 27.0749454 0.25
    endloop
  endfacet
  facet normal 0.5905281339257533 0.524624455886067 -0.6132256544930388
    outer loop
      vertex 15.648674 27.1524467 0.390625
      vertex 15.7523918 27.0356998 0.390625
      vertex 15.571496 27.0749454 0.25
    endloop
  endfacet
  facet normal 0.590550520291465 0.5245370848099755 -0.6132788351496671
    outer loop
      vertex 15.571496 27.0749454 0.25
      vertex 15.7523918 27.0356998 0.390625
      vertex 15.6664457 26.9680462 0.25
    endloop
  endfacet
  facet normal 0.696414517258519 0.37303879781820387 -0.6130651478219367
    outer loop
      vertex 15.7424402 26.8596573 0.25
      vertex 15.835103 26.9177761 0.390625
      vertex 15.9257069 26.7486305 0.390625
    endloop
  endfacet
  facet normal 0.06745442017499953 0.014255560079968747 -0.997620509114393
    outer loop
      vertex 15.2240715 26.1087856 0.0
      vertex 15.1948671 26.2469749 0.0
      vertex 15.3947029 26.3948479 0.015625
    endloop
  endfacet
  facet normal 0.06310514981894894 0.02015249547726392 -0.9978033959615324
    outer loop
      vertex 15.1948671 26.2469749 0.0
      vertex 15.1643057 26.3426743 0.0
      vertex 15.3947029 26.3948479 0.015625
    endloop
  endfacet
  facet normal 0.06119240655549943 0.028573221048896407 -0.9977169239913881
    outer loop
      vertex 15.3947029 26.3948479 0.015625
      vertex 15.1643057 26.3426743 0.0
      vertex 15.3055983 26.5856743 0.015625
    endloop
  endfacet
  facet normal 0.06318832112458077 0.027406798634548885 -0.9976252319694318
    outer loop
      vertex 15.1643057 26.3426743 0.0
      vertex 15.1338015 26.4130039 0.0
      vertex 15.3055983 26.5856743 0.015625
    endloop
  endfacet
  facet normal 0.05835251385148684 0.03223174448705223 -0.9977755753547656
    outer loop
      vertex 15.3055983 26.5856743 0.015625
      vertex 15.1338015 26.4130039 0.0
      vertex 15.1087618 26.4583359 0.0
    endloop
  endfacet
  facet normal 0.6964020401849413 0.3728708828304872 -0.613181460224838
    outer loop
      vertex 15.7424402 26.8596573 0.25
      vertex 15.9257069 26.7486305 0.390625
      vertex 15.8262157 26.7031918 0.25
    endloop
  endfacet
  facet normal 0.7332388381679259 0.2932125197356131 -0.6135040541613748
    outer loop
      vertex 15.9257069 26.7486305 0.390625
      vertex 15.9856806 26.5986538 0.390625
      vertex 15.8262157 26.7031918 0.25
    endloop
  endfacet
  facet normal 0.733225200465719 0.2930929197012993 -0.613577497813417
    outer loop
      vertex 15.8262157 26.7031918 0.25
      vertex 15.9856806 26.5986538 0.390625
      vertex 15.8822594 26.5629883 0.25
    endloop
  endfacet
  facet normal 0.7553844695786366 0.22955214163131327 -0.6137590059558223
    outer loop
      vertex 15.9856806 26.5986538 0.390625
      vertex 16.027113 26.4623127 0.390625
      vertex 15.8822594 26.5629883 0.25
    endloop
  endfacet
  facet normal 0.7553746646891101 0.2294873209510362 -0.6137953123546404
    outer loop
      vertex 15.8822594 26.5629883 0.25
      vertex 16.027113 26.4623127 0.390625
      vertex 15.9213228 26.4344082 0.25
    endloop
  endfacet
  facet normal 0.7694917539882623 0.17625809094491068 -0.6138530165442889
    outer loop
      vertex 16.027113 26.4623127 0.390625
      vertex 16.0561275 26.3356438 0.390625
      vertex 15.9213228 26.4344082 0.25
    endloop
  endfacet
  facet normal 0.7695086492537502 0.17634813052737042 -0.6138059755192764
    outer loop
      vertex 15.9213228 26.4344082 0.25
      vertex 16.0561275 26.3356438 0.390625
      vertex 15.9488955 26.3140926 0.25
    endloop
  endfacet
  facet normal 0.7783534301054058 0.13210611919297208 -0.6137702429369816
    outer loop
      vertex 16.0561275 26.3356438 0.390625
      vertex 16.0829792 26.1774368 0.390625
      vertex 15.9488955 26.3140926 0.25
    endloop
  endfacet
  facet normal 0.778309078407945 0.13197590476627302 -0.6138544933686637
    outer loop
      vertex 15.9488955 26.3140926 0.25
      vertex 16.0829792 26.1774368 0.390625
      vertex 15.9745369 26.1628761 0.25
    endloop
  endfacet
  facet normal 0.7846535828740141 0.08581021949970793 -0.6139669055514185
    outer loop
      vertex 16.0829792 26.1774368 0.390625
      vertex 16.0992241 26.0288925 0.390625
      vertex 15.9745369 26.1628761 0.25
    endloop
  endfacet
  facet normal 0.784614200145755 0.08570537807029595 -0.6140318762893867
    outer loop
      vertex 15.9745369 26.1628761 0.25
      vertex 16.0992241 26.0288925 0.390625
      vertex 15.9901419 26.0200157 0.25
    endloop
  endfacet
  facet normal 0.7891927598507358 0.023883409314630896 -0.6136810006499213
    outer loop
      vertex 16.0992241 26.0288925 0.390625
      vertex 15.9830694 25.8881207 0.23577165000000022
      vertex 15.9901419 26.0200157 0.25
    endloop
  endfacet
  facet normal 0.6238304467981104 0.05068317314176042 -0.7799146040483871
    outer loop
      vertex 15.9901419 26.0200157 0.25
      vertex 15.9830694 25.8881207 0.23577165000000022
      vertex 15.8945522 25.8808537 0.16449713
    endloop
  endfacet
  facet normal 0.6282810450380439 -0.027054698352826295 -0.7775158980644326
    outer loop
      vertex 15.9830694 25.8881207 0.23577165000000022
      vertex 15.859375 25.75 0.140625
      vertex 15.8945522 25.8808537 0.16449713
    endloop
  endfacet
  facet normal 0.4435081429512344 0.044084425072559254 -0.8951855062510615
    outer loop
      vertex 15.8945522 25.8808537 0.16449713
      vertex 15.859375 25.75 0.140625
      vertex 15.7424879 25.75 0.08271479000000026
    endloop
  endfacet
  facet normal 0.34501187988116694 0.012726239871329688 -0.9385120380472487
    outer loop
      vertex 15.7424879 25.75 0.08271479000000026
      vertex 15.687499 25.75 0.0625
      vertex 15.6784744 25.9946594 0.0625
    endloop
  endfacet
  facet normal 0.2531301799169594 0.009337056420798084 -0.9673871672668615
    outer loop
      vertex 15.687499 25.75 0.0625
      vertex 15.5524244 25.75 0.027155870000000082
      vertex 15.6784744 25.9946594 0.0625
    endloop
  endfacet
  facet normal 0.22337293905402472 0.02568049369456237 -0.974394705620864
    outer loop
      vertex 15.6784744 25.9946594 0.0625
      vertex 15.5524244 25.75 0.027155870000000082
      vertex 15.4758921 25.9781742 0.015625
    endloop
  endfacet
  facet normal 0.1670637889218298 0.006210980097859818 -0.9859265257397766
    outer loop
      vertex 15.5524244 25.75 0.027155870000000082
      vertex 15.484375 25.75 0.015625
      vertex 15.4758921 25.9781742 0.015625
    endloop
  endfacet
  facet normal 0.12201654682869777 0.004536245399756982 -0.9925176999820574
    outer loop
      vertex 15.4758921 25.9781742 0.015625
      vertex 15.484375 25.75 0.015625
      vertex 15.4290895 25.75 0.00882840000000007
    endloop
  endfacet
  facet normal 0.646600872620043 0.4535232026764062 -0.6133710265093507
    outer loop
      vertex 15.7523918 27.0356998 0.390625
      vertex 15.835103 26.9177761 0.390625
      vertex 15.6664457 26.9680462 0.25
    endloop
  endfacet
  facet normal 0.6466270954198812 0.4533684058320148 -0.6134578127811117
    outer loop
      vertex 15.835103 26.9177761 0.390625
      vertex 15.7424402 26.8596573 0.25
      vertex 15.6664457 26.9680462 0.25
    endloop
  endfacet
  facet normal 0.5030893541084381 0.3527300666469843 -0.7889756662064861
    outer loop
      vertex 15.6664457 26.9680462 0.25
      vertex 15.7424402 26.8596573 0.25
      vertex 15.6233015 26.784935 0.140625
    endloop
  endfacet
  facet normal 0.5420176996562219 0.29020968710386535 -0.7886666918099522
    outer loop
      vertex 15.7424402 26.8596573 0.25
      vertex 15.8262157 26.7031918 0.25
      vertex 15.6233015 26.784935 0.140625
    endloop
  endfacet
  facet normal 0.5419863588942931 0.28999974999175615 -0.7887654478850006
    outer loop
      vertex 15.6233015 26.784935 0.140625
      vertex 15.8262157 26.7031918 0.25
      vertex 15.6982985 26.6447716 0.140625
    endloop
  endfacet
  facet normal 0.5704910584725675 0.22804302127778137 -0.7890097164479983
    outer loop
      vertex 15.8262157 26.7031918 0.25
      vertex 15.8822594 26.5629883 0.25
      vertex 15.6982985 26.6447716 0.140625
    endloop
  endfacet
  facet normal 0.5704637378628973 0.22789981589681246 -0.7890708445365919
    outer loop
      vertex 15.6982985 26.6447716 0.140625
      vertex 15.8822594 26.5629883 0.25
      vertex 15.7492905 26.5171318 0.140625
    endloop
  endfacet
  facet normal 0.5939265729200928 0.15890787302002174 -0.7886694579300293
    outer loop
      vertex 15.8822594 26.5629883 0.25
      vertex 15.8110275 26.2863865 0.140625
      vertex 15.7492905 26.5171318 0.140625
    endloop
  endfacet
  facet normal 0.4004983235034573 0.10715522698894542 -0.9100103571937342
    outer loop
      vertex 15.7492905 26.5171318 0.140625
      vertex 15.8110275 26.2863865 0.140625
      vertex 15.586771 26.4610844 0.0625
    endloop
  endfacet
  facet normal 0.40042258362898675 0.10703686714003818 -0.910057615534716
    outer loop
      vertex 15.8110275 26.2863865 0.140625
      vertex 15.6425219 26.2525215 0.0625
      vertex 15.586771 26.4610844 0.0625
    endloop
  endfacet
  facet normal 0.21770722232352208 0.058195266660735614 -0.974277617666783
    outer loop
      vertex 15.586771 26.4610844 0.0625
      vertex 15.6425219 26.2525215 0.0625
      vertex 15.3947029 26.3948479 0.015625
    endloop
  endfacet
  facet normal 0.2176559903651024 0.0581004273635491 -0.9742947245050438
    outer loop
      vertex 15.6425219 26.2525215 0.0625
      vertex 15.4433784 26.2124996 0.015625
      vertex 15.3947029 26.3948479 0.015625
    endloop
  endfacet
  facet normal 0.06312598827925738 0.016850659109446192 -0.9978632997015896
    outer loop
      vertex 15.3947029 26.3948479 0.015625
      vertex 15.4433784 26.2124996 0.015625
      vertex 15.2240715 26.1087856 0.0
    endloop
  endfacet
  facet normal 0.06670808561696413 0.009256046008346645 -0.9977296011072395
    outer loop
      vertex 15.4433784 26.2124996 0.015625
      vertex 15.4758921 25.9781742 0.015625
      vertex 15.2240715 26.1087856 0.0
    endloop
  endfacet
  facet normal 0.06566382882706856 0.0072324174117448315 -0.9978155910398232
    outer loop
      vertex 15.2240715 26.1087856 0.0
      vertex 15.4758921 25.9781742 0.015625
      vertex 15.2451124 25.9177532 0.0
    endloop
  endfacet
  facet normal 0.06317103147043208 0.01676569716574551 -0.9978618803128558
    outer loop
      vertex 15.4758921 25.9781742 0.015625
      vertex 15.4290895 25.75 0.00882840000000007
      vertex 15.2451124 25.9177532 0.0
    endloop
  endfacet
  facet normal 0.049236183586797176 0.001434528646242394 -0.9987861334406732
    outer loop
      vertex 15.2451124 25.9177532 0.0
      vertex 15.4290895 25.75 0.00882840000000007
      vertex 15.25 25.75 0.0
    endloop
  endfacet
  facet normal 0.7749530534974519 -0.0518961133874759 -0.6298845594950314
    outer loop
      vertex 15.9453564 25.75 0.20075273000000005
      vertex 15.9830694 25.8881207 0.23577165000000022
      vertex 16.1019802 25.8882408 0.38205886000000033
    endloop
  endfacet
  facet normal 0.7748431318143432 0.053545037993526334 -0.6298817746104519
    outer loop
      vertex 15.9830694 25.8881207 0.23577165000000022
      vertex 16.0992241 26.0288925 0.390625
      vertex 16.1019802 25.8882408 0.38205886000000033
    endloop
  endfacet
  facet normal 0.9093440354142124 0.04302143165814075 -0.4138146706856578
    outer loop
      vertex 16.1019802 25.8882408 0.38205886000000033
      vertex 16.0992241 26.0288925 0.390625
      vertex 16.1771393 26.0352306 0.5625
    endloop
  endfacet
  facet normal 0.9049363437051232 0.09896441943484743 -0.41387952054616894
    outer loop
      vertex 16.0992241 26.0288925 0.390625
      vertex 16.0829792 26.1774368 0.390625
      vertex 16.1771393 26.0352306 0.5625
    endloop
  endfacet
  facet normal 0.9049492867418575 0.09902459121205477 -0.4138368262500195
    outer loop
      vertex 16.1771393 26.0352306 0.5625
      vertex 16.0829792 26.1774368 0.390625
      vertex 16.1604404 26.1878357 0.5625
    endloop
  endfacet
  facet normal 0.897562099903256 0.15233882342736826 -0.4137331986848801
    outer loop
      vertex 16.0829792 26.1774368 0.390625
      vertex 16.0561275 26.3356438 0.390625
      vertex 16.1604404 26.1878357 0.5625
    endloop
  endfacet
  facet normal 0.8975843805125722 0.15246467316218953 -0.4136384934908851
    outer loop
      vertex 16.1604404 26.1878357 0.5625
      vertex 16.0561275 26.3356438 0.390625
      vertex 16.132719 26.3510361 0.5625
    endloop
  endfacet
  facet normal 0.887443581693299 0.2032758775124714 -0.4136699251008024
    outer loop
      vertex 16.0561275 26.3356438 0.390625
      vertex 16.027113 26.4623127 0.390625
      vertex 16.132719 26.3510361 0.5625
    endloop
  endfacet
  facet normal 0.8874392107047432 0.2031986314056104 -0.41371725066599413
    outer loop
      vertex 16.132719 26.3510361 0.5625
      vertex 16.027113 26.4623127 0.390625
      vertex 16.1026764 26.4822426 0.5625
    endloop
  endfacet
  facet normal 0.8710953365898663 0.2647152650501205 -0.4136650130490032
    outer loop
      vertex 16.027113 26.4623127 0.390625
      vertex 15.9856806 26.5986538 0.390625
      vertex 16.1026764 26.4822426 0.5625
    endloop
  endfacet
  facet normal 0.8710957812412988 0.2647484678238544 -0.41364282743513486
    outer loop
      vertex 16.1026764 26.4822426 0.5625
      vertex 15.9856806 26.5986538 0.390625
      vertex 16.0595531 26.6241302 0.5625
    endloop
  endfacet
  facet normal 0.8454241911309766 0.3380739595659345 -0.4134778529908765
    outer loop
      vertex 15.9856806 26.5986538 0.390625
      vertex 15.9257069 26.7486305 0.390625
      vertex 16.0595531 26.6241302 0.5625
    endloop
  endfacet
  facet normal 0.8454214205245225 0.33815768775002036 -0.41341504560654074
    outer loop
      vertex 16.0595531 26.6241302 0.5625
      vertex 15.9257069 26.7486305 0.390625
      vertex 15.9967728 26.781086 0.5625
    endloop
  endfacet
  facet normal 0.8027624421700653 0.4300047298548232 -0.4131203138840223
    outer loop
      vertex 15.9257069 26.7486305 0.390625
      vertex 15.835103 26.9177761 0.390625
      vertex 15.9967728 26.781086 0.5625
    endloop
  endfacet
  facet normal 0.8027532157019077 0.4301129707168285 -0.4130255526010357
    outer loop
      vertex 15.9967728 26.781086 0.5625
      vertex 15.835103 26.9177761 0.390625
      vertex 15.9012918 26.9592896 0.5625
    endloop
  endfacet
  facet normal 0.7454727481125174 0.5228715310296828 -0.4133711937958991
    outer loop
      vertex 15.835103 26.9177761 0.390625
      vertex 15.7523918 27.0356998 0.390625
      vertex 15.9012918 26.9592896 0.5625
    endloop
  endfacet
  facet normal 0.745441587270704 0.5229729185811028 -0.41329912460359347
    outer loop
      vertex 15.9012918 26.9592896 0.5625
      vertex 15.7523918 27.0356998 0.390625
      vertex 15.8137827 27.0840244 0.5625
    endloop
  endfacet
  facet normal 0.6807825164259301 0.6048063364608568 -0.4132123675612518
    outer loop
      vertex 15.7523918 27.0356998 0.390625
      vertex 15.648674 27.1524467 0.390625
      vertex 15.8137827 27.0840244 0.5625
    endloop
  endfacet
  facet normal 0.6807614980265895 0.604857776992272 -0.41317169846997115
    outer loop
      vertex 15.8137827 27.0840244 0.5625
      vertex 15.648674 27.1524467 0.390625
      vertex 15.7038012 27.2078075 0.5625
    endloop
  endfacet
  facet normal 0.6022382504943905 0.683075027258086 -0.41317986008253194
    outer loop
      vertex 15.648674 27.1524467 0.390625
      vertex 15.5317202 27.2555599 0.390625
      vertex 15.7038012 27.2078075 0.5625
    endloop
  endfacet
  facet normal 0.6022681012495391 0.6830216580932694 -0.4132245742847294
    outer loop
      vertex 15.7038012 27.2078075 0.5625
      vertex 15.5317202 27.2555599 0.390625
      vertex 15.5798063 27.3171425 0.5625
    endloop
  endfacet
  facet normal 0.5203740180904005 0.7472445179498343 -0.4133237371484628
    outer loop
      vertex 15.5317202 27.2555599 0.390625
      vertex 15.4140348 27.3375149 0.390625
      vertex 15.5798063 27.3171425 0.5625
    endloop
  endfacet
  facet normal 0.5204453520398029 0.7471506157828132 -0.4134036681931219
    outer loop
      vertex 15.5798063 27.3171425 0.5625
      vertex 15.4140348 27.3375149 0.390625
      vertex 15.4553366 27.4038448 0.5625
    endloop
  endfacet
  facet normal 0.4276880005758965 0.8040280269692114 -0.41306404589529366
    outer loop
      vertex 15.4140348 27.3375149 0.390625
      vertex 15.2457256 27.4270439 0.390625
      vertex 15.4553366 27.4038448 0.5625
    endloop
  endfacet
  facet normal 0.42773894378034777 0.8039646057377915 -0.4131347343113988
    outer loop
      vertex 15.4553366 27.4038448 0.5625
      vertex 15.2457256 27.4270439 0.390625
      vertex 15.2780371 27.4981747 0.5625
    endloop
  endfacet
  facet normal 0.33675195573005123 0.845980802023114 -0.41341819374613203
    outer loop
      vertex 15.2457256 27.4270439 0.390625
      vertex 15.0967836 27.4863319 0.390625
      vertex 15.2780371 27.4981747 0.5625
    endloop
  endfacet
  facet normal 0.33681664659907007 0.8459236308630464 -0.4134824752286819
    outer loop
      vertex 15.2780371 27.4981747 0.5625
      vertex 15.0967836 27.4863319 0.390625
      vertex 15.1221781 27.5602322 0.5625
    endloop
  endfacet
  facet normal 0.2640879489038663 0.8712949370292353 -0.41364560671058714
    outer loop
      vertex 15.0967836 27.4863319 0.390625
      vertex 14.9615126 27.5273323 0.390625
      vertex 15.1221781 27.5602322 0.5625
    endloop
  endfacet
  facet normal 0.26412441656472574 0.8712699674276063 -0.4136749163691715
    outer loop
      vertex 15.1221781 27.5602322 0.5625
      vertex 14.9615126 27.5273323 0.390625
      vertex 14.9814119 27.6029053 0.5625
    endloop
  endfacet
  facet normal 0.2029863721386677 0.8874838493337782 -0.41372569402646736
    outer loop
      vertex 14.9615126 27.5273323 0.390625
      vertex 14.835474 27.55616 0.390625
      vertex 14.9814119 27.6029053 0.5625
    endloop
  endfacet
  facet normal 0.2029269420175771 0.8875167867812164 -0.41368419039762677
    outer loop
      vertex 14.9814119 27.6029053 0.5625
      vertex 14.835474 27.55616 0.390625
      vertex 14.8508606 27.6327553 0.5625
    endloop
  endfacet
  facet normal 0.15217270061959468 0.8976298241357777 -0.4136473957468026
    outer loop
      vertex 14.835474 27.55616 0.390625
      vertex 14.6773643 27.5829639 0.390625
      vertex 14.8508606 27.6327553 0.5625
    endloop
  endfacet
  facet normal 0.15226516314524544 0.8975780417164446 -0.41372572934351576
    outer loop
      vertex 14.8508606 27.6327553 0.5625
      vertex 14.6773643 27.5829639 0.390625
      vertex 14.6877623 27.6604233 0.5625
    endloop
  endfacet
  facet normal 0.09883802631495903 0.9049742664740564 -0.4138268014204818
    outer loop
      vertex 14.6773643 27.5829639 0.390625
      vertex 14.528676 27.5992031 0.390625
      vertex 14.6877623 27.6604233 0.5625
    endloop
  endfacet
  facet normal 0.09890560334358324 0.9049433196729725 -0.4138783272974103
    outer loop
      vertex 14.6877623 27.6604233 0.5625
      vertex 14.528676 27.5992031 0.390625
      vertex 14.5350103 27.6771183 0.5625
    endloop
  endfacet
  facet normal 0.051381519761594475 0.9088683196154154 -0.4139061693505425
    outer loop
      vertex 14.528676 27.5992031 0.390625
      vertex 14.3899689 27.685318 0.5625
      vertex 14.5350103 27.6771183 0.5625
    endloop
  endfacet
  facet normal 0.05499757821780767 0.972831413505568 -0.22488732131210679
    outer loop
      vertex 14.5350103 27.6771183 0.5625
      vertex 14.3899689 27.685318 0.5625
      vertex 14.3917389 27.7321739 0.765625
    endloop
  endfacet
  facet normal 0.015129703788067897 0.974270851958553 -0.22487196154087508
    outer loop
      vertex 14.3899689 27.685318 0.5625
      vertex 14.25 27.734375 0.765625
      vertex 14.3917389 27.7321739 0.765625
    endloop
  endfacet
  facet normal 0.01541828265276914 0.9928537654318124 -0.11833713292078314
    outer loop
      vertex 14.3917389 27.7321739 0.765625
      vertex 14.25 27.734375 0.765625
      vertex 14.25 27.7422638 0.8318123800000001
    endloop
  endfacet
  facet normal 0.06173518036030682 -0.025956428942079963 -0.9977549956289143
    outer loop
      vertex 15.1384935 -26.4033966 0.0
      vertex 15.1665983 -26.3365517 0.0
      vertex 15.3951292 -26.3936291 0.015625
    endloop
  endfacet
  facet normal 0.06468116327945177 -0.014209498560778345 -0.9978048092024152
    outer loop
      vertex 15.1942501 -26.2493095 0.0
      vertex 15.2204294 -26.1301422 0.0
      vertex 15.4434032 -26.2123756 0.015625
    endloop
  endfacet
  facet normal 0.03812311661973808 -0.7416211350259853 -0.6697348132372746
    outer loop
      vertex 14.3882389 -27.6019821 0.38205886000000033
      vertex 14.25 -27.5922966 0.3634648300000003
      vertex 14.25 -27.4453564 0.20075273000000005
    endloop
  endfacet
  facet normal 0.015080445093568652 -0.9774591938477528 -0.21058514795274852
    outer loop
      vertex 14.392045 -27.7321835 0.765625
      vertex 14.25 -27.734375 0.765625
      vertex 14.25 -27.6973248 0.5936515300000003
    endloop
  endfacet
  facet normal 0.015317979384956177 -0.9928552962525727 -0.11833731537760218
    outer loop
      vertex 14.25 -27.734375 0.765625
      vertex 14.392045 -27.7321835 0.765625
      vertex 14.25 -27.7422638 0.8318123800000001
    endloop
  endfacet
  facet normal 0.058466337223487964 -0.6169274438976791 -0.7848453455156278
    outer loop
      vertex 14.3808527 -27.3945541 0.16449713
      vertex 14.511198 -27.359148 0.14637613000000016
      vertex 14.5200167 -27.4901409 0.25
    endloop
  endfacet
  facet normal 0.05123329855902237 -0.5723306546496009 -0.8184209008005119
    outer loop
      vertex 14.3881216 -27.4830685 0.23577165000000022
      vertex 14.25 -27.4453564 0.20075273000000005
      vertex 14.25 -27.359375 0.140625
    endloop
  endfacet
  facet normal 0.06731496792978842 -0.6162141196258137 -0.7846966636009068
    outer loop
      vertex 14.5200167 -27.4901409 0.25
      vertex 14.511198 -27.359148 0.14637613000000016
      vertex 14.6628761 -27.474535 0.25
    endloop
  endfacet
  facet normal 0.4610907070563965 -0.4064280037197564 -0.7888039285263518
    outer loop
      vertex 15.6693459 -26.9644012 0.25
      vertex 15.5749464 -27.071497 0.25
      vertex 15.4753008 -26.9722672 0.140625
    endloop
  endfacet
  facet normal 0.5877250461202097 -0.1781006347197269 -0.7892144411219475
    outer loop
      vertex 15.9215317 -26.4336548 0.25
      vertex 15.8828716 -26.5612316 0.25
      vertex 15.7498512 -26.515522 0.140625
    endloop
  endfacet
  facet normal 0.22182587730086475 -0.03743377843909482 -0.9743674832379591
    outer loop
      vertex 15.6646852 -26.121212 0.0625
      vertex 15.6425495 -26.2523842 0.0625
      vertex 15.4434032 -26.2123756 0.015625
    endloop
  endfacet
  facet normal 0.40816998224935486 -0.0690224783433578 -0.910292899606441
    outer loop
      vertex 15.8350954 -26.1440887 0.140625
      vertex 15.811058 -26.2862358 0.140625
      vertex 15.6425495 -26.2523842 0.0625
    endloop
  endfacet
  facet normal 0.9769007133197528 -0.03694279487040315 -0.21047618920562394
    outer loop
      vertex 16.185318 -25.8899689 0.5625
      vertex 16.1973228 -25.75 0.5936515300000003
      vertex 16.234375 -25.75 0.765625
    endloop
  endfacet
  facet normal 0.1670637731231262 -0.006226186654692776 -0.9859264325037673
    outer loop
      vertex 15.4758778 -25.9780006 0.015625
      vertex 15.484375 -25.75 0.015625
      vertex 15.5524244 -25.75 0.027155870000000082
    endloop
  endfacet
  facet normal 0.22337393997249375 -0.025714449550170045 -0.9743935806569626
    outer loop
      vertex 15.4758778 -25.9780006 0.015625
      vertex 15.5524244 -25.75 0.027155870000000082
      vertex 15.6784582 -25.9944706 0.0625
    endloop
  endfacet
  facet normal 0.2531301231566384 -0.0093610389856073 -0.9673869503460417
    outer loop
      vertex 15.5524244 -25.75 0.027155870000000082
      vertex 15.687499 -25.75 0.0625
      vertex 15.6784582 -25.9944706 0.0625
    endloop
  endfacet
  facet normal 0.3450117361618705 -0.012758925221652881 -0.9385116470975521
    outer loop
      vertex 15.687499 -25.75 0.0625
      vertex 15.7424879 -25.75 0.08271479000000026
      vertex 15.6784582 -25.9944706 0.0625
    endloop
  endfacet
  facet normal 0.4457516261417422 -0.04281352080909693 -0.8941322554454243
    outer loop
      vertex 15.6784582 -25.9944706 0.0625
      vertex 15.7424879 -25.75 0.08271479000000026
      vertex 15.8958263 -25.8790245 0.16533661000000022
    endloop
  endfacet
  facet normal 0.44346673027656974 -0.046149922572706774 -0.8951019180989065
    outer loop
      vertex 15.7424879 -25.75 0.08271479000000026
      vertex 15.859375 -25.75 0.140625
      vertex 15.8958263 -25.8790245 0.16533661000000022
    endloop
  endfacet
  facet normal 0.5730762600260564 0.004948897601827469 -0.8194871009400176
    outer loop
      vertex 15.8958263 -25.8790245 0.16533661000000022
      vertex 15.859375 -25.75 0.140625
      vertex 15.9453564 -25.75 0.20075273000000005
    endloop
  endfacet
  facet normal 0.6054972873724765 -0.10254144621444898 -0.7892137142706163
    outer loop
      vertex 15.9489288 -26.3139305 0.25
      vertex 15.811058 -26.2862358 0.140625
      vertex 15.9745216 -26.1628075 0.25
    endloop
  endfacet
  facet normal 0.6054254841261685 -0.10237883524978747 -0.789289906981897
    outer loop
      vertex 15.811058 -26.2862358 0.140625
      vertex 15.8350954 -26.1440887 0.140625
      vertex 15.9745216 -26.1628075 0.25
    endloop
  endfacet
  facet normal 0.6102959945286739 -0.06657489706238615 -0.7893710041187156
    outer loop
      vertex 15.9745216 -26.1628075 0.25
      vertex 15.8350954 -26.1440887 0.140625
      vertex 15.9901209 -26.0198078 0.25
    endloop
  endfacet
  facet normal 0.5427305165211012 -0.2885685659357008 -0.7887786566525187
    outer loop
      vertex 15.8274584 -26.7004871 0.25
      vertex 15.7446585 -26.8562145 0.25
      vertex 15.6994219 -26.6423264 0.140625
    endloop
  endfacet
  facet normal 0.5428970535531572 -0.28848952161365193 -0.7886929600056202
    outer loop
      vertex 15.7446585 -26.8562145 0.25
      vertex 15.625268 -26.7818737 0.140625
      vertex 15.6994219 -26.6423264 0.140625
    endloop
  endfacet
  facet normal 0.3659906265888111 -0.19448339254865496 -0.910069816701936
    outer loop
      vertex 15.6994219 -26.6423264 0.140625
      vertex 15.625268 -26.7818737 0.140625
      vertex 15.5429316 -26.5712395 0.0625
    endloop
  endfacet
  facet normal 0.3661715726189455 -0.19439283957282172 -0.9100163753079301
    outer loop
      vertex 15.625268 -26.7818737 0.140625
      vertex 15.4793472 -26.6910114 0.0625
      vertex 15.5429316 -26.5712395 0.0625
    endloop
  endfacet
  facet normal 0.19903186774751971 -0.10566186135149709 -0.9742801889993816
    outer loop
      vertex 15.5429316 -26.5712395 0.0625
      vertex 15.4793472 -26.6910114 0.0625
      vertex 15.3068953 -26.5836315 0.015625
    endloop
  endfacet
  facet normal 0.9959882176928018 -0.06935303230877057 -0.056547565170347515
    outer loop
      vertex 16.2473755 -25.8923073 1.0
      vertex 16.2323437 -26.108181 1.0
      vertex 16.2238674 -26.0388107 0.765625
    endloop
  endfacet
  facet normal 0.9905247281044347 -0.11775293709920538 -0.07067537632122102
    outer loop
      vertex 16.2323437 -26.108181 1.0
      vertex 16.2219028 -26.1960087 1.0
      vertex 16.2238674 -26.0388107 0.765625
    endloop
  endfacet
  facet normal 0.9920103105419222 -0.10846244460619264 -0.06443168388741488
    outer loop
      vertex 16.2238674 -26.0388107 0.765625
      vertex 16.2219028 -26.1960087 1.0
      vertex 16.2068996 -26.1940002 0.765625
    endloop
  endfacet
  facet normal 0.9846038941809685 -0.16249663022582328 -0.0644206234751282
    outer loop
      vertex 16.2219028 -26.1960087 1.0
      vertex 16.1956882 -26.3548489 1.0
      vertex 16.2068996 -26.1940002 0.765625
    endloop
  endfacet
  facet normal 0.9836544642771657 -0.1669320114977727 -0.06750998774188405
    outer loop
      vertex 16.2068996 -26.1940002 0.765625
      vertex 16.1956882 -26.3548489 1.0
      vertex 16.1787128 -26.3600922 0.765625
    endloop
  endfacet
  facet normal 0.9692401255209503 -0.23740883713991792 -0.06488931443623402
    outer loop
      vertex 16.1956882 -26.3548489 1.0
      vertex 16.1453819 -26.5602283 1.0
      vertex 16.1787128 -26.3600922 0.765625
    endloop
  endfacet
  facet normal 0.9735520604499507 -0.22256231727100187 -0.05159845467276797
    outer loop
      vertex 16.1787128 -26.3600922 0.765625
      vertex 16.1453819 -26.5602283 1.0
      vertex 16.1482487 -26.493351 0.765625
    endloop
  endfacet
  facet normal 0.9412702080780007 -0.3275577706912697 -0.0819530490254206
    outer loop
      vertex 16.1453819 -26.5602283 1.0
      vertex 16.0845699 -26.7349777 1.0
      vertex 16.1482487 -26.493351 0.765625
    endloop
  endfacet
  facet normal 0.9562555761326935 -0.28991163674870146 -0.039070653857071015
    outer loop
      vertex 16.1482487 -26.493351 0.765625
      vertex 16.0845699 -26.7349777 1.0
      vertex 16.1045723 -26.6374149 0.765625
    endloop
  endfacet
  facet normal 0.9158794007248773 -0.3923201522549417 -0.08514588341487245
    outer loop
      vertex 16.0845699 -26.7349777 1.0
      vertex 16.0550575 -26.803875 1.0
      vertex 16.1045723 -26.6374149 0.765625
    endloop
  endfacet
  facet normal 0.9269978323129237 -0.36915263020534206 -0.06634270494650163
    outer loop
      vertex 16.1045723 -26.6374149 0.765625
      vertex 16.0550575 -26.803875 1.0
      vertex 16.0408535 -26.7974224 0.765625
    endloop
  endfacet
  facet normal 0.8970055100489819 -0.4370046583026659 -0.06639309876437459
    outer loop
      vertex 16.0550575 -26.803875 1.0
      vertex 16.0147533 -26.8866043 1.0
      vertex 16.0408535 -26.7974224 0.765625
    endloop
  endfacet
  facet normal 0.8799617079460236 -0.468230407126924 -0.08017280330930372
    outer loop
      vertex 16.0408535 -26.7974224 0.765625
      vertex 16.0147533 -26.8866043 1.0
      vertex 15.9436407 -26.9801178 0.765625
    endloop
  endfacet
  facet normal 0.15366284049971032 -0.3846424290900572 -0.9101856586396321
    outer loop
      vertex 15.1447706 -27.1982994 0.140625
      vertex 15.0171318 -27.2492905 0.140625
      vertex 15.0733681 -27.0419559 0.0625
    endloop
  endfacet
  facet normal 0.15351028135856903 -0.3846151011540482 -0.9102229493269626
    outer loop
      vertex 15.0171318 -27.2492905 0.140625
      vertex 14.9610853 -27.086771 0.0625
      vertex 15.0733681 -27.0419559 0.0625
    endloop
  endfacet
  facet normal 0.08342643418616846 -0.20902226313093528 -0.9743457926191311
    outer loop
      vertex 15.0733681 -27.0419559 0.0625
      vertex 14.9610853 -27.086771 0.0625
      vertex 14.8948479 -26.8947029 0.015625
    endloop
  endfacet
  facet normal 0.09260995768607362 -0.19833547685882866 -0.9757491656960638
    outer loop
      vertex 14.8948479 -26.8947029 0.015625
      vertex 15.0856743 -26.8055992 0.015625
      vertex 15.0733681 -27.0419559 0.0625
    endloop
  endfacet
  facet normal 0.10623440593822144 -0.19875248173700136 -0.9742749622146388
    outer loop
      vertex 15.0856743 -26.8055992 0.015625
      vertex 15.1936064 -26.9776878 0.0625
      vertex 15.0733681 -27.0419559 0.0625
    endloop
  endfacet
  facet normal 0.19537795480360926 -0.36552991519996775 -0.9100633691511066
    outer loop
      vertex 15.0733681 -27.0419559 0.0625
      vertex 15.1936064 -26.9776878 0.0625
      vertex 15.1447706 -27.1982994 0.140625
    endloop
  endfacet
  facet normal 0.19559672406777354 -0.3655577426657082 -0.9100051968593955
    outer loop
      vertex 15.1936064 -26.9776878 0.0625
      vertex 15.284935 -27.1233025 0.140625
      vertex 15.1447706 -27.1982994 0.140625
    endloop
  endfacet
  facet normal 0.861197680178145 -0.50472603999986 -0.05991811246894387
    outer loop
      vertex 16.0147533 -26.8866043 1.0
      vertex 15.9362669 -27.0205231 1.0
      vertex 15.9436407 -26.9801178 0.765625
    endloop
  endfacet
  facet normal 0.8052430894288201 -0.5880484942082367 -0.07604298380886097
    outer loop
      vertex 15.9362669 -27.0205231 1.0
      vertex 15.8484955 -27.1407127 1.0
      vertex 15.9436407 -26.9801178 0.765625
    endloop
  endfacet
  facet normal 0.8191085809105 -0.5706486184886728 -0.05849176776056839
    outer loop
      vertex 15.9436407 -26.9801178 0.765625
      vertex 15.8484955 -27.1407127 1.0
      vertex 15.8540907 -27.1086578 0.765625
    endloop
  endfacet
  facet normal 0.7408149087782003 -0.6676616116196903 -0.07362909276464441
    outer loop
      vertex 15.8484955 -27.1407127 1.0
      vertex 15.75 -27.25 1.0
      vertex 15.8540907 -27.1086578 0.765625
    endloop
  endfacet
  facet normal 0.7484079639463505 -0.6599838299869573 -0.06562669927267024
    outer loop
      vertex 15.8540907 -27.1086578 0.765625
      vertex 15.75 -27.25 1.0
      vertex 15.7410202 -27.2368774 0.765625
    endloop
  endfacet
  facet normal 0.671173155244767 -0.7382620473499419 -0.06705031783262294
    outer loop
      vertex 15.75 -27.25 1.0
      vertex 15.6502609 -27.3406754 1.0
      vertex 15.7410202 -27.2368774 0.765625
    endloop
  endfacet
  facet normal 0.6624371681274777 -0.7454897745309146 -0.07363419282571
    outer loop
      vertex 15.7410202 -27.2368774 0.765625
      vertex 15.6502609 -27.3406754 1.0
      vertex 15.613019 -27.3506184 0.765625
    endloop
  endfacet
  facet normal 0.5929364813328939 -0.8029995040622645 -0.06015085685444433
    outer loop
      vertex 15.6502609 -27.3406754 1.0
      vertex 15.5230703 -27.4345932 1.0
      vertex 15.613019 -27.3506184 0.765625
    endloop
  endfacet
  facet normal 0.5728346553171898 -0.8164421538469739 -0.0726819584859313
    outer loop
      vertex 15.613019 -27.3506184 0.765625
      vertex 15.5230703 -27.4345932 1.0
      vertex 15.4841957 -27.4410038 0.765625
    endloop
  endfacet
  facet normal 0.5071031913207482 -0.8597526534177959 -0.06059478767494516
    outer loop
      vertex 15.5230703 -27.4345932 1.0
      vertex 15.3916407 -27.5121136 1.0
      vertex 15.4841957 -27.4410038 0.765625
    endloop
  endfacet
  facet normal 0.4708006327369659 -0.8785471437000998 -0.080632998895419
    outer loop
      vertex 15.4841957 -27.4410038 0.765625
      vertex 15.3916407 -27.5121136 1.0
      vertex 15.30056 -27.5394115 0.765625
    endloop
  endfacet
  facet normal 0.17234000611002173 -0.5672830776224593 -0.8052880429617644
    outer loop
      vertex 15.0629883 -27.3822594 0.25
      vertex 14.9344082 -27.4213219 0.25
      vertex 14.7863855 -27.3110275 0.140625
    endloop
  endfacet
  facet normal 0.030399636304502473 -0.21908239797724535 -0.9752326722424213
    outer loop
      vertex 14.4781752 -26.975893 0.015625
      vertex 14.7124996 -26.9433784 0.015625
      vertex 14.6212778 -27.1646976 0.0625
    endloop
  endfacet
  facet normal 0.03748135776283385 -0.2218180375717858 -0.9743674389202752
    outer loop
      vertex 14.7124996 -26.9433784 0.015625
      vertex 14.7525215 -27.1425209 0.0625
      vertex 14.6212778 -27.1646976 0.0625
    endloop
  endfacet
  facet normal 0.0689715045795074 -0.40817955131204536 -0.9102924724761468
    outer loop
      vertex 14.6212778 -27.1646976 0.0625
      vertex 14.7525215 -27.1425209 0.0625
      vertex 14.7863855 -27.3110275 0.140625
    endloop
  endfacet
  facet normal 0.13718077899561526 -0.5985598191562771 -0.7892449409186992
    outer loop
      vertex 14.9344082 -27.4213219 0.25
      vertex 14.8140926 -27.4488964 0.25
      vertex 14.7863855 -27.3110275 0.140625
    endloop
  endfacet
  facet normal 0.10252323040400174 -0.6055001842494281 -0.7892138582801475
    outer loop
      vertex 14.8140926 -27.4488964 0.25
      vertex 14.6441565 -27.3351097 0.140625
      vertex 14.7863855 -27.3110275 0.140625
    endloop
  endfacet
  facet normal 0.06909344846755203 -0.40806454900681854 -0.9103347841441211
    outer loop
      vertex 14.7863855 -27.3110275 0.140625
      vertex 14.6441565 -27.3351097 0.140625
      vertex 14.6212778 -27.1646976 0.0625
    endloop
  endfacet
  facet normal 0.04476277862616129 -0.41135059609965063 -0.9103773836921298
    outer loop
      vertex 14.6441565 -27.3351097 0.140625
      vertex 14.4946575 -27.1784763 0.0625
      vertex 14.6212778 -27.1646976 0.0625
    endloop
  endfacet
  facet normal 0.024319431845657047 -0.22348507160521072 -0.9744039141979666
    outer loop
      vertex 14.6212778 -27.1646976 0.0625
      vertex 14.4946575 -27.1784763 0.0625
      vertex 14.4781752 -26.975893 0.015625
    endloop
  endfacet
  facet normal 0.10264300783000373 -0.605388609109913 -0.7892838810615448
    outer loop
      vertex 14.8140926 -27.4488964 0.25
      vertex 14.6628761 -27.474535 0.25
      vertex 14.6441565 -27.3351097 0.140625
    endloop
  endfacet
  facet normal 0.07597451760286256 -0.6090977601390608 -0.7894477761502602
    outer loop
      vertex 14.6628761 -27.474535 0.25
      vertex 14.511198 -27.359148 0.14637613000000016
      vertex 14.6441565 -27.3351097 0.140625
    endloop
  endfacet
  facet normal 0.03632230044900501 -0.4180662634633077 -0.9076900846896591
    outer loop
      vertex 14.6441565 -27.3351097 0.140625
      vertex 14.511198 -27.359148 0.14637613000000016
      vertex 14.4946575 -27.1784763 0.0625
    endloop
  endfacet
  facet normal -0.011427204768538696 -0.4219147215284301 -0.9065635039801486
    outer loop
      vertex 14.511198 -27.359148 0.14637613000000016
      vertex 14.3808527 -27.3945541 0.16449713
      vertex 14.4946575 -27.1784763 0.0625
    endloop
  endfacet
  facet normal 0.04242076468189204 -0.4446704474048396 -0.8946891482121504
    outer loop
      vertex 14.4946575 -27.1784763 0.0625
      vertex 14.3808527 -27.3945541 0.16449713
      vertex 14.25 -27.2424889 0.08271479000000026
    endloop
  endfacet
  facet normal 0.018473793929463564 -0.9987733186181049 -0.045941016036099874
    outer loop
      vertex 14.25 -27.75 1.0
      vertex 14.25 -27.7422638 0.8318123800000001
      vertex 14.3926163 -27.7473621 1.0
    endloop
  endfacet
  facet normal 0.04062371308756749 -0.9970793644194923 -0.06467190258373706
    outer loop
      vertex 14.25 -27.7422638 0.8318123800000001
      vertex 14.392045 -27.7321835 0.765625
      vertex 14.3926163 -27.7473621 1.0
    endloop
  endfacet
  facet normal 0.06596616402654124 -0.9957255444673784 -0.06464599986670795
    outer loop
      vertex 14.3926163 -27.7473621 1.0
      vertex 14.392045 -27.7321835 0.765625
      vertex 14.5863752 -27.7345257 1.0
    endloop
  endfacet
  facet normal -0.007214846455950381 -0.907842444014641 -0.4192493802453865
    outer loop
      vertex 14.25 -27.5922966 0.3634648300000003
      vertex 14.3882389 -27.6019821 0.38205886000000033
      vertex 14.3902702 -27.6853275 0.5625
    endloop
  endfacet
  facet normal 0.05118826369464919 -0.9064255134167183 -0.4192523706398877
    outer loop
      vertex 14.3882389 -27.6019821 0.38205886000000033
      vertex 14.5352306 -27.6771412 0.5625
      vertex 14.3902702 -27.6853275 0.5625
    endloop
  endfacet
  facet normal 0.05493808898216061 -0.9728262284659921 -0.22492428856755675
    outer loop
      vertex 14.3902702 -27.6853275 0.5625
      vertex 14.5352306 -27.6771412 0.5625
      vertex 14.5390348 -27.7238903 0.765625
    endloop
  endfacet
  facet normal 0.1060132718560354 -0.9685958529410087 -0.22490722499701526
    outer loop
      vertex 14.5352306 -27.6771412 0.5625
      vertex 14.6878357 -27.6604385 0.5625
      vertex 14.5390348 -27.7238903 0.765625
    endloop
  endfacet
  facet normal 0.1060523785647294 -0.9685980632091298 -0.22487926749321743
    outer loop
      vertex 14.5390348 -27.7238903 0.765625
      vertex 14.6878357 -27.6604385 0.5625
      vertex 14.6940746 -27.7069149 0.765625
    endloop
  endfacet
  facet normal 0.16315490031577742 -0.9606452881415493 -0.22481349798085654
    outer loop
      vertex 14.6878357 -27.6604385 0.5625
      vertex 14.8510351 -27.6327209 0.5625
      vertex 14.6940746 -27.7069149 0.765625
    endloop
  endfacet
  facet normal 0.16322211167624393 -0.9606459656581228 -0.22476180931092496
    outer loop
      vertex 14.6940746 -27.7069149 0.765625
      vertex 14.8510351 -27.6327209 0.5625
      vertex 14.8602715 -27.6786766 0.765625
    endloop
  endfacet
  facet normal 0.21748099463646148 -0.9498290206793094 -0.224781779615963
    outer loop
      vertex 14.8510351 -27.6327209 0.5625
      vertex 14.9822435 -27.6026783 0.5625
      vertex 14.8602715 -27.6786766 0.765625
    endloop
  endfacet
  facet normal 0.217444731409486 -0.9498319134856416 -0.22480463719963864
    outer loop
      vertex 14.8602715 -27.6786766 0.765625
      vertex 14.9822435 -27.6026783 0.5625
      vertex 14.9942017 -27.648016 0.765625
    endloop
  endfacet
  facet normal 0.28335025654100865 -0.932303636905749 -0.2247722419037945
    outer loop
      vertex 14.9822435 -27.6026783 0.5625
      vertex 15.1241312 -27.5595551 0.5625
      vertex 14.9942017 -27.648016 0.765625
    endloop
  endfacet
  facet normal 0.2833857414182394 -0.932298828368682 -0.22474744978134384
    outer loop
      vertex 14.9942017 -27.648016 0.765625
      vertex 15.1241312 -27.5595551 0.5625
      vertex 15.1394157 -27.6038761 0.765625
    endloop
  endfacet
  facet normal 0.3618984238497863 -0.9047457714075109 -0.22464331713912306
    outer loop
      vertex 15.1241312 -27.5595551 0.5625
      vertex 15.2810869 -27.4967728 0.5625
      vertex 15.1394157 -27.6038761 0.765625
    endloop
  endfacet
  facet normal 0.36193407543462847 -0.904738619832585 -0.22461468078179994
    outer loop
      vertex 15.1394157 -27.6038761 0.765625
      vertex 15.2810869 -27.4967728 0.5625
      vertex 15.30056 -27.5394115 0.765625
    endloop
  endfacet
  facet normal 0.4602377783992059 -0.8589602271735548 -0.22442931062612712
    outer loop
      vertex 15.2810869 -27.4967728 0.5625
      vertex 15.4592886 -27.4012909 0.5625
      vertex 15.30056 -27.5394115 0.765625
    endloop
  endfacet
  facet normal 0.46029556666124655 -0.858943950430051 -0.22437308513192922
    outer loop
      vertex 15.30056 -27.5394115 0.765625
      vertex 15.4592886 -27.4012909 0.5625
      vertex 15.4841957 -27.4410038 0.765625
    endloop
  endfacet
  facet normal 0.5596404105719568 -0.7977241972801475 -0.22458565387975238
    outer loop
      vertex 15.4592886 -27.4012909 0.5625
      vertex 15.5840235 -27.3137836 0.5625
      vertex 15.4841957 -27.4410038 0.765625
    endloop
  endfacet
  facet normal 0.5596862916007734 -0.7977022289968436 -0.22454934613051372
    outer loop
      vertex 15.4841957 -27.4410038 0.765625
      vertex 15.5840235 -27.3137836 0.5625
      vertex 15.613019 -27.3506184 0.765625
    endloop
  endfacet
  facet normal 0.6472515777314743 -0.7284694200380515 -0.22449431884469212
    outer loop
      vertex 15.5840235 -27.3137836 0.5625
      vertex 15.7078056 -27.2038021 0.5625
      vertex 15.613019 -27.3506184 0.765625
    endloop
  endfacet
  facet normal 0.6472914279831361 -0.728445147585803 -0.22445817921886962
    outer loop
      vertex 15.613019 -27.3506184 0.765625
      vertex 15.7078056 -27.2038021 0.5625
      vertex 15.7410202 -27.2368774 0.765625
    endloop
  endfacet
  facet normal 0.7309116735874889 -0.6445032358472036 -0.22446314707768839
    outer loop
      vertex 15.7078056 -27.2038021 0.5625
      vertex 15.8171434 -27.0798054 0.5625
      vertex 15.7410202 -27.2368774 0.765625
    endloop
  endfacet
  facet normal 0.7308808894451152 -0.6445275730855794 -0.22449350319403494
    outer loop
      vertex 15.7410202 -27.2368774 0.765625
      vertex 15.8171434 -27.0798054 0.5625
      vertex 15.8540907 -27.1086578 0.765625
    endloop
  endfacet
  facet normal 0.7996003554454094 -0.5569684422831408 -0.2245560639846246
    outer loop
      vertex 15.8171434 -27.0798054 0.5625
      vertex 15.9038439 -26.9553356 0.5625
      vertex 15.8540907 -27.1086578 0.765625
    endloop
  endfacet
  facet normal 0.7995484390497707 -0.5570216486456023 -0.22460894139194565
    outer loop
      vertex 15.8540907 -27.1086578 0.765625
      vertex 15.9038439 -26.9553356 0.5625
      vertex 15.9436407 -26.9801178 0.765625
    endloop
  endfacet
  facet normal 0.8603096485505201 -0.45772532733692284 -0.22439882647907786
    outer loop
      vertex 15.9038439 -26.9553356 0.5625
      vertex 15.9981756 -26.7780361 0.5625
      vertex 15.9436407 -26.9801178 0.765625
    endloop
  endfacet
  facet normal 0.8602814354360464 -0.4577584718978053 -0.22443937544442136
    outer loop
      vertex 15.9436407 -26.9801178 0.765625
      vertex 15.9981756 -26.7780361 0.5625
      vertex 16.0408535 -26.7974224 0.765625
    endloop
  endfacet
  facet normal 0.9053250631912777 -0.36046295251757265 -0.22461742991144562
    outer loop
      vertex 15.9981756 -26.7780361 0.5625
      vertex 16.0602322 -26.6221771 0.5625
      vertex 16.0408535 -26.7974224 0.765625
    endloop
  endfacet
  facet normal 0.9052954246829022 -0.3605102142479912 -0.22466103238227866
    outer loop
      vertex 16.0408535 -26.7974224 0.765625
      vertex 16.0602322 -26.6221771 0.5625
      vertex 16.1045723 -26.6374149 0.765625
    endloop
  endfacet
  facet normal 0.9325056671649867 -0.2826919599265771 -0.22476306746895394
    outer loop
      vertex 16.0602322 -26.6221771 0.5625
      vertex 16.1029053 -26.4814129 0.5625
      vertex 16.1045723 -26.6374149 0.765625
    endloop
  endfacet
  facet normal 0.9324974612546771 -0.28270879878125665 -0.22477593253113357
    outer loop
      vertex 16.1045723 -26.6374149 0.765625
      vertex 16.1029053 -26.4814129 0.5625
      vertex 16.1482487 -26.493351 0.765625
    endloop
  endfacet
  facet normal 0.9498902388733778 -0.21718670318615985 -0.22480762899021955
    outer loop
      vertex 16.1029053 -26.4814129 0.5625
      vertex 16.1327553 -26.3508606 0.5625
      vertex 16.1482487 -26.493351 0.765625
    endloop
  endfacet
  facet normal 0.9499022319646541 -0.21715576445828771 -0.22478684052031378
    outer loop
      vertex 16.1482487 -26.493351 0.765625
      vertex 16.1327553 -26.3508606 0.5625
      vertex 16.1787128 -26.3600922 0.765625
    endloop
  endfacet
  facet normal 0.9606877846703429 -0.16297200094091463 -0.2247645596941463
    outer loop
      vertex 16.1327553 -26.3508606 0.5625
      vertex 16.1604233 -26.1877632 0.5625
      vertex 16.1787128 -26.3600922 0.765625
    endloop
  endfacet
  facet normal 0.9606665716694237 -0.16303082943388092 -0.2248125591042833
    outer loop
      vertex 16.1787128 -26.3600922 0.765625
      vertex 16.1604233 -26.1877632 0.5625
      vertex 16.2068996 -26.1940002 0.765625
    endloop
  endfacet
  facet normal 0.9686191076551461 -0.10586510545729023 -0.22487686348725486
    outer loop
      vertex 16.1604233 -26.1877632 0.5625
      vertex 16.1771183 -26.0350113 0.5625
      vertex 16.2068996 -26.1940002 0.765625
    endloop
  endfacet
  facet normal 0.96860822934827 -0.10590375453194381 -0.22490551975184372
    outer loop
      vertex 16.2068996 -26.1940002 0.765625
      vertex 16.1771183 -26.0350113 0.5625
      vertex 16.2238674 -26.0388107 0.765625
    endloop
  endfacet
  facet normal 0.9728261457681617 -0.054944458283797876 -0.2249230904415178
    outer loop
      vertex 16.1771183 -26.0350113 0.5625
      vertex 16.2321739 -25.8917389 0.765625
      vertex 16.2238674 -26.0388107 0.765625
    endloop
  endfacet
  facet normal 0.9963132246439532 -0.05627099009126713 -0.06475750206513647
    outer loop
      vertex 16.2238674 -26.0388107 0.765625
      vertex 16.2321739 -25.8917389 0.765625
      vertex 16.2473755 -25.8923073 1.0
    endloop
  endfacet
  facet normal 0.9970691611571451 -0.040719628577484804 -0.06476881748109177
    outer loop
      vertex 16.2321739 -25.8917389 0.765625
      vertex 16.2422619 -25.75 0.8318123800000001
      vertex 16.2473755 -25.8923073 1.0
    endloop
  endfacet
  facet normal 0.9987737945212745 -0.018419868999838326 -0.04595232098168728
    outer loop
      vertex 16.2473755 -25.8923073 1.0
      vertex 16.2422619 -25.75 0.8318123800000001
      vertex 16.25 -25.75 1.0
    endloop
  endfacet
  facet normal 0.4394623988276099 -0.8958001131067853 -0.06644514560562861
    outer loop
      vertex 15.3916407 -27.5121136 1.0
      vertex 15.3070469 -27.5536137 1.0
      vertex 15.30056 -27.5394115 0.765625
    endloop
  endfacet
  facet normal 0.3952763274458643 -0.9161551588237058 -0.06645562370198978
    outer loop
      vertex 15.3070469 -27.5536137 1.0
      vertex 15.2403374 -27.5823956 1.0
      vertex 15.30056 -27.5394115 0.765625
    endloop
  endfacet
  facet normal 0.3703889766553425 -0.9258736170059342 -0.07463277634228013
    outer loop
      vertex 15.30056 -27.5394115 0.765625
      vertex 15.2403374 -27.5823956 1.0
      vertex 15.1394157 -27.6038761 0.765625
    endloop
  endfacet
  facet normal 0.330212678310964 -0.9422539017661774 -0.05583163699117954
    outer loop
      vertex 15.2403374 -27.5823956 1.0
      vertex 15.0626974 -27.6446495 1.0
      vertex 15.1394157 -27.6038761 0.765625
    endloop
  endfacet
  facet normal 0.29009051732920726 -0.9543565885615086 -0.07107034279439026
    outer loop
      vertex 15.1394157 -27.6038761 0.765625
      vertex 15.0626974 -27.6446495 1.0
      vertex 14.9942017 -27.648016 0.765625
    endloop
  endfacet
  facet normal 0.23694673381051126 -0.9699466328902632 -0.05531523010321475
    outer loop
      vertex 15.0626974 -27.6446495 1.0
      vertex 14.84935 -27.6967678 1.0
      vertex 14.9942017 -27.648016 0.765625
    endloop
  endfacet
  facet normal 0.2226889998009105 -0.9727396815827154 -0.06470796892212967
    outer loop
      vertex 14.9942017 -27.648016 0.765625
      vertex 14.84935 -27.6967678 1.0
      vertex 14.8602715 -27.6786766 0.765625
    endloop
  endfacet
  facet normal 0.16139200329892348 -0.9845120962854665 -0.06847301321510839
    outer loop
      vertex 14.84935 -27.6967678 1.0
      vertex 14.6960812 -27.7218933 1.0
      vertex 14.8602715 -27.6786766 0.765625
    endloop
  endfacet
  facet normal 0.16716131661067432 -0.983830210055519 -0.06430561414914937
    outer loop
      vertex 14.8602715 -27.6786766 0.765625
      vertex 14.6960812 -27.7218933 1.0
      vertex 14.6940746 -27.7069149 0.765625
    endloop
  endfacet
  facet normal 0.11415492163925176 -0.9913777139227774 -0.06433414492152575
    outer loop
      vertex 14.6960812 -27.7218933 1.0
      vertex 14.5863752 -27.7345257 1.0
      vertex 14.6940746 -27.7069149 0.765625
    endloop
  endfacet
  facet normal 0.10859599959403389 -0.9918294742898214 -0.06694178666684461
    outer loop
      vertex 14.6940746 -27.7069149 0.765625
      vertex 14.5863752 -27.7345257 1.0
      vertex 14.5390348 -27.7238903 0.765625
    endloop
  endfacet
  facet normal 0.05624037684333595 -0.9968120561575654 -0.05659279734600829
    outer loop
      vertex 14.5863752 -27.7345257 1.0
      vertex 14.392045 -27.7321835 0.765625
      vertex 14.5390348 -27.7238903 0.765625
    endloop
  endfacet
  facet normal 0.05488770543912128 -0.9728371249885092 -0.22488945736899277
    outer loop
      vertex 14.5390348 -27.7238903 0.765625
      vertex 14.392045 -27.7321835 0.765625
      vertex 14.3902702 -27.6853275 0.5625
    endloop
  endfacet
  facet normal 0.03333775745962138 -0.9738056905090617 -0.22492458971782728
    outer loop
      vertex 14.392045 -27.7321835 0.765625
      vertex 14.25 -27.6973248 0.5936515300000003
      vertex 14.3902702 -27.6853275 0.5625
    endloop
  endfacet
  facet normal -0.014373340471702167 -0.9096791609654622 -0.4150629243727478
    outer loop
      vertex 14.3902702 -27.6853275 0.5625
      vertex 14.25 -27.6973248 0.5936515300000003
      vertex 14.25 -27.5922966 0.3634648300000003
    endloop
  endfacet
  facet normal 0.12201654067366045 -0.004547351846496517 -0.9925176499152129
    outer loop
      vertex 15.484375 -25.75 0.015625
      vertex 15.4758778 -25.9780006 0.015625
      vertex 15.4290895 -25.75 0.00882840000000007
    endloop
  endfacet
  facet normal 0.06582280253156056 -0.01623340391773213 -0.9976992709549981
    outer loop
      vertex 15.4758778 -25.9780006 0.015625
      vertex 15.2413082 -25.9688206 0.0
      vertex 15.4290895 -25.75 0.00882840000000007
    endloop
  endfacet
  facet normal 0.04923614008780337 -0.0019557147837778364 -0.9987852510369477
    outer loop
      vertex 15.4290895 -25.75 0.00882840000000007
      vertex 15.2413082 -25.9688206 0.0
      vertex 15.25 -25.75 0.0
    endloop
  endfacet
  facet normal 0.4081005718121352 -0.06886818874320674 -0.9103357050373442
    outer loop
      vertex 15.6425495 -26.2523842 0.0625
      vertex 15.6646852 -26.121212 0.0625
      vertex 15.8350954 -26.1440887 0.140625
    endloop
  endfacet
  facet normal 0.41261416049673094 -0.0349082539371407 -0.9102367650038302
    outer loop
      vertex 15.6646852 -26.121212 0.0625
      vertex 15.8593636 -26.0110989 0.14652562000000025
      vertex 15.8350954 -26.1440887 0.140625
    endloop
  endfacet
  facet normal 0.6155015523770982 -0.07751853828797084 -0.7843141687124353
    outer loop
      vertex 15.8350954 -26.1440887 0.140625
      vertex 15.8593636 -26.0110989 0.14652562000000025
      vertex 15.9901209 -26.0198078 0.25
    endloop
  endfacet
  facet normal 0.6176704124726047 -0.05072279428764292 -0.7847996302850657
    outer loop
      vertex 15.8593636 -26.0110989 0.14652562000000025
      vertex 15.9838533 -25.88731 0.23650360000000026
      vertex 15.9901209 -26.0198078 0.25
    endloop
  endfacet
  facet normal 0.7760656061522786 -0.027467538622934586 -0.6300537352238254
    outer loop
      vertex 15.9901209 -26.0198078 0.25
      vertex 15.9838533 -25.88731 0.23650360000000026
      vertex 16.1018486 -25.8889961 0.38191723999999994
    endloop
  endfacet
  facet normal 0.7759856351897382 -0.030311686250517802 -0.630021821571149
    outer loop
      vertex 15.9838533 -25.88731 0.23650360000000026
      vertex 16.0922966 -25.75 0.3634648300000003
      vertex 16.1018486 -25.8889961 0.38191723999999994
    endloop
  endfacet
  facet normal 0.9097511203644068 0.007414391123950766 -0.41508785311060115
    outer loop
      vertex 16.1018486 -25.8889961 0.38191723999999994
      vertex 16.0922966 -25.75 0.3634648300000003
      vertex 16.1973228 -25.75 0.5936515300000003
    endloop
  endfacet
  facet normal 0.0667314677397211 -0.008636617592709811 -0.997733591721688
    outer loop
      vertex 15.2204294 -26.1301422 0.0
      vertex 15.2413082 -25.9688206 0.0
      vertex 15.4434032 -26.2123756 0.015625
    endloop
  endfacet
  facet normal 0.06610440676532986 -0.00915931378321619 -0.9977706722374757
    outer loop
      vertex 15.2413082 -25.9688206 0.0
      vertex 15.4758778 -25.9780006 0.015625
      vertex 15.4434032 -26.2123756 0.015625
    endloop
  endfacet
  facet normal 0.21909351029472157 -0.030357222866844488 -0.9752314970131705
    outer loop
      vertex 15.4434032 -26.2123756 0.015625
      vertex 15.4758778 -25.9780006 0.015625
      vertex 15.6646852 -26.121212 0.0625
    endloop
  endfacet
  facet normal 0.2234922001324673 -0.024286918658185674 -0.9744030901336672
    outer loop
      vertex 15.4758778 -25.9780006 0.015625
      vertex 15.6784582 -25.9944706 0.0625
      vertex 15.6646852 -26.121212 0.0625
    endloop
  endfacet
  facet normal 0.4173849714593252 -0.04535726457108313 -0.9075971045296075
    outer loop
      vertex 15.6646852 -26.121212 0.0625
      vertex 15.6784582 -25.9944706 0.0625
      vertex 15.8593636 -26.0110989 0.14652562000000025
    endloop
  endfacet
  facet normal 0.42216627721036704 0.012550140163892727 -0.9064315354003336
    outer loop
      vertex 15.6784582 -25.9944706 0.0625
      vertex 15.8958263 -25.8790245 0.16533661000000022
      vertex 15.8593636 -26.0110989 0.14652562000000025
    endloop
  endfacet
  facet normal 0.6240214373470085 -0.06132758148535098 -0.7789969020994442
    outer loop
      vertex 15.8593636 -26.0110989 0.14652562000000025
      vertex 15.8958263 -25.8790245 0.16533661000000022
      vertex 15.9838533 -25.88731 0.23650360000000026
    endloop
  endfacet
  facet normal 0.6269383805285704 -0.026950221425799045 -0.7786025639473029
    outer loop
      vertex 15.8958263 -25.8790245 0.16533661000000022
      vertex 15.9453564 -25.75 0.20075273000000005
      vertex 15.9838533 -25.88731 0.23650360000000026
    endloop
  endfacet
  facet normal 0.7417427484738202 0.03355376754325886 -0.6698446385320675
    outer loop
      vertex 15.9838533 -25.88731 0.23650360000000026
      vertex 15.9453564 -25.75 0.20075273000000005
      vertex 16.0922966 -25.75 0.3634648300000003
    endloop
  endfacet
  facet normal 0.06321664212727411 -0.02003679348726724 -0.9977986686024896
    outer loop
      vertex 15.1665983 -26.3365517 0.0
      vertex 15.1942501 -26.2493095 0.0
      vertex 15.3951292 -26.3936291 0.015625
    endloop
  endfacet
  facet normal 0.06514162861746954 -0.017349441417020068 -0.9977251951833135
    outer loop
      vertex 15.1942501 -26.2493095 0.0
      vertex 15.4434032 -26.2123756 0.015625
      vertex 15.3951292 -26.3936291 0.015625
    endloop
  endfacet
  facet normal 0.21775681460752733 -0.05799607990115602 -0.9742784121636289
    outer loop
      vertex 15.3951292 -26.3936291 0.015625
      vertex 15.4434032 -26.2123756 0.015625
      vertex 15.5872707 -26.4596539 0.0625
    endloop
  endfacet
  facet normal 0.21766672239466758 -0.05805168441846771 -0.9742952324106596
    outer loop
      vertex 15.4434032 -26.2123756 0.015625
      vertex 15.6425495 -26.2523842 0.0625
      vertex 15.5872707 -26.4596539 0.0625
    endloop
  endfacet
  facet normal 0.40057790484206746 -0.1068340711941201 -0.9100130896775218
    outer loop
      vertex 15.5872707 -26.4596539 0.0625
      vertex 15.6425495 -26.2523842 0.0625
      vertex 15.7498512 -26.515522 0.140625
    endloop
  endfacet
  facet normal 0.4004531801308669 -0.10689896603299054 -0.910060361505847
    outer loop
      vertex 15.6425495 -26.2523842 0.0625
      vertex 15.811058 -26.2862358 0.140625
      vertex 15.7498512 -26.515522 0.140625
    endloop
  endfacet
  facet normal 0.5824469868945114 -0.1554812990814724 -0.7978603092606139
    outer loop
      vertex 15.7498512 -26.515522 0.140625
      vertex 15.811058 -26.2862358 0.140625
      vertex 15.9215317 -26.4336548 0.25
    endloop
  endfacet
  facet normal 0.5986044859281578 -0.13698160658632033 -0.789245658134219
    outer loop
      vertex 15.811058 -26.2862358 0.140625
      vertex 15.9489288 -26.3139305 0.25
      vertex 15.9215317 -26.4336548 0.25
    endloop
  endfacet
  facet normal 0.05664521019600464 -0.03357802268922218 -0.997829562878417
    outer loop
      vertex 15.084733 -26.4940891 0.0
      vertex 15.1384935 -26.4033966 0.0
      vertex 15.3068953 -26.5836315 0.015625
    endloop
  endfacet
  facet normal 0.061835200267578855 -0.02871522084399683 -0.9976732150858562
    outer loop
      vertex 15.1384935 -26.4033966 0.0
      vertex 15.3951292 -26.3936291 0.015625
      vertex 15.3068953 -26.5836315 0.015625
    endloop
  endfacet
  facet normal 0.19861440372545075 -0.09223316882771332 -0.9757281184842334
    outer loop
      vertex 15.3068953 -26.5836315 0.015625
      vertex 15.3951292 -26.3936291 0.015625
      vertex 15.5429316 -26.5712395 0.0625
    endloop
  endfacet
  facet normal 0.2091454335139544 -0.08310499106621723 -0.9743468315236337
    outer loop
      vertex 15.3951292 -26.3936291 0.015625
      vertex 15.5872707 -26.4596539 0.0625
      vertex 15.5429316 -26.5712395 0.0625
    endloop
  endfacet
  facet normal 0.38491770459837543 -0.15294898800524145 -0.9101895229867735
    outer loop
      vertex 15.5429316 -26.5712395 0.0625
      vertex 15.5872707 -26.4596539 0.0625
      vertex 15.6994219 -26.6423264 0.140625
    endloop
  endfacet
  facet normal 0.38480330164839105 -0.1530338153866648 -0.9102236375686459
    outer loop
      vertex 15.5872707 -26.4596539 0.0625
      vertex 15.7498512 -26.515522 0.140625
      vertex 15.6994219 -26.6423264 0.140625
    endloop
  endfacet
  facet normal 0.5708838812719343 -0.22703687343519743 -0.7890157490219457
    outer loop
      vertex 15.6994219 -26.6423264 0.140625
      vertex 15.7498512 -26.515522 0.140625
      vertex 15.8274584 -26.7004871 0.25
    endloop
  endfacet
  facet normal 0.570766319513784 -0.2271220039171248 -0.78907629786058
    outer loop
      vertex 15.7498512 -26.515522 0.140625
      vertex 15.8828716 -26.5612316 0.25
      vertex 15.8274584 -26.7004871 0.25
    endloop
  endfacet
  facet normal 0.04919059538784695 -0.04424463594221957 -0.9978089484043172
    outer loop
      vertex 15.0285635 -26.5565376 0.0
      vertex 15.084733 -26.4940891 0.0
      vertex 15.2095814 -26.7076607 0.015625
    endloop
  endfacet
  facet normal 0.053311023302159005 -0.04182808234289942 -0.9977015316826934
    outer loop
      vertex 15.084733 -26.4940891 0.0
      vertex 15.3068953 -26.5836315 0.015625
      vertex 15.2095814 -26.7076607 0.015625
    endloop
  endfacet
  facet normal 0.17808369824404177 -0.1397253163170508 -0.9740446767986697
    outer loop
      vertex 15.2095814 -26.7076607 0.015625
      vertex 15.3068953 -26.5836315 0.015625
      vertex 15.3535128 -26.8509884 0.0625
    endloop
  endfacet
  facet normal 0.17772797855548125 -0.13979693046339112 -0.9740993706350478
    outer loop
      vertex 15.3068953 -26.5836315 0.015625
      vertex 15.4793472 -26.6910114 0.0625
      vertex 15.3535128 -26.8509884 0.0625
    endloop
  endfacet
  facet normal 0.32709090899935056 -0.257282536110741 -0.9092949102807096
    outer loop
      vertex 15.3535128 -26.8509884 0.0625
      vertex 15.4793472 -26.6910114 0.0625
      vertex 15.4753008 -26.9722672 0.140625
    endloop
  endfacet
  facet normal 0.3266790097486649 -0.2573151730010718 -0.9094337393857015
    outer loop
      vertex 15.4793472 -26.6910114 0.0625
      vertex 15.625268 -26.7818737 0.140625
      vertex 15.4753008 -26.9722672 0.140625
    endloop
  endfacet
  facet normal 0.4677721577746932 -0.36844997722836326 -0.803388961021513
    outer loop
      vertex 15.4753008 -26.9722672 0.140625
      vertex 15.625268 -26.7818737 0.140625
      vertex 15.6693459 -26.9644012 0.25
    endloop
  endfacet
  facet normal 0.504242895017864 -0.3510213682025806 -0.7890013319945612
    outer loop
      vertex 15.625268 -26.7818737 0.140625
      vertex 15.7446585 -26.8562145 0.25
      vertex 15.6693459 -26.9644012 0.25
    endloop
  endfacet
  facet normal 0.0397671721702734 -0.05347724881480094 -0.9977769068668505
    outer loop
      vertex 14.9583359 -26.6087608 0.0
      vertex 15.0285635 -26.5565376 0.0
      vertex 15.0856743 -26.8055992 0.015625
    endloop
  endfacet
  facet normal 0.04188294701328963 -0.05298829881885496 -0.9977164221048812
    outer loop
      vertex 15.0285635 -26.5565376 0.0
      vertex 15.2095814 -26.7076607 0.015625
      vertex 15.0856743 -26.8055992 0.015625
    endloop
  endfacet
  facet normal 0.14021466890080336 -0.17739288431984243 -0.9741004112604229
    outer loop
      vertex 15.0856743 -26.8055992 0.015625
      vertex 15.2095814 -26.7076607 0.015625
      vertex 15.1936064 -26.9776878 0.0625
    endloop
  endfacet
  facet normal 0.14056370194433873 -0.17740443560578592 -0.9740480028844039
    outer loop
      vertex 15.2095814 -26.7076607 0.015625
      vertex 15.3535128 -26.8509884 0.0625
      vertex 15.1936064 -26.9776878 0.0625
    endloop
  endfacet
  facet normal 0.25825915758905954 -0.32594702229922384 -0.9094288021476219
    outer loop
      vertex 15.1936064 -26.9776878 0.0625
      vertex 15.3535128 -26.8509884 0.0625
      vertex 15.284935 -27.1233025 0.140625
    endloop
  endfacet
  facet normal 0.25865303695741315 -0.3260078425561911 -0.9092950528099032
    outer loop
      vertex 15.3535128 -26.8509884 0.0625
      vertex 15.4753008 -26.9722672 0.140625
      vertex 15.284935 -27.1233025 0.140625
    endloop
  endfacet
  facet normal 0.3700318486035085 -0.46639036625798846 -0.8034652806940755
    outer loop
      vertex 15.284935 -27.1233025 0.140625
      vertex 15.4753008 -26.9722672 0.140625
      vertex 15.4680462 -27.1664467 0.25
    endloop
  endfacet
  facet normal 0.4081792925391226 -0.45955330041369685 -0.7887968237899666
    outer loop
      vertex 15.4753008 -26.9722672 0.140625
      vertex 15.5749464 -27.071497 0.25
      vertex 15.4680462 -27.1664467 0.25
    endloop
  endfacet
  facet normal 0.907645690436175 0.01550647748771842 -0.4194506523878128
    outer loop
      vertex 16.1973228 -25.75 0.5936515300000003
      vertex 16.185318 -25.8899689 0.5625
      vertex 16.1018486 -25.8889961 0.38191723999999994
    endloop
  endfacet
  facet normal 0.9067820642953122 -0.04331825779197349 -0.41936835409243794
    outer loop
      vertex 16.185318 -25.8899689 0.5625
      vertex 16.0992031 -26.0286751 0.390625
      vertex 16.1018486 -25.8889961 0.38191723999999994
    endloop
  endfacet
  facet normal 0.7874025367238201 -0.053199485255254815 -0.6141392838188003
    outer loop
      vertex 16.1018486 -25.8889961 0.38191723999999994
      vertex 16.0992031 -26.0286751 0.390625
      vertex 15.9901209 -26.0198078 0.25
    endloop
  endfacet
  facet normal 0.7846182745536614 -0.08569266015374835 -0.6140284449699455
    outer loop
      vertex 16.0992031 -26.0286751 0.390625
      vertex 16.0829639 -26.1773643 0.390625
      vertex 15.9901209 -26.0198078 0.25
    endloop
  endfacet
  facet normal 0.7846799463288431 -0.08559778717555877 -0.6139628658640616
    outer loop
      vertex 15.9901209 -26.0198078 0.25
      vertex 16.0829639 -26.1773643 0.390625
      vertex 15.9745216 -26.1628075 0.25
    endloop
  endfacet
  facet normal 0.7783170159358046 -0.13193657733277173 -0.613852883243614
    outer loop
      vertex 16.0829639 -26.1773643 0.390625
      vertex 16.0561619 -26.335474 0.390625
      vertex 15.9745216 -26.1628075 0.25
    endloop
  endfacet
  facet normal 0.7784052294085958 -0.13182354343950375 -0.6137653071202417
    outer loop
      vertex 15.9745216 -26.1628075 0.25
      vertex 16.0561619 -26.335474 0.390625
      vertex 15.9489288 -26.3139305 0.25
    endloop
  endfacet
  facet normal 0.7695794493328921 -0.17603213400196518 -0.6138079169929276
    outer loop
      vertex 16.0561619 -26.335474 0.390625
      vertex 16.0273323 -26.4615116 0.390625
      vertex 15.9489288 -26.3139305 0.25
    endloop
  endfacet
  facet normal 0.7695324152415239 -0.1760958847419771 -0.6138485980023796
    outer loop
      vertex 15.9489288 -26.3139305 0.25
      vertex 16.0273323 -26.4615116 0.390625
      vertex 15.9215317 -26.4336548 0.25
    endloop
  endfacet
  facet normal 0.7555280833837347 -0.2289934664675907 -0.6137909314527683
    outer loop
      vertex 16.0273323 -26.4615116 0.390625
      vertex 15.9863329 -26.5967827 0.390625
      vertex 15.9215317 -26.4336548 0.25
    endloop
  endfacet
  facet normal 0.7555585243244469 -0.22895987441474633 -0.613765991423969
    outer loop
      vertex 15.9215317 -26.4336548 0.25
      vertex 15.9863329 -26.5967827 0.390625
      vertex 15.8828716 -26.5612316 0.25
    endloop
  endfacet
  facet normal 0.7336381163983164 -0.29204030912144907 -0.6135858310096304
    outer loop
      vertex 15.9863329 -26.5967827 0.390625
      vertex 15.927043 -26.7457256 0.390625
      vertex 15.8828716 -26.5612316 0.25
    endloop
  endfacet
  facet normal 0.7337247181069875 -0.29196717220796353 -0.613517080766059
    outer loop
      vertex 15.8828716 -26.5612316 0.25
      vertex 15.927043 -26.7457256 0.390625
      vertex 15.8274584 -26.7004871 0.25
    endloop
  endfacet
  facet normal 0.6974023120179655 -0.37095659601249664 -0.6132056906673466
    outer loop
      vertex 15.927043 -26.7457256 0.390625
      vertex 15.8375168 -26.9140358 0.390625
      vertex 15.8274584 -26.7004871 0.25
    endloop
  endfacet
  facet normal 0.6975379927601641 -0.3708793445902389 -0.6130980838433896
    outer loop
      vertex 15.8274584 -26.7004871 0.25
      vertex 15.8375168 -26.9140358 0.390625
      vertex 15.7446585 -26.8562145 0.25
    endloop
  endfacet
  facet normal 0.6480448265371188 -0.4513031367895629 -0.6134846220748948
    outer loop
      vertex 15.8375168 -26.9140358 0.390625
      vertex 15.7555599 -27.0317211 0.390625
      vertex 15.7446585 -26.8562145 0.25
    endloop
  endfacet
  facet normal 0.6481837593391749 -0.451223710433974 -0.6133962644743866
    outer loop
      vertex 15.7446585 -26.8562145 0.25
      vertex 15.7555599 -27.0317211 0.390625
      vertex 15.6693459 -26.9644012 0.25
    endloop
  endfacet
  facet normal 0.5924737877851759 -0.5223494521033899 -0.6132910081476612
    outer loop
      vertex 15.7555599 -27.0317211 0.390625
      vertex 15.6524477 -27.1486759 0.390625
      vertex 15.6693459 -26.9644012 0.25
    endloop
  endfacet
  facet normal 0.5925633161097741 -0.5223144209119741 -0.6132343451800275
    outer loop
      vertex 15.6693459 -26.9644012 0.25
      vertex 15.6524477 -27.1486759 0.390625
      vertex 15.5749464 -27.071497 0.25
    endloop
  endfacet
  facet normal 0.5246207798748277 -0.5905290542872044 -0.6132279130683695
    outer loop
      vertex 15.6524477 -27.1486759 0.390625
      vertex 15.5356998 -27.2523937 0.390625
      vertex 15.5749464 -27.071497 0.25
    endloop
  endfacet
  facet normal 0.524533071611897 -0.5905515263547509 -0.6132812988388464
    outer loop
      vertex 15.5749464 -27.071497 0.25
      vertex 15.5356998 -27.2523937 0.390625
      vertex 15.4680462 -27.1664467 0.25
    endloop
  endfacet
  facet normal 0.37303618865426813 -0.6964173326862445 -0.6130635372361284
    outer loop
      vertex 15.3596582 -27.2424412 0.25
      vertex 15.4177761 -27.335104 0.390625
      vertex 15.2486305 -27.4257069 0.390625
    endloop
  endfacet
  facet normal 0.014255316672839729 -0.06745416259338634 -0.9976205300089719
    outer loop
      vertex 14.6087866 -26.7240696 0.0
      vertex 14.746973 -26.6948662 0.0
      vertex 14.8948479 -26.8947029 0.015625
    endloop
  endfacet
  facet normal 0.02015194930964568 -0.06310507937180784 -0.9978034114476154
    outer loop
      vertex 14.746973 -26.6948662 0.0
      vertex 14.8426752 -26.6643047 0.0
      vertex 14.8948479 -26.8947029 0.015625
    endloop
  endfacet
  facet normal 0.028572895426235388 -0.061192327274457094 -0.9977169381792098
    outer loop
      vertex 14.8948479 -26.8947029 0.015625
      vertex 14.8426752 -26.6643047 0.0
      vertex 15.0856743 -26.8055992 0.015625
    endloop
  endfacet
  facet normal 0.027407034368868276 -0.06318724738517716 -0.9976252935020182
    outer loop
      vertex 14.8426752 -26.6643047 0.0
      vertex 14.913003 -26.6338005 0.0
      vertex 15.0856743 -26.8055992 0.015625
    endloop
  endfacet
  facet normal 0.03223104476896268 -0.05835240555625146 -0.9977756042913155
    outer loop
      vertex 15.0856743 -26.8055992 0.015625
      vertex 14.913003 -26.6338005 0.0
      vertex 14.9583359 -26.6087608 0.0
    endloop
  endfacet
  facet normal 0.372874962414794 -0.6964053525651714 -0.613175217472743
    outer loop
      vertex 15.3596582 -27.2424412 0.25
      vertex 15.2486305 -27.4257069 0.390625
      vertex 15.2031918 -27.3262177 0.25
    endloop
  endfacet
  facet normal 0.2932196677564295 -0.7332413096128542 -0.6134976840364075
    outer loop
      vertex 15.2486305 -27.4257069 0.390625
      vertex 15.0986547 -27.4856815 0.390625
      vertex 15.2031918 -27.3262177 0.25
    endloop
  endfacet
  facet normal 0.2930826545679322 -0.7332256865818956 -0.6135818202390958
    outer loop
      vertex 15.2031918 -27.3262177 0.25
      vertex 15.0986547 -27.4856815 0.390625
      vertex 15.0629883 -27.3822594 0.25
    endloop
  endfacet
  facet normal 0.22954379211225523 -0.755383928845444 -0.6137627942004524
    outer loop
      vertex 15.0986547 -27.4856815 0.390625
      vertex 14.9623117 -27.527113 0.390625
      vertex 15.0629883 -27.3822594 0.25
    endloop
  endfacet
  facet normal 0.22948200881376882 -0.7553745828217708 -0.6137973991942561
    outer loop
      vertex 15.0629883 -27.3822594 0.25
      vertex 14.9623117 -27.527113 0.390625
      vertex 14.9344082 -27.4213219 0.25
    endloop
  endfacet
  facet normal 0.1762576937169307 -0.76949001980601 -0.6138553044688424
    outer loop
      vertex 14.9623117 -27.527113 0.390625
      vertex 14.8356428 -27.5561275 0.390625
      vertex 14.9344082 -27.4213219 0.25
    endloop
  endfacet
  facet normal 0.17635976271446904 -0.7695091721281931 -0.6138019779260075
    outer loop
      vertex 14.9344082 -27.4213219 0.25
      vertex 14.8356428 -27.5561275 0.390625
      vertex 14.8140926 -27.4488964 0.25
    endloop
  endfacet
  facet normal 0.1321058702114749 -0.7783563909856276 -0.6137665416650682
    outer loop
      vertex 14.8356428 -27.5561275 0.390625
      vertex 14.6774349 -27.5829792 0.390625
      vertex 14.8140926 -27.4488964 0.25
    endloop
  endfacet
  facet normal 0.13196115764900346 -0.7783070992811655 -0.6138601730691386
    outer loop
      vertex 14.8140926 -27.4488964 0.25
      vertex 14.6774349 -27.5829792 0.390625
      vertex 14.6628761 -27.474535 0.25
    endloop
  endfacet
  facet normal 0.0858097220439641 -0.7846490341100886 -0.6139727883814093
    outer loop
      vertex 14.6774349 -27.5829792 0.390625
      vertex 14.5288906 -27.5992241 0.390625
      vertex 14.6628761 -27.474535 0.25
    endloop
  endfacet
  facet normal 0.08571066123788966 -0.7846118223266684 -0.6140341772372189
    outer loop
      vertex 14.6628761 -27.474535 0.25
      vertex 14.5288906 -27.5992241 0.390625
      vertex 14.5200167 -27.4901409 0.25
    endloop
  endfacet
  facet normal 0.02388447284695991 -0.7891902240679151 -0.6136842202570121
    outer loop
      vertex 14.5288906 -27.5992241 0.390625
      vertex 14.3881216 -27.4830685 0.23577165000000022
      vertex 14.5200167 -27.4901409 0.25
    endloop
  endfacet
  facet normal 0.05068201582517162 -0.6238418825858643 -0.7799055319739833
    outer loop
      vertex 14.5200167 -27.4901409 0.25
      vertex 14.3881216 -27.4830685 0.23577165000000022
      vertex 14.3808527 -27.3945541 0.16449713
    endloop
  endfacet
  facet normal -0.027069481753974462 -0.6282939215028944 -0.7775049783506764
    outer loop
      vertex 14.3881216 -27.4830685 0.23577165000000022
      vertex 14.25 -27.359375 0.140625
      vertex 14.3808527 -27.3945541 0.16449713
    endloop
  endfacet
  facet normal 0.04407724174133903 -0.4435113302130196 -0.8951842808791681
    outer loop
      vertex 14.3808527 -27.3945541 0.16449713
      vertex 14.25 -27.359375 0.140625
      vertex 14.25 -27.2424889 0.08271479000000026
    endloop
  endfacet
  facet normal 0.0127250697274786 -0.3450118850195083 -0.938512052024755
    outer loop
      vertex 14.25 -27.2424889 0.08271479000000026
      vertex 14.25 -27.1875 0.0625
      vertex 14.4946575 -27.1784763 0.0625
    endloop
  endfacet
  facet normal 0.009336197839137705 -0.253130181946296 -0.9673871750223608
    outer loop
      vertex 14.25 -27.1875 0.0625
      vertex 14.25 -27.0524254 0.027155870000000082
      vertex 14.4946575 -27.1784763 0.0625
    endloop
  endfacet
  facet normal 0.025680243717768687 -0.2233722618349502 -0.974394867456379
    outer loop
      vertex 14.4946575 -27.1784763 0.0625
      vertex 14.25 -27.0524254 0.027155870000000082
      vertex 14.4781752 -26.975893 0.015625
    endloop
  endfacet
  facet normal 0.006210205238485936 -0.16706140324598592 -0.9859269348670712
    outer loop
      vertex 14.25 -27.0524254 0.027155870000000082
      vertex 14.25 -26.984375 0.015625
      vertex 14.4781752 -26.975893 0.015625
    endloop
  endfacet
  facet normal 0.004535825075586703 -0.12201872126702679 -0.9925174345830119
    outer loop
      vertex 14.4781752 -26.975893 0.015625
      vertex 14.25 -26.984375 0.015625
      vertex 14.25 -26.9290905 0.00882840000000007
    endloop
  endfacet
  facet normal 0.45351879206208984 -0.6466016201064559 -0.613373499690237
    outer loop
      vertex 15.5356998 -27.2523937 0.390625
      vertex 15.4177761 -27.335104 0.390625
      vertex 15.4680462 -27.1664467 0.25
    endloop
  endfacet
  facet normal 0.45337177087473374 -0.6466265256245213 -0.613455926479375
    outer loop
      vertex 15.4177761 -27.335104 0.390625
      vertex 15.3596582 -27.2424412 0.25
      vertex 15.4680462 -27.1664467 0.25
    endloop
  endfacet
  facet normal 0.35273126652152026 -0.5030868880739544 -0.7889767022328281
    outer loop
      vertex 15.4680462 -27.1664467 0.25
      vertex 15.3596582 -27.2424412 0.25
      vertex 15.284935 -27.1233025 0.140625
    endloop
  endfacet
  facet normal 0.29021050354342925 -0.5420158723702474 -0.7886676471948048
    outer loop
      vertex 15.3596582 -27.2424412 0.25
      vertex 15.2031918 -27.3262177 0.25
      vertex 15.284935 -27.1233025 0.140625
    endloop
  endfacet
  facet normal 0.2899959475582376 -0.5419838418912387 -0.7887685753937036
    outer loop
      vertex 15.284935 -27.1233025 0.140625
      vertex 15.2031918 -27.3262177 0.25
      vertex 15.1447706 -27.1982994 0.140625
    endloop
  endfacet
  facet normal 0.22803468107412408 -0.5704905527130181 -0.7890124926087151
    outer loop
      vertex 15.2031918 -27.3262177 0.25
      vertex 15.0629883 -27.3822594 0.25
      vertex 15.1447706 -27.1982994 0.140625
    endloop
  endfacet
  facet normal 0.22789786381005986 -0.5704644508410068 -0.7890708928844608
    outer loop
      vertex 15.1447706 -27.1982994 0.140625
      vertex 15.0629883 -27.3822594 0.25
      vertex 15.0171318 -27.2492905 0.140625
    endloop
  endfacet
  facet normal 0.15890723792608916 -0.5939267731613819 -0.7886694350973732
    outer loop
      vertex 15.0629883 -27.3822594 0.25
      vertex 14.7863855 -27.3110275 0.140625
      vertex 15.0171318 -27.2492905 0.140625
    endloop
  endfacet
  facet normal 0.10715492079325191 -0.40049891474862076 -0.91001013303972
    outer loop
      vertex 15.0171318 -27.2492905 0.140625
      vertex 14.7863855 -27.3110275 0.140625
      vertex 14.9610853 -27.086771 0.0625
    endloop
  endfacet
  facet normal 0.10703424740097688 -0.40042169345751366 -0.9100583153248607
    outer loop
      vertex 14.7863855 -27.3110275 0.140625
      vertex 14.7525215 -27.1425209 0.0625
      vertex 14.9610853 -27.086771 0.0625
    endloop
  endfacet
  facet normal 0.05819401647845872 -0.2177073898609598 -0.9742776549044082
    outer loop
      vertex 14.9610853 -27.086771 0.0625
      vertex 14.7525215 -27.1425209 0.0625
      vertex 14.8948479 -26.8947029 0.015625
    endloop
  endfacet
  facet normal 0.05810069020928431 -0.2176569750385582 -0.9742944888555356
    outer loop
      vertex 14.7525215 -27.1425209 0.0625
      vertex 14.7124996 -26.9433784 0.015625
      vertex 14.8948479 -26.8947029 0.015625
    endloop
  endfacet
  facet normal 0.016850548172500583 -0.06312557268694725 -0.9978633278657109
    outer loop
      vertex 14.8948479 -26.8947029 0.015625
      vertex 14.7124996 -26.9433784 0.015625
      vertex 14.6087866 -26.7240696 0.0
    endloop
  endfacet
  facet normal 0.009256254128296995 -0.06670745433930518 -0.997729641383417
    outer loop
      vertex 14.7124996 -26.9433784 0.015625
      vertex 14.4781752 -26.975893 0.015625
      vertex 14.6087866 -26.7240696 0.0
    endloop
  endfacet
  facet normal 0.007233313113538005 -0.06566356396304301 -0.9978156019771753
    outer loop
      vertex 14.6087866 -26.7240696 0.0
      vertex 14.4781752 -26.975893 0.015625
      vertex 14.4177523 -26.7451134 0.0
    endloop
  endfacet
  facet normal 0.016765672878314847 -0.06317092764354804 -0.9978618872938232
    outer loop
      vertex 14.4781752 -26.975893 0.015625
      vertex 14.25 -26.9290905 0.00882840000000007
      vertex 14.4177523 -26.7451134 0.0
    endloop
  endfacet
  facet normal 0.0014342348488351824 -0.0492359093505311 -0.9987861473813223
    outer loop
      vertex 14.4177523 -26.7451134 0.0
      vertex 14.25 -26.9290905 0.00882840000000007
      vertex 14.25 -26.75 0.0
    endloop
  endfacet
  facet normal -0.051886219017068656 -0.7749457026374947 -0.6298944183272244
    outer loop
      vertex 14.25 -27.4453564 0.20075273000000005
      vertex 14.3881216 -27.4830685 0.23577165000000022
      vertex 14.3882389 -27.6019821 0.38205886000000033
    endloop
  endfacet
  facet normal 0.053555847908433714 -0.7748359200639382 -0.6298897269629652
    outer loop
      vertex 14.3881216 -27.4830685 0.23577165000000022
      vertex 14.5288906 -27.5992241 0.390625
      vertex 14.3882389 -27.6019821 0.38205886000000033
    endloop
  endfacet
  facet normal 0.0430341658811259 -0.9093393870471297 -0.41382356111230084
    outer loop
      vertex 14.3882389 -27.6019821 0.38205886000000033
      vertex 14.5288906 -27.5992241 0.390625
      vertex 14.5352306 -27.6771412 0.5625
    endloop
  endfacet
  facet normal 0.09896396487871166 -0.9049321872176826 -0.41388871716067127
    outer loop
      vertex 14.5288906 -27.5992241 0.390625
      vertex 14.6774349 -27.5829792 0.390625
      vertex 14.5352306 -27.6771412 0.5625
    endloop
  endfacet
  facet normal 0.09904721347983375 -0.9049500929677043 -0.4138296494206567
    outer loop
      vertex 14.5352306 -27.6771412 0.5625
      vertex 14.6774349 -27.5829792 0.390625
      vertex 14.6878357 -27.6604385 0.5625
    endloop
  endfacet
  facet normal 0.15233849945447137 -0.8975652970888862 -0.41372638185846866
    outer loop
      vertex 14.6774349 -27.5829792 0.390625
      vertex 14.8356428 -27.5561275 0.390625
      vertex 14.6878357 -27.6604385 0.5625
    endloop
  endfacet
  facet normal 0.1524446587542575 -0.8975840924862634 -0.4136464951294876
    outer loop
      vertex 14.6878357 -27.6604385 0.5625
      vertex 14.8356428 -27.5561275 0.390625
      vertex 14.8510351 -27.6327209 0.5625
    endloop
  endfacet
  facet normal 0.2032750525694719 -0.8874399802312043 -0.41367805657312573
    outer loop
      vertex 14.8356428 -27.5561275 0.390625
      vertex 14.9623117 -27.527113 0.390625
      vertex 14.8510351 -27.6327209 0.5625
    endloop
  endfacet
  facet normal 0.2031948255623714 -0.8874354400191489 -0.4137272080280644
    outer loop
      vertex 14.8510351 -27.6327209 0.5625
      vertex 14.9623117 -27.527113 0.390625
      vertex 14.9822435 -27.6026783 0.5625
    endloop
  endfacet
  facet normal 0.2647052324051779 -0.8710933830978311 -0.41367554660687395
    outer loop
      vertex 14.9623117 -27.527113 0.390625
      vertex 15.0986547 -27.4856815 0.390625
      vertex 14.9822435 -27.6026783 0.5625
    endloop
  endfacet
  facet normal 0.2647471090086678 -0.871093944301199 -0.41364756553536275
    outer loop
      vertex 14.9822435 -27.6026783 0.5625
      vertex 15.0986547 -27.4856815 0.390625
      vertex 15.1241312 -27.5595551 0.5625
    endloop
  endfacet
  facet normal 0.3380793189351234 -0.8454198330752186 -0.4134823816699238
    outer loop
      vertex 15.0986547 -27.4856815 0.390625
      vertex 15.2486305 -27.4257069 0.390625
      vertex 15.1241312 -27.5595551 0.5625
    endloop
  endfacet
  facet normal 0.3381668817380247 -0.8454169350279758 -0.4134166978527647
    outer loop
      vertex 15.1241312 -27.5595551 0.5625
      vertex 15.2486305 -27.4257069 0.390625
      vertex 15.2810869 -27.4967728 0.5625
    endloop
  endfacet
  facet normal 0.43000062062529365 -0.8027636309217111 -0.41312228108787985
    outer loop
      vertex 15.2486305 -27.4257069 0.390625
      vertex 15.4177761 -27.335104 0.390625
      vertex 15.2810869 -27.4967728 0.5625
    endloop
  endfacet
  facet normal 0.43012166273961217 -0.8027533124814898 -0.4130163126828125
    outer loop
      vertex 15.2810869 -27.4967728 0.5625
      vertex 15.4177761 -27.335104 0.390625
      vertex 15.4592886 -27.4012909 0.5625
    endloop
  endfacet
  facet normal 0.5228701326985293 -0.7454788662028805 -0.41336192903639557
    outer loop
      vertex 15.4177761 -27.335104 0.390625
      vertex 15.5356998 -27.2523937 0.390625
      vertex 15.4592886 -27.4012909 0.5625
    endloop
  endfacet
  facet normal 0.5229670073554491 -0.7454490924275143 -0.4132930677094413
    outer loop
      vertex 15.4592886 -27.4012909 0.5625
      vertex 15.5356998 -27.2523937 0.390625
      vertex 15.5840235 -27.3137836 0.5625
    endloop
  endfacet
  facet normal 0.604805196309762 -0.6807870643057762 -0.41320654349929314
    outer loop
      vertex 15.5356998 -27.2523937 0.390625
      vertex 15.6524477 -27.1486759 0.390625
      vertex 15.5840235 -27.3137836 0.5625
    endloop
  endfacet
  facet normal 0.6048640226997755 -0.6807630278203671 -0.41316003436476206
    outer loop
      vertex 15.5840235 -27.3137836 0.5625
      vertex 15.6524477 -27.1486759 0.390625
      vertex 15.7078056 -27.2038021 0.5625
    endloop
  endfacet
  facet normal 0.6830847848095268 -0.6022358633269919 -0.4131672079007664
    outer loop
      vertex 15.6524477 -27.1486759 0.390625
      vertex 15.7555599 -27.0317211 0.390625
      vertex 15.7078056 -27.2038021 0.5625
    endloop
  endfacet
  facet normal 0.6830191531737022 -0.6022725731078035 -0.4132221969836376
    outer loop
      vertex 15.7078056 -27.2038021 0.5625
      vertex 15.7555599 -27.0317211 0.390625
      vertex 15.8171434 -27.0798054 0.5625
    endloop
  endfacet
  facet normal 0.7472390489963151 -0.5203827157230935 -0.4133226739869721
    outer loop
      vertex 15.7555599 -27.0317211 0.390625
      vertex 15.8375168 -26.9140358 0.390625
      vertex 15.8171434 -27.0798054 0.5625
    endloop
  endfacet
  facet normal 0.747161442939629 -0.5204416708598127 -0.413388734022854
    outer loop
      vertex 15.8171434 -27.0798054 0.5625
      vertex 15.8375168 -26.9140358 0.390625
      vertex 15.9038439 -26.9553356 0.5625
    endloop
  endfacet
  facet normal 0.8040407735829904 -0.42767886381184983 -0.4130486943021021
    outer loop
      vertex 15.8375168 -26.9140358 0.390625
      vertex 15.927043 -26.7457256 0.390625
      vertex 15.9038439 -26.9553356 0.5625
    endloop
  endfacet
  facet normal 0.8039593192939761 -0.4277442932430337 -0.4131394831269267
    outer loop
      vertex 15.9038439 -26.9553356 0.5625
      vertex 15.927043 -26.7457256 0.390625
      vertex 15.9981756 -26.7780361 0.5625
    endloop
  endfacet
  facet normal 0.8459753181432427 -0.3367585297129414 -0.4134240604488536
    outer loop
      vertex 15.927043 -26.7457256 0.390625
      vertex 15.9863329 -26.5967827 0.390625
      vertex 15.9981756 -26.7780361 0.5625
    endloop
  endfacet
  facet normal 0.8459270651073071 -0.33681312922923023 -0.41347831442259636
    outer loop
      vertex 15.9981756 -26.7780361 0.5625
      vertex 15.9863329 -26.5967827 0.390625
      vertex 16.0602322 -26.6221771 0.5625
    endloop
  endfacet
  facet normal 0.8712986998200176 -0.26408245303987327 -0.4136411895452264
    outer loop
      vertex 15.9863329 -26.5967827 0.390625
      vertex 16.0273323 -26.4615116 0.390625
      vertex 16.0602322 -26.6221771 0.5625
    endloop
  endfacet
  facet normal 0.8712678394813406 -0.2641275241927264 -0.41367741399469427
    outer loop
      vertex 16.0602322 -26.6221771 0.5625
      vertex 16.0273323 -26.4615116 0.390625
      vertex 16.1029053 -26.4814129 0.5625
    endloop
  endfacet
  facet normal 0.8874796444493996 -0.20300039954439572 -0.4137278313973848
    outer loop
      vertex 16.0273323 -26.4615116 0.390625
      vertex 16.0561619 -26.335474 0.390625
      vertex 16.1029053 -26.4814129 0.5625
    endloop
  endfacet
  facet normal 0.8875207199556594 -0.20292628694152912 -0.41367607341676416
    outer loop
      vertex 16.1029053 -26.4814129 0.5625
      vertex 16.0561619 -26.335474 0.390625
      vertex 16.1327553 -26.3508606 0.5625
    endloop
  endfacet
  facet normal 0.8976353404418794 -0.15216284892402643 -0.4136390491686139
    outer loop
      vertex 16.0561619 -26.335474 0.390625
      vertex 16.0829639 -26.1773643 0.390625
      vertex 16.1327553 -26.3508606 0.5625
    endloop
  endfacet
  facet normal 0.8975776119204755 -0.15226593046006426 -0.4137263793865062
    outer loop
      vertex 16.1327553 -26.3508606 0.5625
      vertex 16.0829639 -26.1773643 0.390625
      vertex 16.1604233 -26.1877632 0.5625
    endloop
  endfacet
  facet normal 0.9049741397163757 -0.0988374142149074 -0.41382722481238027
    outer loop
      vertex 16.0829639 -26.1773643 0.390625
      vertex 16.0992031 -26.0286751 0.390625
      vertex 16.1604233 -26.1877632 0.5625
    endloop
  endfacet
  facet normal 0.9049429034815584 -0.09890562260517535 -0.41387923269409094
    outer loop
      vertex 16.1604233 -26.1877632 0.5625
      vertex 16.0992031 -26.0286751 0.390625
      vertex 16.1771183 -26.0350113 0.5625
    endloop
  endfacet
  facet normal 0.9088681273977967 -0.051381154643211004 -0.4139066367527259
    outer loop
      vertex 16.0992031 -26.0286751 0.390625
      vertex 16.185318 -25.8899689 0.5625
      vertex 16.1771183 -26.0350113 0.5625
    endloop
  endfacet
  facet normal 0.9728314345159265 -0.054997200222823873 -0.2248873228648853
    outer loop
      vertex 16.1771183 -26.0350113 0.5625
      vertex 16.185318 -25.8899689 0.5625
      vertex 16.2321739 -25.8917389 0.765625
    endloop
  endfacet
  facet normal 0.974270851958553 -0.015129703788067897 -0.22487196154087508
    outer loop
      vertex 16.185318 -25.8899689 0.5625
      vertex 16.234375 -25.75 0.765625
      vertex 16.2321739 -25.8917389 0.765625
    endloop
  endfacet
  facet normal 0.9928571136975809 -0.01541833464885337 -0.11830903066446313
    outer loop
      vertex 16.2321739 -25.8917389 0.765625
      vertex 16.234375 -25.75 0.765625
      vertex 16.2422619 -25.75 0.8318123800000001
    endloop
  endfacet
  facet normal 0.9989432754164659 0.0 -0.04596011858364563
    outer loop
      vertex 16.25 25.75 1.0
      vertex 16.25 -25.75 1.0
      vertex 16.2422619 -25.75 0.8318123800000001
    endloop
  endfacet
  facet normal 0.04923623424776792 0.0 -0.9987871611294864
    outer loop
      vertex 15.4290895 -25.75 0.00882840000000007
      vertex 15.25 -25.75 0.0
      vertex 15.4290895 25.75 0.00882840000000007
    endloop
  endfacet
  facet normal 0.04923623424776792 0.0 -0.9987871611294864
    outer loop
      vertex 15.25 -25.75 0.0
      vertex 15.25 25.75 0.0
      vertex 15.4290895 25.75 0.00882840000000007
    endloop
  endfacet
  facet normal 0.12201780224718115 0.0 -0.9925279119172254
    outer loop
      vertex 15.4290895 -25.75 0.00882840000000007
      vertex 15.4290895 25.75 0.00882840000000007
      vertex 15.484375 -25.75 0.015625
    endloop
  endfacet
  facet normal 0.12201780224718115 0.0 -0.9925279119172254
    outer loop
      vertex 15.4290895 25.75 0.00882840000000007
      vertex 15.484375 25.75 0.015625
      vertex 15.484375 -25.75 0.015625
    endloop
  endfacet
  facet normal 0.16706701136429225 0.0 -0.9859455429757789
    outer loop
      vertex 15.484375 -25.75 0.015625
      vertex 15.484375 25.75 0.015625
      vertex 15.5524244 -25.75 0.027155870000000082
    endloop
  endfacet
  facet normal 0.16706701136429225 0.0 -0.9859455429757789
    outer loop
      vertex 15.484375 25.75 0.015625
      vertex 15.5524244 25.75 0.027155870000000082
      vertex 15.5524244 -25.75 0.027155870000000082
    endloop
  endfacet
  facet normal 0.25314121466181927 0.0 -0.9674293387320537
    outer loop
      vertex 15.5524244 -25.75 0.027155870000000082
      vertex 15.5524244 25.75 0.027155870000000082
      vertex 15.687499 -25.75 0.0625
    endloop
  endfacet
  facet normal 0.25314121466181927 0.0 -0.9674293387320537
    outer loop
      vertex 15.5524244 25.75 0.027155870000000082
      vertex 15.687499 25.75 0.0625
      vertex 15.687499 -25.75 0.0625
    endloop
  endfacet
  facet normal 0.3450398218510486 0.0 -0.9385880466621107
    outer loop
      vertex 15.687499 -25.75 0.0625
      vertex 15.687499 25.75 0.0625
      vertex 15.7424879 -25.75 0.08271479000000026
    endloop
  endfacet
  facet normal 0.3450398218510486 0.0 -0.9385880466621107
    outer loop
      vertex 15.687499 25.75 0.0625
      vertex 15.7424879 25.75 0.08271479000000026
      vertex 15.7424879 -25.75 0.08271479000000026
    endloop
  endfacet
  facet normal 0.4439397370991557 0.0 -0.896056644316827
    outer loop
      vertex 15.7424879 -25.75 0.08271479000000026
      vertex 15.7424879 25.75 0.08271479000000026
      vertex 15.859375 -25.75 0.140625
    endloop
  endfacet
  facet normal 0.4439397370991557 0.0 -0.896056644316827
    outer loop
      vertex 15.7424879 25.75 0.08271479000000026
      vertex 15.859375 25.75 0.140625
      vertex 15.859375 -25.75 0.140625
    endloop
  endfacet
  facet normal 0.573083277928642 0.0 -0.8194971363943641
    outer loop
      vertex 15.859375 -25.75 0.140625
      vertex 15.859375 25.75 0.140625
      vertex 15.9453564 -25.75 0.20075273000000005
    endloop
  endfacet
  facet normal 0.573083277928642 0.0 -0.8194971363943641
    outer loop
      vertex 15.859375 25.75 0.140625
      vertex 15.9453564 25.75 0.20075273000000005
      vertex 15.9453564 -25.75 0.20075273000000005
    endloop
  endfacet
  facet normal 0.7421606488868624 0.0 -0.6702220313029341
    outer loop
      vertex 15.9453564 25.75 0.20075273000000005
      vertex 16.0922966 25.75 0.3634648300000003
      vertex 15.9453564 -25.75 0.20075273000000005
    endloop
  endfacet
  facet normal 0.7421606488868624 0.0 -0.6702220313029341
    outer loop
      vertex 15.9453564 -25.75 0.20075273000000005
      vertex 16.0922966 25.75 0.3634648300000003
      vertex 16.0922966 -25.75 0.3634648300000003
    endloop
  endfacet
  facet normal 0.9097761273586539 0.0 -0.415099262933928
    outer loop
      vertex 16.0922966 25.75 0.3634648300000003
      vertex 16.1973228 25.75 0.5936515300000003
      vertex 16.0922966 -25.75 0.3634648300000003
    endloop
  endfacet
  facet normal 0.9097761273586539 0.0 -0.415099262933928
    outer loop
      vertex 16.0922966 -25.75 0.3634648300000003
      vertex 16.1973228 25.75 0.5936515300000003
      vertex 16.1973228 -25.75 0.5936515300000003
    endloop
  endfacet
  facet normal 0.9775680188750916 0.0 -0.21061996218931459
    outer loop
      vertex 16.1973228 -25.75 0.5936515300000003
      vertex 16.1973228 25.75 0.5936515300000003
      vertex 16.234375 -25.75 0.765625
    endloop
  endfacet
  facet normal 0.9775680188750916 0.0 -0.21061996218931459
    outer loop
      vertex 16.1973228 25.75 0.5936515300000003
      vertex 16.234375 25.75 0.765625
      vertex 16.234375 -25.75 0.765625
    endloop
  endfacet
  facet normal 0.9929751482430176 0.0 -0.11832309568193934
    outer loop
      vertex 16.234375 -25.75 0.765625
      vertex 16.234375 25.75 0.765625
      vertex 16.2422619 -25.75 0.8318123800000001
    endloop
  endfacet
  facet normal 0.9929751482430176 0.0 -0.11832309568193934
    outer loop
      vertex 16.234375 25.75 0.765625
      vertex 16.2422619 25.75 0.8318123800000001
      vertex 16.2422619 -25.75 0.8318123800000001
    endloop
  endfacet
  facet normal 0.9989432754164659 0.0 -0.04596011858364563
    outer loop
      vertex 16.2422619 -25.75 0.8318123800000001
      vertex 16.2422619 25.75 0.8318123800000001
      vertex 16.25 25.75 1.0
    endloop
  endfacet
  facet normal 0.9998299807749832 -0.018439347697156442 0.0
    outer loop
      vertex 16.25 -25.75 1.0
      vertex 16.25 -25.75 1.5
      vertex 16.2473755 -25.8923073 1.0
    endloop
  endfacet
  facet normal 0.9987488334881259 -0.049232675738565754 0.008769905685283136
    outer loop
      vertex 16.25 -25.75 1.5
      vertex 16.2323437 -26.108181 1.5
      vertex 16.2473755 -25.8923073 1.0
    endloop
  endfacet
  facet normal 0.9975844462937954 -0.06946418150890202 0.0
    outer loop
      vertex 16.2473755 -25.8923073 1.0
      vertex 16.2323437 -26.108181 1.5
      vertex 16.2323437 -26.108181 1.0
    endloop
  endfacet
  facet normal 0.9930078743651483 -0.11804813191580071 0.0
    outer loop
      vertex 16.2323437 -26.108181 1.0
      vertex 16.2323437 -26.108181 1.5
      vertex 16.2219028 -26.1960087 1.0
    endloop
  endfacet
  facet normal 0.9891250046602523 -0.14698658239813736 0.005164276403458858
    outer loop
      vertex 16.2323437 -26.108181 1.5
      vertex 16.1956882 -26.3548489 1.5
      vertex 16.2219028 -26.1960087 1.0
    endloop
  endfacet
  facet normal 0.9866533366230305 -0.16283486521823498 0.0
    outer loop
      vertex 16.2219028 -26.1960087 1.0
      vertex 16.1956882 -26.3548489 1.5
      vertex 16.1956882 -26.3548489 1.0
    endloop
  endfacet
  facet normal 0.971287144658154 -0.23791024068293107 0.0
    outer loop
      vertex 16.1956882 -26.3548489 1.5
      vertex 16.1453819 -26.5602283 1.5
      vertex 16.1956882 -26.3548489 1.0
    endloop
  endfacet
  facet normal 0.971287144658154 -0.23791024068293107 0.0
    outer loop
      vertex 16.1956882 -26.3548489 1.0
      vertex 16.1453819 -26.5602283 1.5
      vertex 16.1453819 -26.5602283 1.0
    endloop
  endfacet
  facet normal 0.9444471476352713 -0.32866333127320435 0.0
    outer loop
      vertex 16.1453819 -26.5602283 1.5
      vertex 16.0845699 -26.7349777 1.5
      vertex 16.1453819 -26.5602283 1.0
    endloop
  endfacet
  facet normal 0.9444471476352713 -0.32866333127320435 0.0
    outer loop
      vertex 16.1453819 -26.5602283 1.0
      vertex 16.0845699 -26.7349777 1.5
      vertex 16.0845699 -26.7349777 1.0
    endloop
  endfacet
  facet normal 0.9192175435031759 -0.39375005741712177 0.0
    outer loop
      vertex 16.0845699 -26.7349777 1.0
      vertex 16.0845699 -26.7349777 1.5
      vertex 16.0550575 -26.803875 1.0
    endloop
  endfacet
  facet normal 0.9083275718496042 -0.4182402213912277 0.004017390747604093
    outer loop
      vertex 16.0845699 -26.7349777 1.5
      vertex 16.0147533 -26.8866043 1.5
      vertex 16.0550575 -26.803875 1.0
    endloop
  endfacet
  facet normal 0.8989890899256155 -0.4379710220947423 0.0
    outer loop
      vertex 16.0550575 -26.803875 1.0
      vertex 16.0147533 -26.8866043 1.5
      vertex 16.0147533 -26.8866043 1.0
    endloop
  endfacet
  facet normal 0.8627477827203512 -0.5056345156445687 0.0
    outer loop
      vertex 16.0147533 -26.8866043 1.5
      vertex 15.9362669 -27.0205231 1.5
      vertex 16.0147533 -26.8866043 1.0
    endloop
  endfacet
  facet normal 0.8627477827203512 -0.5056345156445687 0.0
    outer loop
      vertex 16.0147533 -26.8866043 1.0
      vertex 15.9362669 -27.0205231 1.5
      vertex 15.9362669 -27.0205231 1.0
    endloop
  endfacet
  facet normal 0.8075814087199887 -0.5897561091585558 0.0
    outer loop
      vertex 15.9362669 -27.0205231 1.5
      vertex 15.8484955 -27.1407127 1.5
      vertex 15.9362669 -27.0205231 1.0
    endloop
  endfacet
  facet normal 0.8075814087199887 -0.5897561091585558 0.0
    outer loop
      vertex 15.9362669 -27.0205231 1.0
      vertex 15.8484955 -27.1407127 1.5
      vertex 15.8484955 -27.1407127 1.0
    endloop
  endfacet
  facet normal 0.7428311794431477 -0.6694787814763828 0.0
    outer loop
      vertex 15.8484955 -27.1407127 1.5
      vertex 15.75 -27.25 1.5
      vertex 15.8484955 -27.1407127 1.0
    endloop
  endfacet
  facet normal 0.7428311794431477 -0.6694787814763828 0.0
    outer loop
      vertex 15.8484955 -27.1407127 1.0
      vertex 15.75 -27.25 1.5
      vertex 15.75 -27.25 1.0
    endloop
  endfacet
  facet normal 0.6726869731852696 -0.739927182976028 0.0
    outer loop
      vertex 15.75 -27.25 1.5
      vertex 15.6502609 -27.3406754 1.5
      vertex 15.75 -27.25 1.0
    endloop
  endfacet
  facet normal 0.6726869731852696 -0.739927182976028 0.0
    outer loop
      vertex 15.75 -27.25 1.0
      vertex 15.6502609 -27.3406754 1.5
      vertex 15.6502609 -27.3406754 1.0
    endloop
  endfacet
  facet normal 0.5940120602244382 -0.8044561344833653 0.0
    outer loop
      vertex 15.6502609 -27.3406754 1.5
      vertex 15.5230703 -27.4345932 1.5
      vertex 15.6502609 -27.3406754 1.0
    endloop
  endfacet
  facet normal 0.5940120602244382 -0.8044561344833653 0.0
    outer loop
      vertex 15.6502609 -27.3406754 1.0
      vertex 15.5230703 -27.4345932 1.5
      vertex 15.5230703 -27.4345932 1.0
    endloop
  endfacet
  facet normal 0.5080367354667555 -0.8613354023934474 0.0
    outer loop
      vertex 15.5230703 -27.4345932 1.5
      vertex 15.3916407 -27.5121136 1.5
      vertex 15.5230703 -27.4345932 1.0
    endloop
  endfacet
  facet normal 0.5080367354667555 -0.8613354023934474 0.0
    outer loop
      vertex 15.5230703 -27.4345932 1.0
      vertex 15.3916407 -27.5121136 1.5
      vertex 15.3916407 -27.5121136 1.0
    endloop
  endfacet
  facet normal 0.4404357267963738 -0.8977841447482517 0.0
    outer loop
      vertex 15.3916407 -27.5121136 1.0
      vertex 15.3916407 -27.5121136 1.5
      vertex 15.3070469 -27.5536137 1.0
    endloop
  endfacet
  facet normal 0.42127578176875197 -0.9069237641457271 0.0040002153532696285
    outer loop
      vertex 15.3916407 -27.5121136 1.5
      vertex 15.2403374 -27.5823956 1.5
      vertex 15.3070469 -27.5536137 1.0
    endloop
  endfacet
  facet normal 0.3961520684887961 -0.9181849152714545 0.0
    outer loop
      vertex 15.3070469 -27.5536137 1.0
      vertex 15.2403374 -27.5823956 1.5
      vertex 15.2403374 -27.5823956 1.0
    endloop
  endfacet
  facet normal 0.3307285494750904 -0.9437259276729143 0.0
    outer loop
      vertex 15.2403374 -27.5823956 1.5
      vertex 15.0626974 -27.6446495 1.5
      vertex 15.2403374 -27.5823956 1.0
    endloop
  endfacet
  facet normal 0.3307285494750904 -0.9437259276729143 0.0
    outer loop
      vertex 15.2403374 -27.5823956 1.0
      vertex 15.0626974 -27.6446495 1.5
      vertex 15.0626974 -27.6446495 1.0
    endloop
  endfacet
  facet normal 0.23731006962620987 -0.9714339559918643 0.0
    outer loop
      vertex 15.0626974 -27.6446495 1.5
      vertex 14.84935 -27.6967678 1.5
      vertex 15.0626974 -27.6446495 1.0
    endloop
  endfacet
  facet normal 0.23731006962620987 -0.9714339559918643 0.0
    outer loop
      vertex 15.0626974 -27.6446495 1.0
      vertex 14.84935 -27.6967678 1.5
      vertex 14.84935 -27.6967678 1.0
    endloop
  endfacet
  facet normal 0.1617716864695519 -0.9868282127385684 0.0
    outer loop
      vertex 14.84935 -27.6967678 1.0
      vertex 14.84935 -27.6967678 1.5
      vertex 14.6960812 -27.7218933 1.0
    endloop
  endfacet
  facet normal 0.14211973994371346 -0.9898302126906112 0.006174914022948937
    outer loop
      vertex 14.84935 -27.6967678 1.5
      vertex 14.5863752 -27.7345257 1.5
      vertex 14.6960812 -27.7218933 1.0
    endloop
  endfacet
  facet normal 0.11439189438195918 -0.9934357022473608 0.0
    outer loop
      vertex 14.6960812 -27.7218933 1.0
      vertex 14.5863752 -27.7345257 1.5
      vertex 14.5863752 -27.7345257 1.0
    endloop
  endfacet
  facet normal 0.06610443734466938 -0.997812709561942 0.0
    outer loop
      vertex 14.5863752 -27.7345257 1.0
      vertex 14.5863752 -27.7345257 1.5
      vertex 14.3926163 -27.7473621 1.0
    endloop
  endfacet
  facet normal 0.045953082126174896 -0.9989128549147616 0.007837252652903396
    outer loop
      vertex 14.5863752 -27.7345257 1.5
      vertex 14.25 -27.75 1.5
      vertex 14.3926163 -27.7473621 1.0
    endloop
  endfacet
  facet normal 0.018493320025265596 -0.9998289839339742 0.0
    outer loop
      vertex 14.3926163 -27.7473621 1.0
      vertex 14.25 -27.75 1.5
      vertex 14.25 -27.75 1.0
    endloop
  endfacet
  facet normal -0.9998289839339742 -0.018493320025265596 -0.0
    outer loop
      vertex -16.25 -25.75 1.5
      vertex -16.25 -25.75 1.0
      vertex -16.2473621 -25.8926163 1.0
    endloop
  endfacet
  facet normal -0.998748801429659 -0.049232674158264426 0.008773564728532284
    outer loop
      vertex -16.25 -25.75 1.5
      vertex -16.2473621 -25.8926163 1.0
      vertex -16.2323437 -26.108181 1.5
    endloop
  endfacet
  facet normal -0.9975818427667856 -0.06950156100422615 0.0
    outer loop
      vertex -16.2473621 -25.8926163 1.0
      vertex -16.2323437 -26.108181 1.0
      vertex -16.2323437 -26.108181 1.5
    endloop
  endfacet
  facet normal -0.9930064081425636 -0.11806046496522224 0.0
    outer loop
      vertex -16.2323437 -26.108181 1.0
      vertex -16.2218933 -26.1960793 1.0
      vertex -16.2323437 -26.108181 1.5
    endloop
  endfacet
  facet normal -0.9891249946406712 -0.1469865809092012 0.005166237481477796
    outer loop
      vertex -16.2323437 -26.108181 1.5
      vertex -16.2218933 -26.1960793 1.0
      vertex -16.1956882 -26.3548489 1.5
    endloop
  endfacet
  facet normal -0.9866511883093032 -0.16284788180335708 0.0
    outer loop
      vertex -16.2218933 -26.1960793 1.0
      vertex -16.1956882 -26.3548489 1.0
      vertex -16.1956882 -26.3548489 1.5
    endloop
  endfacet
  facet normal -0.971287144658154 -0.23791024068293107 0.0
    outer loop
      vertex -16.1956882 -26.3548489 1.0
      vertex -16.1453819 -26.5602283 1.0
      vertex -16.1956882 -26.3548489 1.5
    endloop
  endfacet
  facet normal -0.971287144658154 -0.23791024068293107 0.0
    outer loop
      vertex -16.1956882 -26.3548489 1.5
      vertex -16.1453819 -26.5602283 1.0
      vertex -16.1453819 -26.5602283 1.5
    endloop
  endfacet
  facet normal -0.9444471476352713 -0.32866333127320435 0.0
    outer loop
      vertex -16.1453819 -26.5602283 1.0
      vertex -16.0845699 -26.7349777 1.0
      vertex -16.1453819 -26.5602283 1.5
    endloop
  endfacet
  facet normal -0.9444471476352713 -0.32866333127320435 0.0
    outer loop
      vertex -16.1453819 -26.5602283 1.5
      vertex -16.0845699 -26.7349777 1.0
      vertex -16.0845699 -26.7349777 1.5
    endloop
  endfacet
  facet normal -0.9188205963215115 -0.3946754511942463 0.0
    outer loop
      vertex -16.0845699 -26.7349777 1.0
      vertex -16.0536137 -26.807045 1.0
      vertex -16.0845699 -26.7349777 1.5
    endloop
  endfacet
  facet normal -0.9083274665392276 -0.41824017290097304 0.004046146585642952
    outer loop
      vertex -16.0845699 -26.7349777 1.5
      vertex -16.0536137 -26.807045 1.0
      vertex -16.0147533 -26.8866043 1.5
    endloop
  endfacet
  facet normal -0.8985414252964848 -0.4388887182716839 0.0
    outer loop
      vertex -16.0536137 -26.807045 1.0
      vertex -16.0147533 -26.8866043 1.0
      vertex -16.0147533 -26.8866043 1.5
    endloop
  endfacet
  facet normal -0.8627477827203512 -0.5056345156445687 0.0
    outer loop
      vertex -16.0147533 -26.8866043 1.0
      vertex -15.9362669 -27.0205231 1.0
      vertex -16.0147533 -26.8866043 1.5
    endloop
  endfacet
  facet normal -0.8627477827203512 -0.5056345156445687 0.0
    outer loop
      vertex -16.0147533 -26.8866043 1.5
      vertex -15.9362669 -27.0205231 1.0
      vertex -15.9362669 -27.0205231 1.5
    endloop
  endfacet
  facet normal -0.8075814087199887 -0.5897561091585558 0.0
    outer loop
      vertex -15.9362669 -27.0205231 1.0
      vertex -15.8484955 -27.1407127 1.0
      vertex -15.9362669 -27.0205231 1.5
    endloop
  endfacet
  facet normal -0.8075814087199887 -0.5897561091585558 0.0
    outer loop
      vertex -15.9362669 -27.0205231 1.5
      vertex -15.8484955 -27.1407127 1.0
      vertex -15.8484955 -27.1407127 1.5
    endloop
  endfacet
  facet normal -0.7428311794431477 -0.6694787814763828 0.0
    outer loop
      vertex -15.8484955 -27.1407127 1.0
      vertex -15.75 -27.25 1.0
      vertex -15.8484955 -27.1407127 1.5
    endloop
  endfacet
  facet normal -0.7428311794431477 -0.6694787814763828 0.0
    outer loop
      vertex -15.8484955 -27.1407127 1.5
      vertex -15.75 -27.25 1.0
      vertex -15.75 -27.25 1.5
    endloop
  endfacet
  facet normal -0.6726869731852696 -0.739927182976028 0.0
    outer loop
      vertex -15.75 -27.25 1.0
      vertex -15.6502609 -27.3406754 1.0
      vertex -15.75 -27.25 1.5
    endloop
  endfacet
  facet normal -0.6726869731852696 -0.739927182976028 0.0
    outer loop
      vertex -15.75 -27.25 1.5
      vertex -15.6502609 -27.3406754 1.0
      vertex -15.6502609 -27.3406754 1.5
    endloop
  endfacet
  facet normal -0.5940120602244382 -0.8044561344833653 0.0
    outer loop
      vertex -15.6502609 -27.3406754 1.0
      vertex -15.5230703 -27.4345932 1.0
      vertex -15.6502609 -27.3406754 1.5
    endloop
  endfacet
  facet normal -0.5940120602244382 -0.8044561344833653 0.0
    outer loop
      vertex -15.6502609 -27.3406754 1.5
      vertex -15.5230703 -27.4345932 1.0
      vertex -15.5230703 -27.4345932 1.5
    endloop
  endfacet
  facet normal -0.5080367354667555 -0.8613354023934474 0.0
    outer loop
      vertex -15.5230703 -27.4345932 1.0
      vertex -15.3916407 -27.5121136 1.0
      vertex -15.5230703 -27.4345932 1.5
    endloop
  endfacet
  facet normal -0.5080367354667555 -0.8613354023934474 0.0
    outer loop
      vertex -15.5230703 -27.4345932 1.5
      vertex -15.3916407 -27.5121136 1.0
      vertex -15.3916407 -27.5121136 1.5
    endloop
  endfacet
  facet normal -0.43949363960399007 -0.8982457017696428 0.0
    outer loop
      vertex -15.3916407 -27.5121136 1.0
      vertex -15.303875 -27.5550556 1.0
      vertex -15.3916407 -27.5121136 1.5
    endloop
  endfacet
  facet normal -0.4212758773108289 -0.9069239698289963 0.0039431136941953165
    outer loop
      vertex -15.3916407 -27.5121136 1.5
      vertex -15.303875 -27.5550556 1.0
      vertex -15.2403374 -27.5823956 1.5
    endloop
  endfacet
  facet normal -0.3952575099129509 -0.9185703570535103 0.0
    outer loop
      vertex -15.303875 -27.5550556 1.0
      vertex -15.2403374 -27.5823956 1.0
      vertex -15.2403374 -27.5823956 1.5
    endloop
  endfacet
  facet normal -0.3510140436932348 -0.9363701944904715 0.0
    outer loop
      vertex -15.2403374 -27.5823956 1.0
      vertex -15.1424074 -27.6191063 1.0
      vertex -15.2403374 -27.5823956 1.5
    endloop
  endfacet
  facet normal -0.3307251812480949 -0.9437163165185372 0.004513139162376464
    outer loop
      vertex -15.2403374 -27.5823956 1.5
      vertex -15.1424074 -27.6191063 1.0
      vertex -15.0626974 -27.6446495 1.5
    endloop
  endfacet
  facet normal -0.3051658446207406 -0.9522992215038873 0.0
    outer loop
      vertex -15.1424074 -27.6191063 1.0
      vertex -15.0626974 -27.6446495 1.0
      vertex -15.0626974 -27.6446495 1.5
    endloop
  endfacet
  facet normal -0.23731006962620987 -0.9714339559918643 0.0
    outer loop
      vertex -15.0626974 -27.6446495 1.0
      vertex -14.84935 -27.6967678 1.0
      vertex -15.0626974 -27.6446495 1.5
    endloop
  endfacet
  facet normal -0.23731006962620987 -0.9714339559918643 0.0
    outer loop
      vertex -15.0626974 -27.6446495 1.5
      vertex -14.84935 -27.6967678 1.0
      vertex -14.84935 -27.6967678 1.5
    endloop
  endfacet
  facet normal -0.16175961588871715 -0.9868301914045469 0.0
    outer loop
      vertex -14.84935 -27.6967678 1.0
      vertex -14.6960115 -27.7219028 1.0
      vertex -14.84935 -27.6967678 1.5
    endloop
  endfacet
  facet normal -0.14211974082535908 -0.9898302188310633 0.006173909343536446
    outer loop
      vertex -14.84935 -27.6967678 1.5
      vertex -14.6960115 -27.7219028 1.0
      vertex -14.5863752 -27.7345257 1.5
    endloop
  endfacet
  facet normal -0.01845232933214605 -0.9998297412770928 0.0
    outer loop
      vertex -14.25 -27.75 1.0
      vertex -14.25 -27.75 1.5
      vertex -14.3923101 -27.7473736 1.0
    endloop
  endfacet
  facet normal -0.045953083986317415 -0.9989128953499227 0.0078320862981074
    outer loop
      vertex -14.25 -27.75 1.5
      vertex -14.5863752 -27.7345257 1.5
      vertex -14.3923101 -27.7473736 1.0
    endloop
  endfacet
  facet normal -0.06605946241331774 -0.9978156881036013 0.0
    outer loop
      vertex -14.3923101 -27.7473736 1.0
      vertex -14.5863752 -27.7345257 1.5
      vertex -14.5863752 -27.7345257 1.0
    endloop
  endfacet
  facet normal -0.11437871112600874 -0.9934372201811009 -0.0
    outer loop
      vertex -14.5863752 -27.7345257 1.5
      vertex -14.6960115 -27.7219028 1.0
      vertex -14.5863752 -27.7345257 1.0
    endloop
  endfacet
  facet normal 0.0 1.0 0.0
    outer loop
      vertex 15.25 -19.8999996 5.04999971
      vertex 14.75 -19.8999996 5.04999971
      vertex 14.75 -19.8999996 6.8499999
    endloop
  endfacet
  facet normal 0.0 1.0 -0.0
    outer loop
      vertex 16.25 -19.8999996 1.5
      vertex 15.25 -19.8999996 1.5
      vertex 16.25 -19.8999996 7.3499999
    endloop
  endfacet
  facet normal 0.0 1.0 0.0
    outer loop
      vertex 15.25 -19.8999996 1.5
      vertex 15.25 -19.8999996 5.04999971
      vertex 16.25 -19.8999996 7.3499999
    endloop
  endfacet
  facet normal 0.0 1.0 0.0
    outer loop
      vertex 16.25 -19.8999996 7.3499999
      vertex 15.25 -19.8999996 5.04999971
      vertex 15.25 -19.8999996 7.3499999
    endloop
  endfacet
  facet normal 0.0 1.0 -0.0
    outer loop
      vertex 15.25 -19.8999996 5.04999971
      vertex 14.75 -19.8999996 6.8499999
      vertex 15.25 -19.8999996 7.3499999
    endloop
  endfacet
  facet normal 1.0 -0.0 0.0
    outer loop
      vertex -14.75 19.8999996 6.8499999
      vertex -14.75 19.8999996 5.04999971
      vertex -14.75 23.6000004 6.8499999
    endloop
  endfacet
  facet normal 1.0 0.0 0.0
    outer loop
      vertex -14.75 19.8999996 5.04999971
      vertex -14.75 23.6000004 5.04999971
      vertex -14.75 23.6000004 6.8499999
    endloop
  endfacet
  facet normal 0.0 1.0 0.0
    outer loop
      vertex -15.25 23.6000004 5.04999971
      vertex -15.25 23.6000004 1.5
      vertex -16.25 23.6000004 1.5
    endloop
  endfacet
  facet normal 0.0 1.0 0.0
    outer loop
      vertex -14.75 23.6000004 6.8499999
      vertex -14.75 23.6000004 5.04999971
      vertex -15.25 23.6000004 7.3499999
    endloop
  endfacet
  facet normal 0.0 1.0 0.0
    outer loop
      vertex -14.75 23.6000004 5.04999971
      vertex -15.25 23.6000004 5.04999971
      vertex -15.25 23.6000004 7.3499999
    endloop
  endfacet
  facet normal 0.0 1.0 0.0
    outer loop
      vertex -15.25 23.6000004 7.3499999
      vertex -15.25 23.6000004 5.04999971
      vertex -16.25 23.6000004 7.3499999
    endloop
  endfacet
  facet normal 0.0 1.0 0.0
    outer loop
      vertex -15.25 23.6000004 5.04999971
      vertex -16.25 23.6000004 1.5
      vertex -16.25 23.6000004 7.3499999
    endloop
  endfacet
  facet normal -1.0 0.0 0.0
    outer loop
      vertex 15.25 23.6000004 1.5
      vertex 15.25 19.8999996 1.5
      vertex 15.25 23.6000004 5.04999971
    endloop
  endfacet
  facet normal -1.0 0.0 0.0
    outer loop
      vertex 15.25 19.8999996 1.5
      vertex 15.25 19.8999996 5.04999971
      vertex 15.25 23.6000004 5.04999971
    endloop
  endfacet
  facet normal -1.0 -0.0 -0.0
    outer loop
      vertex 14.75 23.6000004 6.8499999
      vertex 14.75 23.6000004 5.04999971
      vertex 14.75 19.8999996 6.8499999
    endloop
  endfacet
  facet normal -1.0 0.0 0.0
    outer loop
      vertex 14.75 23.6000004 5.04999971
      vertex 14.75 19.8999996 5.04999971
      vertex 14.75 19.8999996 6.8499999
    endloop
  endfacet
  facet normal 0.0 -1.0 0.0
    outer loop
      vertex 15.25 -23.6000004 5.04999971
      vertex 15.25 -23.6000004 1.5
      vertex 16.25 -23.6000004 1.5
    endloop
  endfacet
  facet normal 0.0 -1.0 0.0
    outer loop
      vertex 14.75 -23.6000004 6.8499999
      vertex 14.75 -23.6000004 5.04999971
      vertex 15.25 -23.6000004 7.3499999
    endloop
  endfacet
  facet normal 0.0 -1.0 0.0
    outer loop
      vertex 14.75 -23.6000004 5.04999971
      vertex 15.25 -23.6000004 5.04999971
      vertex 15.25 -23.6000004 7.3499999
    endloop
  endfacet
  facet normal 0.0 -1.0 0.0
    outer loop
      vertex 15.25 -23.6000004 7.3499999
      vertex 15.25 -23.6000004 5.04999971
      vertex 16.25 -23.6000004 7.3499999
    endloop
  endfacet
  facet normal 0.0 -1.0 0.0
    outer loop
      vertex 15.25 -23.6000004 5.04999971
      vertex 16.25 -23.6000004 1.5
      vertex 16.25 -23.6000004 7.3499999
    endloop
  endfacet
  facet normal 1.0 0.0 0.0
    outer loop
      vertex 16.25 -23.6000004 1.5
      vertex 16.25 -25.75 1.5
      vertex 16.25 -25.75 1.0
    endloop
  endfacet
  facet normal 1.0 0.0 0.0
    outer loop
      vertex 16.25 -25.75 1.0
      vertex 16.25 25.75 1.0
      vertex 16.25 23.6000004 1.5
    endloop
  endfacet
  facet normal 1.0 0.0 -0.0
    outer loop
      vertex 16.25 25.75 1.0
      vertex 16.25 25.75 1.5
      vertex 16.25 23.6000004 1.5
    endloop
  endfacet
  facet normal 1.0 0.0 -0.0
    outer loop
      vertex 16.25 -19.8999996 1.5
      vertex 16.25 -19.8999996 7.3499999
      vertex 16.25 -23.6000004 7.3499999
    endloop
  endfacet
  facet normal 1.0 0.0 0.0
    outer loop
      vertex 16.25 -23.6000004 7.3499999
      vertex 16.25 -23.6000004 1.5
      vertex 16.25 -19.8999996 1.5
    endloop
  endfacet
  facet normal 1.0 -0.0 0.0
    outer loop
      vertex 16.25 -23.6000004 1.5
      vertex 16.25 -25.75 1.0
      vertex 16.25 -19.8999996 1.5
    endloop
  endfacet
  facet normal 1.0 -0.0 0.0
    outer loop
      vertex 16.25 -19.8999996 1.5
      vertex 16.25 -25.75 1.0
      vertex 16.25 19.8999996 1.5
    endloop
  endfacet
  facet normal 1.0 0.0 0.0
    outer loop
      vertex 16.25 -25.75 1.0
      vertex 16.25 23.6000004 1.5
      vertex 16.25 19.8999996 1.5
    endloop
  endfacet
  facet normal 1.0 0.0 0.0
    outer loop
      vertex 16.25 19.8999996 1.5
      vertex 16.25 23.6000004 1.5
      vertex 16.25 19.8999996 7.3499999
    endloop
  endfacet
  facet normal 1.0 0.0 -0.0
    outer loop
      vertex 16.25 23.6000004 1.5
      vertex 16.25 23.6000004 7.3499999
      vertex 16.25 19.8999996 7.3499999
    endloop
  endfacet
  facet normal 1.0 -0.0 0.0
    outer loop
      vertex -14.75 -23.6000004 6.8499999
      vertex -14.75 -23.6000004 5.04999971
      vertex -14.75 -19.8999996 6.8499999
    endloop
  endfacet
  facet normal 1.0 0.0 0.0
    outer loop
      vertex -14.75 -23.6000004 5.04999971
      vertex -14.75 -19.8999996 5.04999971
      vertex -14.75 -19.8999996 6.8499999
    endloop
  endfacet
  facet normal 0.0 -1.0 0.0
    outer loop
      vertex -14.75 -23.6000004 6.8499999
      vertex -15.25 -23.6000004 7.3499999
      vertex -16.25 -23.6000004 7.3499999
    endloop
  endfacet
  facet normal 0.0 -1.0 0.0
    outer loop
      vertex -14.75 -23.6000004 5.04999971
      vertex -14.75 -23.6000004 6.8499999
      vertex -15.25 -23.6000004 5.04999971
    endloop
  endfacet
  facet normal -0.0 -1.0 0.0
    outer loop
      vertex -14.75 -23.6000004 6.8499999
      vertex -16.25 -23.6000004 7.3499999
      vertex -15.25 -23.6000004 5.04999971
    endloop
  endfacet
  facet normal -0.0 -1.0 -0.0
    outer loop
      vertex -15.25 -23.6000004 5.04999971
      vertex -16.25 -23.6000004 7.3499999
      vertex -15.25 -23.6000004 1.5
    endloop
  endfacet
  facet normal 0.0 -1.0 0.0
    outer loop
      vertex -16.25 -23.6000004 7.3499999
      vertex -16.25 -23.6000004 1.5
      vertex -15.25 -23.6000004 1.5
    endloop
  endfacet
  facet normal -0.7071067811865475 0.0 0.7071067811865475
    outer loop
      vertex 14.75 -23.6000004 6.8499999
      vertex 15.25 -23.6000004 7.3499999
      vertex 14.75 -19.8999996 6.8499999
    endloop
  endfacet
  facet normal -0.7071067811865475 0.0 0.7071067811865475
    outer loop
      vertex 15.25 -23.6000004 7.3499999
      vertex 15.25 -19.8999996 7.3499999
      vertex 14.75 -19.8999996 6.8499999
    endloop
  endfacet
  facet normal 0.0 1.0 0.0
    outer loop
      vertex -15.25 -19.8999996 5.04999971
      vertex -15.25 -19.8999996 1.5
      vertex -16.25 -19.8999996 1.5
    endloop
  endfacet
  facet normal 0.0 1.0 0.0
    outer loop
      vertex -14.75 -19.8999996 6.8499999
      vertex -14.75 -19.8999996 5.04999971
      vertex -15.25 -19.8999996 7.3499999
    endloop
  endfacet
  facet normal 0.0 1.0 0.0
    outer loop
      vertex -14.75 -19.8999996 5.04999971
      vertex -15.25 -19.8999996 5.04999971
      vertex -15.25 -19.8999996 7.3499999
    endloop
  endfacet
  facet normal 0.0 1.0 0.0
    outer loop
      vertex -15.25 -19.8999996 7.3499999
      vertex -15.25 -19.8999996 5.04999971
      vertex -16.25 -19.8999996 7.3499999
    endloop
  endfacet
  facet normal 0.0 1.0 0.0
    outer loop
      vertex -15.25 -19.8999996 5.04999971
      vertex -16.25 -19.8999996 1.5
      vertex -16.25 -19.8999996 7.3499999
    endloop
  endfacet
  facet normal -0.7071067811865475 0.0 0.7071067811865475
    outer loop
      vertex 14.75 19.8999996 6.8499999
      vertex 15.25 19.8999996 7.3499999
      vertex 14.75 23.6000004 6.8499999
    endloop
  endfacet
  facet normal -0.7071067811865475 0.0 0.7071067811865475
    outer loop
      vertex 15.25 19.8999996 7.3499999
      vertex 15.25 23.6000004 7.3499999
      vertex 14.75 23.6000004 6.8499999
    endloop
  endfacet
  facet normal 1.0 0.0 0.0
    outer loop
      vertex -15.25 -23.6000004 1.5
      vertex -15.25 -19.8999996 1.5
      vertex -15.25 -23.6000004 5.04999971
    endloop
  endfacet
  facet normal 1.0 0.0 -0.0
    outer loop
      vertex -15.25 -19.8999996 1.5
      vertex -15.25 -19.8999996 5.04999971
      vertex -15.25 -23.6000004 5.04999971
    endloop
  endfacet
  facet normal 0.0 -1.0 0.0
    outer loop
      vertex -15.25 19.8999996 5.04999971
      vertex -14.75 19.8999996 5.04999971
      vertex -14.75 19.8999996 6.8499999
    endloop
  endfacet
  facet normal 0.0 -1.0 0.0
    outer loop
      vertex -16.25 19.8999996 1.5
      vertex -15.25 19.8999996 1.5
      vertex -16.25 19.8999996 7.3499999
    endloop
  endfacet
  facet normal 0.0 -1.0 0.0
    outer loop
      vertex -15.25 19.8999996 1.5
      vertex -15.25 19.8999996 5.04999971
      vertex -16.25 19.8999996 7.3499999
    endloop
  endfacet
  facet normal 0.0 -1.0 0.0
    outer loop
      vertex -16.25 19.8999996 7.3499999
      vertex -15.25 19.8999996 5.04999971
      vertex -15.25 19.8999996 7.3499999
    endloop
  endfacet
  facet normal 0.0 -1.0 0.0
    outer loop
      vertex -15.25 19.8999996 5.04999971
      vertex -14.75 19.8999996 6.8499999
      vertex -15.25 19.8999996 7.3499999
    endloop
  endfacet
  facet normal 0.0 -1.0 0.0
    outer loop
      vertex 15.25 19.8999996 5.04999971
      vertex 15.25 19.8999996 1.5
      vertex 16.25 19.8999996 1.5
    endloop
  endfacet
  facet normal 0.0 -1.0 0.0
    outer loop
      vertex 14.75 19.8999996 6.8499999
      vertex 14.75 19.8999996 5.04999971
      vertex 15.25 19.8999996 7.3499999
    endloop
  endfacet
  facet normal 0.0 -1.0 0.0
    outer loop
      vertex 14.75 19.8999996 5.04999971
      vertex 15.25 19.8999996 5.04999971
      vertex 15.25 19.8999996 7.3499999
    endloop
  endfacet
  facet normal 0.0 -1.0 0.0
    outer loop
      vertex 15.25 19.8999996 7.3499999
      vertex 15.25 19.8999996 5.04999971
      vertex 16.25 19.8999996 7.3499999
    endloop
  endfacet
  facet normal 0.0 -1.0 0.0
    outer loop
      vertex 15.25 19.8999996 5.04999971
      vertex 16.25 19.8999996 1.5
      vertex 16.25 19.8999996 7.3499999
    endloop
  endfacet
  facet normal 0.7071067811865475 0.0 0.7071067811865475
    outer loop
      vertex -14.75 23.6000004 6.8499999
      vertex -15.25 23.6000004 7.3499999
      vertex -14.75 19.8999996 6.8499999
    endloop
  endfacet
  facet normal 0.7071067811865475 0.0 0.7071067811865475
    outer loop
      vertex -15.25 23.6000004 7.3499999
      vertex -15.25 19.8999996 7.3499999
      vertex -14.75 19.8999996 6.8499999
    endloop
  endfacet
  facet normal 1.0 0.0 0.0
    outer loop
      vertex -15.25 19.8999996 1.5
      vertex -15.25 23.6000004 1.5
      vertex -15.25 19.8999996 5.04999971
    endloop
  endfacet
  facet normal 1.0 0.0 -0.0
    outer loop
      vertex -15.25 23.6000004 1.5
      vertex -15.25 23.6000004 5.04999971
      vertex -15.25 19.8999996 5.04999971
    endloop
  endfacet
  facet normal 0.7071067811865475 0.0 0.7071067811865475
    outer loop
      vertex -14.75 -19.8999996 6.8499999
      vertex -15.25 -19.8999996 7.3499999
      vertex -14.75 -23.6000004 6.8499999
    endloop
  endfacet
  facet normal 0.7071067811865475 0.0 0.7071067811865475
    outer loop
      vertex -15.25 -19.8999996 7.3499999
      vertex -15.25 -23.6000004 7.3499999
      vertex -14.75 -23.6000004 6.8499999
    endloop
  endfacet
  facet normal 0.0 1.0 0.0
    outer loop
      vertex 14.75 23.6000004 6.8499999
      vertex 15.25 23.6000004 7.3499999
      vertex 16.25 23.6000004 7.3499999
    endloop
  endfacet
  facet normal 0.0 1.0 0.0
    outer loop
      vertex 14.75 23.6000004 5.04999971
      vertex 14.75 23.6000004 6.8499999
      vertex 15.25 23.6000004 5.04999971
    endloop
  endfacet
  facet normal -0.0 1.0 0.0
    outer loop
      vertex 14.75 23.6000004 6.8499999
      vertex 16.25 23.6000004 7.3499999
      vertex 15.25 23.6000004 5.04999971
    endloop
  endfacet
  facet normal -0.0 1.0 0.0
    outer loop
      vertex 15.25 23.6000004 5.04999971
      vertex 16.25 23.6000004 7.3499999
      vertex 15.25 23.6000004 1.5
    endloop
  endfacet
  facet normal 0.0 1.0 0.0
    outer loop
      vertex 16.25 23.6000004 7.3499999
      vertex 16.25 23.6000004 1.5
      vertex 15.25 23.6000004 1.5
    endloop
  endfacet
  facet normal 0.9998289839339742 0.018493320025265596 0.0
    outer loop
      vertex 16.25 25.75 1.5
      vertex 16.25 25.75 1.0
      vertex 16.2473621 25.8926163 1.0
    endloop
  endfacet
  facet normal 0.998748801429659 0.049232674158264426 0.008773564728532284
    outer loop
      vertex 16.25 25.75 1.5
      vertex 16.2473621 25.8926163 1.0
      vertex 16.2323437 26.108181 1.5
    endloop
  endfacet
  facet normal 0.9975818427667856 0.06950156100422615 0.0
    outer loop
      vertex 16.2473621 25.8926163 1.0
      vertex 16.2323437 26.108181 1.0
      vertex 16.2323437 26.108181 1.5
    endloop
  endfacet
  facet normal 0.9930064081425636 0.11806046496522224 -0.0
    outer loop
      vertex 16.2323437 26.108181 1.0
      vertex 16.2218933 26.1960793 1.0
      vertex 16.2323437 26.108181 1.5
    endloop
  endfacet
  facet normal 0.9891249946406712 0.1469865809092012 0.005166237481477796
    outer loop
      vertex 16.2323437 26.108181 1.5
      vertex 16.2218933 26.1960793 1.0
      vertex 16.1956882 26.3548489 1.5
    endloop
  endfacet
  facet normal 0.9866511883093032 0.16284788180335708 0.0
    outer loop
      vertex 16.2218933 26.1960793 1.0
      vertex 16.1956882 26.3548489 1.0
      vertex 16.1956882 26.3548489 1.5
    endloop
  endfacet
  facet normal 0.971287144658154 0.23791024068293107 -0.0
    outer loop
      vertex 16.1956882 26.3548489 1.0
      vertex 16.1453819 26.5602283 1.0
      vertex 16.1956882 26.3548489 1.5
    endloop
  endfacet
  facet normal 0.971287144658154 0.23791024068293107 0.0
    outer loop
      vertex 16.1956882 26.3548489 1.5
      vertex 16.1453819 26.5602283 1.0
      vertex 16.1453819 26.5602283 1.5
    endloop
  endfacet
  facet normal 0.9444471476352713 0.32866333127320435 -0.0
    outer loop
      vertex 16.1453819 26.5602283 1.0
      vertex 16.0845699 26.7349777 1.0
      vertex 16.1453819 26.5602283 1.5
    endloop
  endfacet
  facet normal 0.9444471476352713 0.32866333127320435 0.0
    outer loop
      vertex 16.1453819 26.5602283 1.5
      vertex 16.0845699 26.7349777 1.0
      vertex 16.0845699 26.7349777 1.5
    endloop
  endfacet
  facet normal 0.9188205963215115 0.3946754511942463 -0.0
    outer loop
      vertex 16.0845699 26.7349777 1.0
      vertex 16.0536137 26.807045 1.0
      vertex 16.0845699 26.7349777 1.5
    endloop
  endfacet
  facet normal 0.9083274665392276 0.41824017290097304 0.004046146585642952
    outer loop
      vertex 16.0845699 26.7349777 1.5
      vertex 16.0536137 26.807045 1.0
      vertex 16.0147533 26.8866043 1.5
    endloop
  endfacet
  facet normal 0.8985414252964848 0.4388887182716839 0.0
    outer loop
      vertex 16.0536137 26.807045 1.0
      vertex 16.0147533 26.8866043 1.0
      vertex 16.0147533 26.8866043 1.5
    endloop
  endfacet
  facet normal 0.8627477827203512 0.5056345156445687 -0.0
    outer loop
      vertex 16.0147533 26.8866043 1.0
      vertex 15.9362669 27.0205231 1.0
      vertex 16.0147533 26.8866043 1.5
    endloop
  endfacet
  facet normal 0.8627477827203512 0.5056345156445687 0.0
    outer loop
      vertex 16.0147533 26.8866043 1.5
      vertex 15.9362669 27.0205231 1.0
      vertex 15.9362669 27.0205231 1.5
    endloop
  endfacet
  facet normal 0.8075814087199887 0.5897561091585558 -0.0
    outer loop
      vertex 15.9362669 27.0205231 1.0
      vertex 15.8484955 27.1407127 1.0
      vertex 15.9362669 27.0205231 1.5
    endloop
  endfacet
  facet normal 0.8075814087199887 0.5897561091585558 0.0
    outer loop
      vertex 15.9362669 27.0205231 1.5
      vertex 15.8484955 27.1407127 1.0
      vertex 15.8484955 27.1407127 1.5
    endloop
  endfacet
  facet normal 0.7428311794431477 0.6694787814763828 -0.0
    outer loop
      vertex 15.8484955 27.1407127 1.0
      vertex 15.75 27.25 1.0
      vertex 15.8484955 27.1407127 1.5
    endloop
  endfacet
  facet normal 0.7428311794431477 0.6694787814763828 0.0
    outer loop
      vertex 15.8484955 27.1407127 1.5
      vertex 15.75 27.25 1.0
      vertex 15.75 27.25 1.5
    endloop
  endfacet
  facet normal 0.6726869731852696 0.739927182976028 -0.0
    outer loop
      vertex 15.75 27.25 1.0
      vertex 15.6502609 27.3406754 1.0
      vertex 15.75 27.25 1.5
    endloop
  endfacet
  facet normal 0.6726869731852696 0.739927182976028 0.0
    outer loop
      vertex 15.75 27.25 1.5
      vertex 15.6502609 27.3406754 1.0
      vertex 15.6502609 27.3406754 1.5
    endloop
  endfacet
  facet normal 0.5940120602244382 0.8044561344833653 -0.0
    outer loop
      vertex 15.6502609 27.3406754 1.0
      vertex 15.5230703 27.4345932 1.0
      vertex 15.6502609 27.3406754 1.5
    endloop
  endfacet
  facet normal 0.5940120602244382 0.8044561344833653 0.0
    outer loop
      vertex 15.6502609 27.3406754 1.5
      vertex 15.5230703 27.4345932 1.0
      vertex 15.5230703 27.4345932 1.5
    endloop
  endfacet
  facet normal 0.5080367354667555 0.8613354023934474 -0.0
    outer loop
      vertex 15.5230703 27.4345932 1.0
      vertex 15.3916407 27.5121136 1.0
      vertex 15.5230703 27.4345932 1.5
    endloop
  endfacet
  facet normal 0.5080367354667555 0.8613354023934474 0.0
    outer loop
      vertex 15.5230703 27.4345932 1.5
      vertex 15.3916407 27.5121136 1.0
      vertex 15.3916407 27.5121136 1.5
    endloop
  endfacet
  facet normal 0.43949363960399007 0.8982457017696428 -0.0
    outer loop
      vertex 15.3916407 27.5121136 1.0
      vertex 15.303875 27.5550556 1.0
      vertex 15.3916407 27.5121136 1.5
    endloop
  endfacet
  facet normal 0.4212758773108289 0.9069239698289963 0.0039431136941953165
    outer loop
      vertex 15.3916407 27.5121136 1.5
      vertex 15.303875 27.5550556 1.0
      vertex 15.2403374 27.5823956 1.5
    endloop
  endfacet
  facet normal 0.3952575099129509 0.9185703570535103 0.0
    outer loop
      vertex 15.303875 27.5550556 1.0
      vertex 15.2403374 27.5823956 1.0
      vertex 15.2403374 27.5823956 1.5
    endloop
  endfacet
  facet normal 0.3510140436932348 0.9363701944904715 -0.0
    outer loop
      vertex 15.2403374 27.5823956 1.0
      vertex 15.1424074 27.6191063 1.0
      vertex 15.2403374 27.5823956 1.5
    endloop
  endfacet
  facet normal 0.3307251812480949 0.9437163165185372 0.004513139162376464
    outer loop
      vertex 15.2403374 27.5823956 1.5
      vertex 15.1424074 27.6191063 1.0
      vertex 15.0626974 27.6446495 1.5
    endloop
  endfacet
  facet normal 0.3051658446207406 0.9522992215038873 0.0
    outer loop
      vertex 15.1424074 27.6191063 1.0
      vertex 15.0626974 27.6446495 1.0
      vertex 15.0626974 27.6446495 1.5
    endloop
  endfacet
  facet normal 0.23731006962620987 0.9714339559918643 -0.0
    outer loop
      vertex 15.0626974 27.6446495 1.0
      vertex 14.84935 27.6967678 1.0
      vertex 15.0626974 27.6446495 1.5
    endloop
  endfacet
  facet normal 0.23731006962620987 0.9714339559918643 0.0
    outer loop
      vertex 15.0626974 27.6446495 1.5
      vertex 14.84935 27.6967678 1.0
      vertex 14.84935 27.6967678 1.5
    endloop
  endfacet
  facet normal 0.16175961588871715 0.9868301914045469 -0.0
    outer loop
      vertex 14.84935 27.6967678 1.0
      vertex 14.6960115 27.7219028 1.0
      vertex 14.84935 27.6967678 1.5
    endloop
  endfacet
  facet normal 0.14211974082535908 0.9898302188310633 0.006173909343536446
    outer loop
      vertex 14.84935 27.6967678 1.5
      vertex 14.6960115 27.7219028 1.0
      vertex 14.5863752 27.7345257 1.5
    endloop
  endfacet
  facet normal 0.01845232933214605 0.9998297412770928 -0.0
    outer loop
      vertex 14.25 27.75 1.0
      vertex 14.25 27.75 1.5
      vertex 14.3923101 27.7473736 1.0
    endloop
  endfacet
  facet normal 0.045953083986317415 0.9989128953499227 0.0078320862981074
    outer loop
      vertex 14.25 27.75 1.5
      vertex 14.5863752 27.7345257 1.5
      vertex 14.3923101 27.7473736 1.0
    endloop
  endfacet
  facet normal 0.06605946241331774 0.9978156881036013 0.0
    outer loop
      vertex 14.3923101 27.7473736 1.0
      vertex 14.5863752 27.7345257 1.5
      vertex 14.5863752 27.7345257 1.0
    endloop
  endfacet
  facet normal 0.11437871112600874 0.9934372201811009 0.0
    outer loop
      vertex 14.5863752 27.7345257 1.5
      vertex 14.6960115 27.7219028 1.0
      vertex 14.5863752 27.7345257 1.0
    endloop
  endfacet
  facet normal -0.0 -0.0 -1.0
    outer loop
      vertex -14.75 23.6000004 5.04999971
      vertex -14.75 19.8999996 5.04999971
      vertex -15.25 23.6000004 5.04999971
    endloop
  endfacet
  facet normal 0.0 0.0 -1.0
    outer loop
      vertex -14.75 19.8999996 5.04999971
      vertex -15.25 19.8999996 5.04999971
      vertex -15.25 23.6000004 5.04999971
    endloop
  endfacet
  facet normal -0.0 -0.0 -1.0
    outer loop
      vertex -14.75 -19.8999996 5.04999971
      vertex -14.75 -23.6000004 5.04999971
      vertex -15.25 -19.8999996 5.04999971
    endloop
  endfacet
  facet normal 0.0 0.0 -1.0
    outer loop
      vertex -14.75 -23.6000004 5.04999971
      vertex -15.25 -23.6000004 5.04999971
      vertex -15.25 -19.8999996 5.04999971
    endloop
  endfacet
  facet normal 0.0 0.0 -1.0
    outer loop
      vertex 14.75 -23.6000004 5.04999971
      vertex 14.75 -19.8999996 5.04999971
      vertex 15.25 -23.6000004 5.04999971
    endloop
  endfacet
  facet normal 0.0 0.0 -1.0
    outer loop
      vertex 14.75 -19.8999996 5.04999971
      vertex 15.25 -19.8999996 5.04999971
      vertex 15.25 -23.6000004 5.04999971
    endloop
  endfacet
  facet normal -1.0 0.0 0.0
    outer loop
      vertex 15.25 -19.8999996 1.5
      vertex 15.25 -23.6000004 1.5
      vertex 15.25 -19.8999996 5.04999971
    endloop
  endfacet
  facet normal -1.0 0.0 0.0
    outer loop
      vertex 15.25 -23.6000004 1.5
      vertex 15.25 -23.6000004 5.04999971
      vertex 15.25 -19.8999996 5.04999971
    endloop
  endfacet
  facet normal -1.0 -0.0 -0.0
    outer loop
      vertex 14.75 -19.8999996 6.8499999
      vertex 14.75 -19.8999996 5.04999971
      vertex 14.75 -23.6000004 6.8499999
    endloop
  endfacet
  facet normal -1.0 0.0 0.0
    outer loop
      vertex 14.75 -19.8999996 5.04999971
      vertex 14.75 -23.6000004 5.04999971
      vertex 14.75 -23.6000004 6.8499999
    endloop
  endfacet
  facet normal 0.0 0.0 -1.0
    outer loop
      vertex 14.75 19.8999996 5.04999971
      vertex 14.75 23.6000004 5.04999971
      vertex 15.25 19.8999996 5.04999971
    endloop
  endfacet
  facet normal 0.0 0.0 -1.0
    outer loop
      vertex 14.75 23.6000004 5.04999971
      vertex 15.25 23.6000004 5.04999971
      vertex 15.25 19.8999996 5.04999971
    endloop
  endfacet
  facet normal 0.0 1.0 0.0
    outer loop
      vertex -14.25 27.75 1.0
      vertex -14.25 27.75 1.5
      vertex 14.25 27.75 1.0
    endloop
  endfacet
  facet normal -0.0 1.0 0.0
    outer loop
      vertex -14.25 27.75 1.5
      vertex 14.25 27.75 1.5
      vertex 14.25 27.75 1.0
    endloop
  endfacet
  facet normal -0.0 0.0 1.0
    outer loop
      vertex 15.25 -19.8999996 7.3499999
      vertex 15.25 -23.6000004 7.3499999
      vertex 16.25 -19.8999996 7.3499999
    endloop
  endfacet
  facet normal 0.0 0.0 1.0
    outer loop
      vertex 15.25 -23.6000004 7.3499999
      vertex 16.25 -23.6000004 7.3499999
      vertex 16.25 -19.8999996 7.3499999
    endloop
  endfacet
  facet normal -1.0 0.0 0.0
    outer loop
      vertex -16.25 23.6000004 1.5
      vertex -16.25 25.75 1.5
      vertex -16.25 25.75 1.0
    endloop
  endfacet
  facet normal -1.0 0.0 0.0
    outer loop
      vertex -16.25 25.75 1.0
      vertex -16.25 -25.75 1.0
      vertex -16.25 -23.6000004 1.5
    endloop
  endfacet
  facet normal -1.0 0.0 0.0
    outer loop
      vertex -16.25 -25.75 1.0
      vertex -16.25 -25.75 1.5
      vertex -16.25 -23.6000004 1.5
    endloop
  endfacet
  facet normal -1.0 0.0 0.0
    outer loop
      vertex -16.25 19.8999996 1.5
      vertex -16.25 19.8999996 7.3499999
      vertex -16.25 23.6000004 7.3499999
    endloop
  endfacet
  facet normal -1.0 0.0 -0.0
    outer loop
      vertex -16.25 23.6000004 7.3499999
      vertex -16.25 23.6000004 1.5
      vertex -16.25 19.8999996 1.5
    endloop
  endfacet
  facet normal -1.0 -0.0 -0.0
    outer loop
      vertex -16.25 23.6000004 1.5
      vertex -16.25 25.75 1.0
      vertex -16.25 19.8999996 1.5
    endloop
  endfacet
  facet normal -1.0 -0.0 -0.0
    outer loop
      vertex -16.25 19.8999996 1.5
      vertex -16.25 25.75 1.0
      vertex -16.25 -19.8999996 1.5
    endloop
  endfacet
  facet normal -1.0 0.0 0.0
    outer loop
      vertex -16.25 25.75 1.0
      vertex -16.25 -23.6000004 1.5
      vertex -16.25 -19.8999996 1.5
    endloop
  endfacet
  facet normal -1.0 0.0 0.0
    outer loop
      vertex -16.25 -19.8999996 1.5
      vertex -16.25 -23.6000004 1.5
      vertex -16.25 -19.8999996 7.3499999
    endloop
  endfacet
  facet normal -1.0 0.0 0.0
    outer loop
      vertex -16.25 -23.6000004 1.5
      vertex -16.25 -23.6000004 7.3499999
      vertex -16.25 -19.8999996 7.3499999
    endloop
  endfacet
  facet normal -0.0 0.0 1.0
    outer loop
      vertex 15.25 23.6000004 7.3499999
      vertex 15.25 19.8999996 7.3499999
      vertex 16.25 23.6000004 7.3499999
    endloop
  endfacet
  facet normal 0.0 0.0 1.0
    outer loop
      vertex 15.25 19.8999996 7.3499999
      vertex 16.25 19.8999996 7.3499999
      vertex 16.25 23.6000004 7.3499999
    endloop
  endfacet
  facet normal 0.0 -1.0 0.0
    outer loop
      vertex 14.25 -27.75 1.0
      vertex 14.25 -27.75 1.5
      vertex -14.25 -27.75 1.0
    endloop
  endfacet
  facet normal -0.0 -1.0 0.0
    outer loop
      vertex 14.25 -27.75 1.5
      vertex -14.25 -27.75 1.5
      vertex -14.25 -27.75 1.0
    endloop
  endfacet
  facet normal 0.0 -0.0 1.0
    outer loop
      vertex -15.25 19.8999996 7.3499999
      vertex -15.25 23.6000004 7.3499999
      vertex -16.25 19.8999996 7.3499999
    endloop
  endfacet
  facet normal 0.0 0.0 1.0
    outer loop
      vertex -15.25 23.6000004 7.3499999
      vertex -16.25 23.6000004 7.3499999
      vertex -16.25 19.8999996 7.3499999
    endloop
  endfacet
  facet normal 0.0 0.0 -1.0
    outer loop
      vertex -14.25 -26.75 0.0
      vertex -14.25 26.75 0.0
      vertex 14.25 -26.75 0.0
    endloop
  endfacet
  facet normal 0.0 0.0 -1.0
    outer loop
      vertex -14.25 26.75 0.0
      vertex 14.25 26.75 0.0
      vertex 14.25 -26.75 0.0
    endloop
  endfacet
  facet normal 0.0 0.0 -1.0
    outer loop
      vertex -14.6301422 -26.7204304 0.0
      vertex -14.7493105 -26.6942501 0.0
      vertex -15.2451124 -25.9177532 0.0
    endloop
  endfacet
  facet normal 0.0 0.0 -1.0
    outer loop
      vertex -14.7493105 -26.6942501 0.0
      vertex -14.8365507 -26.6665993 0.0
      vertex -15.2451124 -25.9177532 0.0
    endloop
  endfacet
  facet normal 0.0 -0.0 -1.0
    outer loop
      vertex -15.2413082 25.9688206 0.0
      vertex -14.4177523 26.7451134 0.0
      vertex -15.25 25.75 0.0
    endloop
  endfacet
  facet normal 0.0 -0.0 -1.0
    outer loop
      vertex -14.4177523 26.7451134 0.0
      vertex -14.25 26.75 0.0
      vertex -15.25 25.75 0.0
    endloop
  endfacet
  facet normal 0.0 0.0 -1.0
    outer loop
      vertex -15.25 25.75 0.0
      vertex -14.25 26.75 0.0
      vertex -15.25 -25.75 0.0
    endloop
  endfacet
  facet normal 0.0 -0.0 -1.0
    outer loop
      vertex -14.25 26.75 0.0
      vertex -14.25 -26.75 0.0
      vertex -15.25 -25.75 0.0
    endloop
  endfacet
  facet normal 0.0 0.0 -1.0
    outer loop
      vertex -15.25 -25.75 0.0
      vertex -14.25 -26.75 0.0
      vertex -15.2451124 -25.9177532 0.0
    endloop
  endfacet
  facet normal 0.0 0.0 -1.0
    outer loop
      vertex -14.25 -26.75 0.0
      vertex -14.4688196 -26.7413082 0.0
      vertex -15.2451124 -25.9177532 0.0
    endloop
  endfacet
  facet normal 0.0 0.0 -1.0
    outer loop
      vertex -15.2451124 -25.9177532 0.0
      vertex -14.4688196 -26.7413082 0.0
      vertex -14.6301422 -26.7204304 0.0
    endloop
  endfacet
  facet normal 0.0 0.0 -1.0
    outer loop
      vertex -15.2413082 25.9688206 0.0
      vertex -15.2204294 26.1301422 0.0
      vertex -14.4177523 26.7451134 0.0
    endloop
  endfacet
  facet normal 0.0 0.0 -1.0
    outer loop
      vertex -15.2204294 26.1301422 0.0
      vertex -15.1942501 26.2493095 0.0
      vertex -14.4177523 26.7451134 0.0
    endloop
  endfacet
  facet normal 0.0 0.0 -1.0
    outer loop
      vertex -14.4177523 26.7451134 0.0
      vertex -15.1942501 26.2493095 0.0
      vertex -15.1665983 26.3365517 0.0
    endloop
  endfacet
  facet normal 0.0 0.0 -1.0
    outer loop
      vertex 14.6301422 26.7204304 0.0
      vertex 14.7493105 26.6942501 0.0
      vertex 15.2451124 25.9177532 0.0
    endloop
  endfacet
  facet normal 0.0 0.0 -1.0
    outer loop
      vertex 14.7493105 26.6942501 0.0
      vertex 14.8365507 26.6665993 0.0
      vertex 15.2451124 25.9177532 0.0
    endloop
  endfacet
  facet normal -0.0 0.0 -1.0
    outer loop
      vertex 15.2413082 -25.9688206 0.0
      vertex 14.4177523 -26.7451134 0.0
      vertex 15.25 -25.75 0.0
    endloop
  endfacet
  facet normal -0.0 0.0 -1.0
    outer loop
      vertex 14.4177523 -26.7451134 0.0
      vertex 14.25 -26.75 0.0
      vertex 15.25 -25.75 0.0
    endloop
  endfacet
  facet normal -0.0 0.0 -1.0
    outer loop
      vertex 15.25 -25.75 0.0
      vertex 14.25 -26.75 0.0
      vertex 15.25 25.75 0.0
    endloop
  endfacet
  facet normal 0.0 0.0 -1.0
    outer loop
      vertex 14.25 -26.75 0.0
      vertex 14.25 26.75 0.0
      vertex 15.25 25.75 0.0
    endloop
  endfacet
  facet normal 0.0 0.0 -1.0
    outer loop
      vertex 15.25 25.75 0.0
      vertex 14.25 26.75 0.0
      vertex 15.2451124 25.9177532 0.0
    endloop
  endfacet
  facet normal 0.0 0.0 -1.0
    outer loop
      vertex 14.25 26.75 0.0
      vertex 14.4688196 26.7413082 0.0
      vertex 15.2451124 25.9177532 0.0
    endloop
  endfacet
  facet normal 0.0 0.0 -1.0
    outer loop
      vertex 15.2451124 25.9177532 0.0
      vertex 14.4688196 26.7413082 0.0
      vertex 14.6301422 26.7204304 0.0
    endloop
  endfacet
  facet normal 0.0 0.0 -1.0
    outer loop
      vertex -14.9940882 -26.584734 0.0
      vertex -15.0565386 -26.5285625 0.0
      vertex -15.1087618 -26.4583359 0.0
    endloop
  endfacet
  facet normal 0.0 0.0 -1.0
    outer loop
      vertex 15.2413082 -25.9688206 0.0
      vertex 15.2204294 -26.1301422 0.0
      vertex 14.4177523 -26.7451134 0.0
    endloop
  endfacet
  facet normal 0.0 0.0 -1.0
    outer loop
      vertex 15.2204294 -26.1301422 0.0
      vertex 15.1942501 -26.2493095 0.0
      vertex 14.4177523 -26.7451134 0.0
    endloop
  endfacet
  facet normal 0.0 0.0 -1.0
    outer loop
      vertex 14.4177523 -26.7451134 0.0
      vertex 15.1942501 -26.2493095 0.0
      vertex 15.1665983 -26.3365517 0.0
    endloop
  endfacet
  facet normal 0.0 0.0 -1.0
    outer loop
      vertex -14.8365507 -26.6665993 0.0
      vertex -15.1338015 -26.4130039 0.0
      vertex -15.1643057 -26.3426743 0.0
    endloop
  endfacet
  facet normal 0.0 0.0 -1.0
    outer loop
      vertex -15.084733 26.4940891 0.0
      vertex -15.0285635 26.5565376 0.0
      vertex -14.9583359 26.6087608 0.0
    endloop
  endfacet
  facet normal 0.0 0.0 -1.0
    outer loop
      vertex 14.9940882 26.584734 0.0
      vertex 15.0565386 26.5285625 0.0
      vertex 15.1087618 26.4583359 0.0
    endloop
  endfacet
  facet normal 0.0 0.0 -1.0
    outer loop
      vertex -15.1338015 -26.4130039 0.0
      vertex -14.8365507 -26.6665993 0.0
      vertex -15.1087618 -26.4583359 0.0
    endloop
  endfacet
  facet normal 0.0 0.0 -1.0
    outer loop
      vertex -14.8365507 -26.6665993 0.0
      vertex -14.9033966 -26.6384926 0.0
      vertex -15.1087618 -26.4583359 0.0
    endloop
  endfacet
  facet normal 0.0 0.0 -1.0
    outer loop
      vertex -15.1087618 -26.4583359 0.0
      vertex -14.9033966 -26.6384926 0.0
      vertex -14.9940882 -26.584734 0.0
    endloop
  endfacet
  facet normal 0.0 0.0 -1.0
    outer loop
      vertex -15.1643057 -26.3426743 0.0
      vertex -15.1948671 -26.2469749 0.0
      vertex -14.8365507 -26.6665993 0.0
    endloop
  endfacet
  facet normal 0.0 0.0 -1.0
    outer loop
      vertex -15.1948671 -26.2469749 0.0
      vertex -15.2240715 -26.1087856 0.0
      vertex -14.8365507 -26.6665993 0.0
    endloop
  endfacet
  facet normal 0.0 0.0 -1.0
    outer loop
      vertex -14.8365507 -26.6665993 0.0
      vertex -15.2240715 -26.1087856 0.0
      vertex -15.2451124 -25.9177532 0.0
    endloop
  endfacet
  facet normal 0.0 0.0 -1.0
    outer loop
      vertex -15.1665983 26.3365517 0.0
      vertex -14.913003 26.6338005 0.0
      vertex -14.8426752 26.6643047 0.0
    endloop
  endfacet
  facet normal 0.0 0.0 -1.0
    outer loop
      vertex 14.8365507 26.6665993 0.0
      vertex 15.1338015 26.4130039 0.0
      vertex 15.1643057 26.3426743 0.0
    endloop
  endfacet
  facet normal 0.0 0.0 -1.0
    outer loop
      vertex 15.084733 -26.4940891 0.0
      vertex 15.0285635 -26.5565376 0.0
      vertex 14.9583359 -26.6087608 0.0
    endloop
  endfacet
  facet normal 0.0 0.0 -1.0
    outer loop
      vertex -14.913003 26.6338005 0.0
      vertex -15.1665983 26.3365517 0.0
      vertex -14.9583359 26.6087608 0.0
    endloop
  endfacet
  facet normal 0.0 0.0 -1.0
    outer loop
      vertex -15.1665983 26.3365517 0.0
      vertex -15.1384935 26.4033966 0.0
      vertex -14.9583359 26.6087608 0.0
    endloop
  endfacet
  facet normal 0.0 0.0 -1.0
    outer loop
      vertex -14.9583359 26.6087608 0.0
      vertex -15.1384935 26.4033966 0.0
      vertex -15.084733 26.4940891 0.0
    endloop
  endfacet
  facet normal 0.0 -0.0 -1.0
    outer loop
      vertex -14.8426752 26.6643047 0.0
      vertex -14.746973 26.6948662 0.0
      vertex -15.1665983 26.3365517 0.0
    endloop
  endfacet
  facet normal 0.0 -0.0 -1.0
    outer loop
      vertex -14.746973 26.6948662 0.0
      vertex -14.6087866 26.7240696 0.0
      vertex -15.1665983 26.3365517 0.0
    endloop
  endfacet
  facet normal 0.0 0.0 -1.0
    outer loop
      vertex -15.1665983 26.3365517 0.0
      vertex -14.6087866 26.7240696 0.0
      vertex -14.4177523 26.7451134 0.0
    endloop
  endfacet
  facet normal 0.0 0.0 -1.0
    outer loop
      vertex 15.1338015 26.4130039 0.0
      vertex 14.8365507 26.6665993 0.0
      vertex 15.1087618 26.4583359 0.0
    endloop
  endfacet
  facet normal 0.0 0.0 -1.0
    outer loop
      vertex 14.8365507 26.6665993 0.0
      vertex 14.9033966 26.6384926 0.0
      vertex 15.1087618 26.4583359 0.0
    endloop
  endfacet
  facet normal 0.0 0.0 -1.0
    outer loop
      vertex 15.1087618 26.4583359 0.0
      vertex 14.9033966 26.6384926 0.0
      vertex 14.9940882 26.584734 0.0
    endloop
  endfacet
  facet normal -0.0 -0.0 -1.0
    outer loop
      vertex 15.1643057 26.3426743 0.0
      vertex 15.1948671 26.2469749 0.0
      vertex 14.8365507 26.6665993 0.0
    endloop
  endfacet
  facet normal -0.0 -0.0 -1.0
    outer loop
      vertex 15.1948671 26.2469749 0.0
      vertex 15.2240715 26.1087856 0.0
      vertex 14.8365507 26.6665993 0.0
    endloop
  endfacet
  facet normal 0.0 0.0 -1.0
    outer loop
      vertex 14.8365507 26.6665993 0.0
      vertex 15.2240715 26.1087856 0.0
      vertex 15.2451124 25.9177532 0.0
    endloop
  endfacet
  facet normal 0.0 0.0 -1.0
    outer loop
      vertex 15.1665983 -26.3365517 0.0
      vertex 14.913003 -26.6338005 0.0
      vertex 14.8426752 -26.6643047 0.0
    endloop
  endfacet
  facet normal 0.0 0.0 -1.0
    outer loop
      vertex 14.913003 -26.6338005 0.0
      vertex 15.1665983 -26.3365517 0.0
      vertex 14.9583359 -26.6087608 0.0
    endloop
  endfacet
  facet normal 0.0 0.0 -1.0
    outer loop
      vertex 15.1665983 -26.3365517 0.0
      vertex 15.1384935 -26.4033966 0.0
      vertex 14.9583359 -26.6087608 0.0
    endloop
  endfacet
  facet normal 0.0 0.0 -1.0
    outer loop
      vertex 14.9583359 -26.6087608 0.0
      vertex 15.1384935 -26.4033966 0.0
      vertex 15.084733 -26.4940891 0.0
    endloop
  endfacet
  facet normal -0.0 0.0 -1.0
    outer loop
      vertex 14.8426752 -26.6643047 0.0
      vertex 14.746973 -26.6948662 0.0
      vertex 15.1665983 -26.3365517 0.0
    endloop
  endfacet
  facet normal -0.0 0.0 -1.0
    outer loop
      vertex 14.746973 -26.6948662 0.0
      vertex 14.6087866 -26.7240696 0.0
      vertex 15.1665983 -26.3365517 0.0
    endloop
  endfacet
  facet normal 0.0 0.0 -1.0
    outer loop
      vertex 15.1665983 -26.3365517 0.0
      vertex 14.6087866 -26.7240696 0.0
      vertex 14.4177523 -26.7451134 0.0
    endloop
  endfacet
  facet normal -0.0 0.0 1.0
    outer loop
      vertex -16.1453819 26.5602283 1.5
      vertex -16.1956882 26.3548489 1.5
      vertex -14.25 27.75 1.5
    endloop
  endfacet
  facet normal 0.0 0.0 1.0
    outer loop
      vertex -16.1453819 26.5602283 1.5
      vertex -14.25 27.75 1.5
      vertex -16.0845699 26.7349777 1.5
    endloop
  endfacet
  facet normal 0.0 0.0 1.0
    outer loop
      vertex -16.25 23.6000004 1.5
      vertex -15.25 23.6000004 1.5
      vertex -16.25 25.75 1.5
    endloop
  endfacet
  facet normal 0.0 -0.0 1.0
    outer loop
      vertex -15.25 23.6000004 1.5
      vertex -14.25 27.75 1.5
      vertex -16.25 25.75 1.5
    endloop
  endfacet
  facet normal 0.0 0.0 1.0
    outer loop
      vertex -16.25 25.75 1.5
      vertex -14.25 27.75 1.5
      vertex -16.2323437 26.108181 1.5
    endloop
  endfacet
  facet normal 0.0 0.0 1.0
    outer loop
      vertex -14.25 27.75 1.5
      vertex -16.1956882 26.3548489 1.5
      vertex -16.2323437 26.108181 1.5
    endloop
  endfacet
  facet normal 0.0 -0.0 1.0
    outer loop
      vertex 16.25 -19.8999996 1.5
      vertex 16.25 19.8999996 1.5
      vertex 15.25 19.8999996 1.5
    endloop
  endfacet
  facet normal 0.0 -0.0 1.0
    outer loop
      vertex 15.25 -19.8999996 1.5
      vertex 16.25 -19.8999996 1.5
      vertex -15.25 19.8999996 1.5
    endloop
  endfacet
  facet normal 0.0 0.0 1.0
    outer loop
      vertex 14.25 27.75 1.5
      vertex 15.25 23.6000004 1.5
      vertex 16.25 23.6000004 1.5
    endloop
  endfacet
  facet normal 0.0 0.0 1.0
    outer loop
      vertex -14.25 -27.75 1.5
      vertex -15.25 -23.6000004 1.5
      vertex -16.25 -23.6000004 1.5
    endloop
  endfacet
  facet normal 0.0 0.0 1.0
    outer loop
      vertex 16.25 -19.8999996 1.5
      vertex 15.25 19.8999996 1.5
      vertex -15.25 19.8999996 1.5
    endloop
  endfacet
  facet normal 0.0 -0.0 1.0
    outer loop
      vertex 15.25 19.8999996 1.5
      vertex 15.25 23.6000004 1.5
      vertex -15.25 19.8999996 1.5
    endloop
  endfacet
  facet normal 0.0 0.0 1.0
    outer loop
      vertex -15.25 19.8999996 1.5
      vertex 15.25 23.6000004 1.5
      vertex -15.25 23.6000004 1.5
    endloop
  endfacet
  facet normal 0.0 0.0 1.0
    outer loop
      vertex 15.25 23.6000004 1.5
      vertex 14.25 27.75 1.5
      vertex -15.25 23.6000004 1.5
    endloop
  endfacet
  facet normal 0.0 0.0 1.0
    outer loop
      vertex -15.25 23.6000004 1.5
      vertex 14.25 27.75 1.5
      vertex -14.25 27.75 1.5
    endloop
  endfacet
  facet normal 0.0 -0.0 1.0
    outer loop
      vertex 16.25 23.6000004 1.5
      vertex 16.25 25.75 1.5
      vertex 14.25 27.75 1.5
    endloop
  endfacet
  facet normal 0.0 0.0 1.0
    outer loop
      vertex 16.25 25.75 1.5
      vertex 16.2323437 26.108181 1.5
      vertex 14.25 27.75 1.5
    endloop
  endfacet
  facet normal 0.0 0.0 1.0
    outer loop
      vertex 14.25 27.75 1.5
      vertex 16.2323437 26.108181 1.5
      vertex 16.1956882 26.3548489 1.5
    endloop
  endfacet
  facet normal 0.0 -0.0 1.0
    outer loop
      vertex 16.1453819 -26.5602283 1.5
      vertex 16.1956882 -26.3548489 1.5
      vertex 14.25 -27.75 1.5
    endloop
  endfacet
  facet normal 0.0 0.0 1.0
    outer loop
      vertex -16.25 -23.6000004 1.5
      vertex -16.25 -25.75 1.5
      vertex -14.25 -27.75 1.5
    endloop
  endfacet
  facet normal 0.0 0.0 1.0
    outer loop
      vertex -16.25 -25.75 1.5
      vertex -16.2323437 -26.108181 1.5
      vertex -14.25 -27.75 1.5
    endloop
  endfacet
  facet normal 0.0 0.0 1.0
    outer loop
      vertex -14.25 -27.75 1.5
      vertex -16.2323437 -26.108181 1.5
      vertex -16.1956882 -26.3548489 1.5
    endloop
  endfacet
  facet normal 0.0 0.0 1.0
    outer loop
      vertex -14.25 27.75 1.5
      vertex -14.5863752 27.7345257 1.5
      vertex -16.0845699 26.7349777 1.5
    endloop
  endfacet
  facet normal 0.0 0.0 1.0
    outer loop
      vertex -14.5863752 27.7345257 1.5
      vertex -14.84935 27.6967678 1.5
      vertex -16.0845699 26.7349777 1.5
    endloop
  endfacet
  facet normal 0.0 0.0 1.0
    outer loop
      vertex -16.0845699 26.7349777 1.5
      vertex -14.84935 27.6967678 1.5
      vertex -15.0626974 27.6446495 1.5
    endloop
  endfacet
  facet normal 0.0 0.0 1.0
    outer loop
      vertex 16.1956882 26.3548489 1.5
      vertex 16.1453819 26.5602283 1.5
      vertex 14.25 27.75 1.5
    endloop
  endfacet
  facet normal 0.0 0.0 1.0
    outer loop
      vertex 16.1453819 26.5602283 1.5
      vertex 16.0845699 26.7349777 1.5
      vertex 14.25 27.75 1.5
    endloop
  endfacet
  facet normal 0.0 0.0 1.0
    outer loop
      vertex 14.25 27.75 1.5
      vertex 16.0845699 26.7349777 1.5
      vertex 14.5863752 27.7345257 1.5
    endloop
  endfacet
  facet normal 0.0 0.0 1.0
    outer loop
      vertex 16.1453819 -26.5602283 1.5
      vertex 14.25 -27.75 1.5
      vertex 16.0845699 -26.7349777 1.5
    endloop
  endfacet
  facet normal 0.0 0.0 1.0
    outer loop
      vertex 16.25 -23.6000004 1.5
      vertex 15.25 -23.6000004 1.5
      vertex 16.25 -25.75 1.5
    endloop
  endfacet
  facet normal 0.0 0.0 1.0
    outer loop
      vertex 15.25 -23.6000004 1.5
      vertex 14.25 -27.75 1.5
      vertex 16.25 -25.75 1.5
    endloop
  endfacet
  facet normal 0.0 0.0 1.0
    outer loop
      vertex 16.25 -25.75 1.5
      vertex 14.25 -27.75 1.5
      vertex 16.2323437 -26.108181 1.5
    endloop
  endfacet
  facet normal 0.0 0.0 1.0
    outer loop
      vertex 14.25 -27.75 1.5
      vertex 16.1956882 -26.3548489 1.5
      vertex 16.2323437 -26.108181 1.5
    endloop
  endfacet
  facet normal 0.0 0.0 1.0
    outer loop
      vertex -16.1956882 -26.3548489 1.5
      vertex -16.1453819 -26.5602283 1.5
      vertex -14.25 -27.75 1.5
    endloop
  endfacet
  facet normal 0.0 0.0 1.0
    outer loop
      vertex -16.1453819 -26.5602283 1.5
      vertex -16.0845699 -26.7349777 1.5
      vertex -14.25 -27.75 1.5
    endloop
  endfacet
  facet normal 0.0 0.0 1.0
    outer loop
      vertex -14.25 -27.75 1.5
      vertex -16.0845699 -26.7349777 1.5
      vertex -14.5863752 -27.7345257 1.5
    endloop
  endfacet
  facet normal -0.0 0.0 1.0
    outer loop
      vertex -16.25 19.8999996 1.5
      vertex -16.25 -19.8999996 1.5
      vertex -15.25 19.8999996 1.5
    endloop
  endfacet
  facet normal 0.0 0.0 1.0
    outer loop
      vertex -16.25 -19.8999996 1.5
      vertex -15.25 -19.8999996 1.5
      vertex -15.25 19.8999996 1.5
    endloop
  endfacet
  facet normal 0.0 0.0 1.0
    outer loop
      vertex -15.25 19.8999996 1.5
      vertex -15.25 -19.8999996 1.5
      vertex 15.25 -19.8999996 1.5
    endloop
  endfacet
  facet normal -0.0 0.0 1.0
    outer loop
      vertex -15.25 -19.8999996 1.5
      vertex -15.25 -23.6000004 1.5
      vertex 15.25 -19.8999996 1.5
    endloop
  endfacet
  facet normal 0.0 0.0 1.0
    outer loop
      vertex 15.25 -19.8999996 1.5
      vertex -15.25 -23.6000004 1.5
      vertex 15.25 -23.6000004 1.5
    endloop
  endfacet
  facet normal -0.0 0.0 1.0
    outer loop
      vertex -15.25 -23.6000004 1.5
      vertex -14.25 -27.75 1.5
      vertex 15.25 -23.6000004 1.5
    endloop
  endfacet
  facet normal 0.0 0.0 1.0
    outer loop
      vertex 15.25 -23.6000004 1.5
      vertex -14.25 -27.75 1.5
      vertex 14.25 -27.75 1.5
    endloop
  endfacet
  facet normal 0.0 0.0 1.0
    outer loop
      vertex -15.0626974 27.6446495 1.5
      vertex -15.2403374 27.5823956 1.5
      vertex -16.0845699 26.7349777 1.5
    endloop
  endfacet
  facet normal 0.0 0.0 1.0
    outer loop
      vertex -15.2403374 27.5823956 1.5
      vertex -15.3916407 27.5121136 1.5
      vertex -16.0845699 26.7349777 1.5
    endloop
  endfacet
  facet normal 0.0 0.0 1.0
    outer loop
      vertex -16.0845699 26.7349777 1.5
      vertex -15.3916407 27.5121136 1.5
      vertex -16.0147533 26.8866043 1.5
    endloop
  endfacet
  facet normal 0.0 0.0 1.0
    outer loop
      vertex 15.2403374 27.5823956 1.5
      vertex 15.0626974 27.6446495 1.5
      vertex 16.0845699 26.7349777 1.5
    endloop
  endfacet
  facet normal 0.0 0.0 1.0
    outer loop
      vertex 15.0626974 27.6446495 1.5
      vertex 14.84935 27.6967678 1.5
      vertex 16.0845699 26.7349777 1.5
    endloop
  endfacet
  facet normal 0.0 0.0 1.0
    outer loop
      vertex 16.0845699 26.7349777 1.5
      vertex 14.84935 27.6967678 1.5
      vertex 14.5863752 27.7345257 1.5
    endloop
  endfacet
  facet normal -0.0 -0.0 1.0
    outer loop
      vertex -15.2403374 -27.5823956 1.5
      vertex -15.0626974 -27.6446495 1.5
      vertex -16.0845699 -26.7349777 1.5
    endloop
  endfacet
  facet normal -0.0 -0.0 1.0
    outer loop
      vertex -15.0626974 -27.6446495 1.5
      vertex -14.84935 -27.6967678 1.5
      vertex -16.0845699 -26.7349777 1.5
    endloop
  endfacet
  facet normal 0.0 0.0 1.0
    outer loop
      vertex -16.0845699 -26.7349777 1.5
      vertex -14.84935 -27.6967678 1.5
      vertex -14.5863752 -27.7345257 1.5
    endloop
  endfacet
  facet normal 0.0 0.0 1.0
    outer loop
      vertex 14.25 -27.75 1.5
      vertex 14.5863752 -27.7345257 1.5
      vertex 16.0845699 -26.7349777 1.5
    endloop
  endfacet
  facet normal 0.0 0.0 1.0
    outer loop
      vertex 14.5863752 -27.7345257 1.5
      vertex 14.84935 -27.6967678 1.5
      vertex 16.0845699 -26.7349777 1.5
    endloop
  endfacet
  facet normal 0.0 0.0 1.0
    outer loop
      vertex 16.0845699 -26.7349777 1.5
      vertex 14.84935 -27.6967678 1.5
      vertex 15.0626974 -27.6446495 1.5
    endloop
  endfacet
  facet normal 0.0 0.0 1.0
    outer loop
      vertex -15.75 27.25 1.5
      vertex -15.3916407 27.5121136 1.5
      vertex -15.6502609 27.3406754 1.5
    endloop
  endfacet
  facet normal 0.0 0.0 1.0
    outer loop
      vertex -15.3916407 27.5121136 1.5
      vertex -15.5230703 27.4345932 1.5
      vertex -15.6502609 27.3406754 1.5
    endloop
  endfacet
  facet normal 0.0 0.0 1.0
    outer loop
      vertex 15.6502609 27.3406754 1.5
      vertex 15.5230703 27.4345932 1.5
      vertex 15.3916407 27.5121136 1.5
    endloop
  endfacet
  facet normal 0.0 0.0 1.0
    outer loop
      vertex -15.6502609 -27.3406754 1.5
      vertex -15.5230703 -27.4345932 1.5
      vertex -15.3916407 -27.5121136 1.5
    endloop
  endfacet
  facet normal -0.0 0.0 1.0
    outer loop
      vertex -15.75 27.25 1.5
      vertex -15.8484955 27.1407127 1.5
      vertex -15.3916407 27.5121136 1.5
    endloop
  endfacet
  facet normal -0.0 0.0 1.0
    outer loop
      vertex -15.8484955 27.1407127 1.5
      vertex -15.9362669 27.0205231 1.5
      vertex -15.3916407 27.5121136 1.5
    endloop
  endfacet
  facet normal 0.0 0.0 1.0
    outer loop
      vertex -15.3916407 27.5121136 1.5
      vertex -15.9362669 27.0205231 1.5
      vertex -16.0147533 26.8866043 1.5
    endloop
  endfacet
  facet normal 0.0 0.0 1.0
    outer loop
      vertex 15.0626974 -27.6446495 1.5
      vertex 15.2403374 -27.5823956 1.5
      vertex 16.0845699 -26.7349777 1.5
    endloop
  endfacet
  facet normal 0.0 0.0 1.0
    outer loop
      vertex 15.2403374 -27.5823956 1.5
      vertex 15.3916407 -27.5121136 1.5
      vertex 16.0845699 -26.7349777 1.5
    endloop
  endfacet
  facet normal 0.0 0.0 1.0
    outer loop
      vertex 16.0845699 -26.7349777 1.5
      vertex 15.3916407 -27.5121136 1.5
      vertex 16.0147533 -26.8866043 1.5
    endloop
  endfacet
  facet normal 0.0 0.0 1.0
    outer loop
      vertex 15.2403374 27.5823956 1.5
      vertex 16.0845699 26.7349777 1.5
      vertex 15.3916407 27.5121136 1.5
    endloop
  endfacet
  facet normal 0.0 0.0 1.0
    outer loop
      vertex 16.0845699 26.7349777 1.5
      vertex 16.0147533 26.8866043 1.5
      vertex 15.3916407 27.5121136 1.5
    endloop
  endfacet
  facet normal 0.0 0.0 1.0
    outer loop
      vertex 15.3916407 27.5121136 1.5
      vertex 16.0147533 26.8866043 1.5
      vertex 15.9362669 27.0205231 1.5
    endloop
  endfacet
  facet normal 0.0 0.0 1.0
    outer loop
      vertex -15.2403374 -27.5823956 1.5
      vertex -16.0845699 -26.7349777 1.5
      vertex -15.3916407 -27.5121136 1.5
    endloop
  endfacet
  facet normal 0.0 0.0 1.0
    outer loop
      vertex -16.0845699 -26.7349777 1.5
      vertex -16.0147533 -26.8866043 1.5
      vertex -15.3916407 -27.5121136 1.5
    endloop
  endfacet
  facet normal 0.0 0.0 1.0
    outer loop
      vertex -15.3916407 -27.5121136 1.5
      vertex -16.0147533 -26.8866043 1.5
      vertex -15.9362669 -27.0205231 1.5
    endloop
  endfacet
  facet normal 0.0 0.0 1.0
    outer loop
      vertex 15.9362669 27.0205231 1.5
      vertex 15.8484955 27.1407127 1.5
      vertex 15.3916407 27.5121136 1.5
    endloop
  endfacet
  facet normal 0.0 0.0 1.0
    outer loop
      vertex 15.8484955 27.1407127 1.5
      vertex 15.75 27.25 1.5
      vertex 15.3916407 27.5121136 1.5
    endloop
  endfacet
  facet normal 0.0 0.0 1.0
    outer loop
      vertex 15.3916407 27.5121136 1.5
      vertex 15.75 27.25 1.5
      vertex 15.6502609 27.3406754 1.5
    endloop
  endfacet
  facet normal 0.0 0.0 1.0
    outer loop
      vertex 15.75 -27.25 1.5
      vertex 15.3916407 -27.5121136 1.5
      vertex 15.6502609 -27.3406754 1.5
    endloop
  endfacet
  facet normal 0.0 0.0 1.0
    outer loop
      vertex 15.3916407 -27.5121136 1.5
      vertex 15.5230703 -27.4345932 1.5
      vertex 15.6502609 -27.3406754 1.5
    endloop
  endfacet
  facet normal 0.0 0.0 1.0
    outer loop
      vertex -15.9362669 -27.0205231 1.5
      vertex -15.8484955 -27.1407127 1.5
      vertex -15.3916407 -27.5121136 1.5
    endloop
  endfacet
  facet normal 0.0 0.0 1.0
    outer loop
      vertex -15.8484955 -27.1407127 1.5
      vertex -15.75 -27.25 1.5
      vertex -15.3916407 -27.5121136 1.5
    endloop
  endfacet
  facet normal 0.0 0.0 1.0
    outer loop
      vertex -15.3916407 -27.5121136 1.5
      vertex -15.75 -27.25 1.5
      vertex -15.6502609 -27.3406754 1.5
    endloop
  endfacet
  facet normal 0.0 -0.0 1.0
    outer loop
      vertex 15.75 -27.25 1.5
      vertex 15.8484955 -27.1407127 1.5
      vertex 15.3916407 -27.5121136 1.5
    endloop
  endfacet
  facet normal 0.0 -0.0 1.0
    outer loop
      vertex 15.8484955 -27.1407127 1.5
      vertex 15.9362669 -27.0205231 1.5
      vertex 15.3916407 -27.5121136 1.5
    endloop
  endfacet
  facet normal 0.0 0.0 1.0
    outer loop
      vertex 15.3916407 -27.5121136 1.5
      vertex 15.9362669 -27.0205231 1.5
      vertex 16.0147533 -26.8866043 1.5
    endloop
  endfacet
  facet normal 0.0 -0.0 1.0
    outer loop
      vertex -15.25 -23.6000004 7.3499999
      vertex -15.25 -19.8999996 7.3499999
      vertex -16.25 -23.6000004 7.3499999
    endloop
  endfacet
  facet normal 0.0 0.0 1.0
    outer loop
      vertex -15.25 -19.8999996 7.3499999
      vertex -16.25 -19.8999996 7.3499999
      vertex -16.25 -23.6000004 7.3499999
    endloop
  endfacet
  facet normal -0.9998299807749832 0.018439347697156442 0.0
    outer loop
      vertex -16.25 25.75 1.0
      vertex -16.25 25.75 1.5
      vertex -16.2473755 25.8923073 1.0
    endloop
  endfacet
  facet normal -0.9987488334881259 0.049232675738565754 0.008769905685283136
    outer loop
      vertex -16.25 25.75 1.5
      vertex -16.2323437 26.108181 1.5
      vertex -16.2473755 25.8923073 1.0
    endloop
  endfacet
  facet normal -0.9975844462937954 0.06946418150890202 0.0
    outer loop
      vertex -16.2473755 25.8923073 1.0
      vertex -16.2323437 26.108181 1.5
      vertex -16.2323437 26.108181 1.0
    endloop
  endfacet
  facet normal -0.9930078743651483 0.11804813191580071 0.0
    outer loop
      vertex -16.2323437 26.108181 1.0
      vertex -16.2323437 26.108181 1.5
      vertex -16.2219028 26.1960087 1.0
    endloop
  endfacet
  facet normal -0.9891250046602523 0.14698658239813736 0.005164276403458858
    outer loop
      vertex -16.2323437 26.108181 1.5
      vertex -16.1956882 26.3548489 1.5
      vertex -16.2219028 26.1960087 1.0
    endloop
  endfacet
  facet normal -0.9866533366230305 0.16283486521823498 0.0
    outer loop
      vertex -16.2219028 26.1960087 1.0
      vertex -16.1956882 26.3548489 1.5
      vertex -16.1956882 26.3548489 1.0
    endloop
  endfacet
  facet normal -0.971287144658154 0.23791024068293107 0.0
    outer loop
      vertex -16.1956882 26.3548489 1.5
      vertex -16.1453819 26.5602283 1.5
      vertex -16.1956882 26.3548489 1.0
    endloop
  endfacet
  facet normal -0.971287144658154 0.23791024068293107 0.0
    outer loop
      vertex -16.1956882 26.3548489 1.0
      vertex -16.1453819 26.5602283 1.5
      vertex -16.1453819 26.5602283 1.0
    endloop
  endfacet
  facet normal -0.9444471476352713 0.32866333127320435 0.0
    outer loop
      vertex -16.1453819 26.5602283 1.5
      vertex -16.0845699 26.7349777 1.5
      vertex -16.1453819 26.5602283 1.0
    endloop
  endfacet
  facet normal -0.9444471476352713 0.32866333127320435 0.0
    outer loop
      vertex -16.1453819 26.5602283 1.0
      vertex -16.0845699 26.7349777 1.5
      vertex -16.0845699 26.7349777 1.0
    endloop
  endfacet
  facet normal -0.9192175435031759 0.39375005741712177 0.0
    outer loop
      vertex -16.0845699 26.7349777 1.0
      vertex -16.0845699 26.7349777 1.5
      vertex -16.0550575 26.803875 1.0
    endloop
  endfacet
  facet normal -0.9083275718496042 0.4182402213912277 0.004017390747604093
    outer loop
      vertex -16.0845699 26.7349777 1.5
      vertex -16.0147533 26.8866043 1.5
      vertex -16.0550575 26.803875 1.0
    endloop
  endfacet
  facet normal -0.8989890899256155 0.4379710220947423 0.0
    outer loop
      vertex -16.0550575 26.803875 1.0
      vertex -16.0147533 26.8866043 1.5
      vertex -16.0147533 26.8866043 1.0
    endloop
  endfacet
  facet normal -0.8627477827203512 0.5056345156445687 0.0
    outer loop
      vertex -16.0147533 26.8866043 1.5
      vertex -15.9362669 27.0205231 1.5
      vertex -16.0147533 26.8866043 1.0
    endloop
  endfacet
  facet normal -0.8627477827203512 0.5056345156445687 0.0
    outer loop
      vertex -16.0147533 26.8866043 1.0
      vertex -15.9362669 27.0205231 1.5
      vertex -15.9362669 27.0205231 1.0
    endloop
  endfacet
  facet normal -0.8075814087199887 0.5897561091585558 0.0
    outer loop
      vertex -15.9362669 27.0205231 1.5
      vertex -15.8484955 27.1407127 1.5
      vertex -15.9362669 27.0205231 1.0
    endloop
  endfacet
  facet normal -0.8075814087199887 0.5897561091585558 0.0
    outer loop
      vertex -15.9362669 27.0205231 1.0
      vertex -15.8484955 27.1407127 1.5
      vertex -15.8484955 27.1407127 1.0
    endloop
  endfacet
  facet normal -0.7428311794431477 0.6694787814763828 0.0
    outer loop
      vertex -15.8484955 27.1407127 1.5
      vertex -15.75 27.25 1.5
      vertex -15.8484955 27.1407127 1.0
    endloop
  endfacet
  facet normal -0.7428311794431477 0.6694787814763828 0.0
    outer loop
      vertex -15.8484955 27.1407127 1.0
      vertex -15.75 27.25 1.5
      vertex -15.75 27.25 1.0
    endloop
  endfacet
  facet normal -0.6726869731852696 0.739927182976028 0.0
    outer loop
      vertex -15.75 27.25 1.5
      vertex -15.6502609 27.3406754 1.5
      vertex -15.75 27.25 1.0
    endloop
  endfacet
  facet normal -0.6726869731852696 0.739927182976028 0.0
    outer loop
      vertex -15.75 27.25 1.0
      vertex -15.6502609 27.3406754 1.5
      vertex -15.6502609 27.3406754 1.0
    endloop
  endfacet
  facet normal -0.5940120602244382 0.8044561344833653 0.0
    outer loop
      vertex -15.6502609 27.3406754 1.5
      vertex -15.5230703 27.4345932 1.5
      vertex -15.6502609 27.3406754 1.0
    endloop
  endfacet
  facet normal -0.5940120602244382 0.8044561344833653 0.0
    outer loop
      vertex -15.6502609 27.3406754 1.0
      vertex -15.5230703 27.4345932 1.5
      vertex -15.5230703 27.4345932 1.0
    endloop
  endfacet
  facet normal -0.5080367354667555 0.8613354023934474 0.0
    outer loop
      vertex -15.5230703 27.4345932 1.5
      vertex -15.3916407 27.5121136 1.5
      vertex -15.5230703 27.4345932 1.0
    endloop
  endfacet
  facet normal -0.5080367354667555 0.8613354023934474 0.0
    outer loop
      vertex -15.5230703 27.4345932 1.0
      vertex -15.3916407 27.5121136 1.5
      vertex -15.3916407 27.5121136 1.0
    endloop
  endfacet
  facet normal -0.4404357267963738 0.8977841447482517 0.0
    outer loop
      vertex -15.3916407 27.5121136 1.0
      vertex -15.3916407 27.5121136 1.5
      vertex -15.3070469 27.5536137 1.0
    endloop
  endfacet
  facet normal -0.42127578176875197 0.9069237641457271 0.0040002153532696285
    outer loop
      vertex -15.3916407 27.5121136 1.5
      vertex -15.2403374 27.5823956 1.5
      vertex -15.3070469 27.5536137 1.0
    endloop
  endfacet
  facet normal -0.3961520684887961 0.9181849152714545 0.0
    outer loop
      vertex -15.3070469 27.5536137 1.0
      vertex -15.2403374 27.5823956 1.5
      vertex -15.2403374 27.5823956 1.0
    endloop
  endfacet
  facet normal -0.3307285494750904 0.9437259276729143 0.0
    outer loop
      vertex -15.2403374 27.5823956 1.5
      vertex -15.0626974 27.6446495 1.5
      vertex -15.2403374 27.5823956 1.0
    endloop
  endfacet
  facet normal -0.3307285494750904 0.9437259276729143 0.0
    outer loop
      vertex -15.2403374 27.5823956 1.0
      vertex -15.0626974 27.6446495 1.5
      vertex -15.0626974 27.6446495 1.0
    endloop
  endfacet
  facet normal -0.23731006962620987 0.9714339559918643 0.0
    outer loop
      vertex -15.0626974 27.6446495 1.5
      vertex -14.84935 27.6967678 1.5
      vertex -15.0626974 27.6446495 1.0
    endloop
  endfacet
  facet normal -0.23731006962620987 0.9714339559918643 0.0
    outer loop
      vertex -15.0626974 27.6446495 1.0
      vertex -14.84935 27.6967678 1.5
      vertex -14.84935 27.6967678 1.0
    endloop
  endfacet
  facet normal -0.1617716864695519 0.9868282127385684 0.0
    outer loop
      vertex -14.84935 27.6967678 1.0
      vertex -14.84935 27.6967678 1.5
      vertex -14.6960812 27.7218933 1.0
    endloop
  endfacet
  facet normal -0.14211973994371346 0.9898302126906112 0.006174914022948937
    outer loop
      vertex -14.84935 27.6967678 1.5
      vertex -14.5863752 27.7345257 1.5
      vertex -14.6960812 27.7218933 1.0
    endloop
  endfacet
  facet normal -0.11439189438195918 0.9934357022473608 0.0
    outer loop
      vertex -14.6960812 27.7218933 1.0
      vertex -14.5863752 27.7345257 1.5
      vertex -14.5863752 27.7345257 1.0
    endloop
  endfacet
  facet normal -0.06610443734466938 0.997812709561942 0.0
    outer loop
      vertex -14.5863752 27.7345257 1.0
      vertex -14.5863752 27.7345257 1.5
      vertex -14.3926163 27.7473621 1.0
    endloop
  endfacet
  facet normal -0.045953082126174896 0.9989128549147616 0.007837252652903396
    outer loop
      vertex -14.5863752 27.7345257 1.5
      vertex -14.25 27.75 1.5
      vertex -14.3926163 27.7473621 1.0
    endloop
  endfacet
  facet normal -0.018493320025265596 0.9998289839339742 0.0
    outer loop
      vertex -14.3926163 27.7473621 1.0
      vertex -14.25 27.75 1.5
      vertex -14.25 27.75 1.0
    endloop
  endfacet
endsolid flat
