ISO-10303-21;
HEADER;
FILE_DESCRIPTION(('Open CASCADE Model'),'2;1');
FILE_NAME('Open CASCADE Shape Model','2026-07-19T02:19:57',('Author'),(
    'Open CASCADE'),'Open CASCADE STEP processor 7.9','Open CASCADE 7.9'
  ,'Unknown');
FILE_SCHEMA(('AUTOMOTIVE_DESIGN { 1 0 10303 214 1 1 1 1 }'));
ENDSEC;
DATA;
#1 = APPLICATION_PROTOCOL_DEFINITION('international standard',
  'automotive_design',2000,#2);
#2 = APPLICATION_CONTEXT(
  'core data for automotive mechanical design processes');
#3 = SHAPE_DEFINITION_REPRESENTATION(#4,#10);
#4 = PRODUCT_DEFINITION_SHAPE('','',#5);
#5 = PRODUCT_DEFINITION('design','',#6,#9);
#6 = PRODUCT_DEFINITION_FORMATION('','',#7);
#7 = PRODUCT('Open CASCADE STEP translator 7.9 2',
  'Open CASCADE STEP translator 7.9 2','',(#8));
#8 = PRODUCT_CONTEXT('',#2,'mechanical');
#9 = PRODUCT_DEFINITION_CONTEXT('part definition',#2,'design');
#10 = ADVANCED_BREP_SHAPE_REPRESENTATION('',(#11,#15),#12397);
#11 = AXIS2_PLACEMENT_3D('',#12,#13,#14);
#12 = CARTESIAN_POINT('',(0.483742,0.0,0.0));
#13 = DIRECTION('',(0.,0.,1.));
#14 = DIRECTION('',(1.,0.,-0.));
#15 = MANIFOLD_SOLID_BREP('',#16);
#16 = CLOSED_SHELL('',(#17,#487,#651,#810,#1093,#1247,#1595,#1727,#1893,
    #2033,#2109,#2185,#2285,#2583,#2632,#2681,#2728,#2775,#2852,#2969,
    #3086,#3203,#3793,#3908,#4507,#4690,#4737,#5573,#6289,#6316,#6363,
    #6516,#6944,#7059,#7250,#7321,#7594,#7665,#7743,#7792,#7819,#7868,
    #7941,#7968,#8315,#8366,#8393,#8400,#8427,#8434,#8489,#8493,#8548,
    #8552,#8607,#8611,#8666,#8670,#8725,#8798,#8900,#9002,#9077,#9179,
    #9186,#9233,#9260,#9287,#9314,#9341,#9368,#9395,#9402,#9451,#9479,
    #9507,#9535,#9563,#9570,#9577,#9648,#9677,#9706,#9713,#9760,#9807,
    #9854,#9901,#9948,#9995,#10042,#10089,#10116,#10123,#10150,#10157,
    #10184,#10191,#10218,#10225,#10252,#10259,#10286,#10293,#10320,
    #10327,#10354,#10361,#10368,#10395,#10423,#10451,#10607,#10758,
    #10790,#10946,#11097,#11129,#11285,#11436,#11468,#11619,#11651,
    #11679,#11707,#11735,#11763,#11770,#11777,#11784,#11791,#11798,
    #11847,#11918,#11967,#12024,#12032,#12040,#12067,#12074,#12124,
    #12151,#12180,#12207,#12214,#12264,#12291,#12320,#12347,#12374,
    #12381,#12389));
#17 = ADVANCED_FACE('',(#18),#33,.T.);
#18 = FACE_BOUND('',#19,.T.);
#19 = EDGE_LOOP('',(#20,#56,#85,#113,#142,#171,#199,#227,#260,#288,#321,
    #349,#377,#405,#433,#461));
#20 = ORIENTED_EDGE('',*,*,#21,.F.);
#21 = EDGE_CURVE('',#22,#24,#26,.T.);
#22 = VERTEX_POINT('',#23);
#23 = CARTESIAN_POINT('',(30.300000,-31.2,-11.5));
#24 = VERTEX_POINT('',#25);
#25 = CARTESIAN_POINT('',(30.300000,-31.149489743,-12.0));
#26 = SURFACE_CURVE('',#27,(#32,#44),.PCURVE_S1.);
#27 = CIRCLE('',#28,2.5);
#28 = AXIS2_PLACEMENT_3D('',#29,#30,#31);
#29 = CARTESIAN_POINT('',(30.300000,-28.7,-11.5));
#30 = DIRECTION('',(1.,0.,-0.));
#31 = DIRECTION('',(0.,-1.,0.));
#32 = PCURVE('',#33,#38);
#33 = PLANE('',#34);
#34 = AXIS2_PLACEMENT_3D('',#35,#36,#37);
#35 = CARTESIAN_POINT('',(30.300000,-14.2,-9.0));
#36 = DIRECTION('',(1.,-0.,-0.));
#37 = DIRECTION('',(-0.,-0.,-1.));
#38 = DEFINITIONAL_REPRESENTATION('',(#39),#43);
#39 = CIRCLE('',#40,2.5);
#40 = AXIS2_PLACEMENT_2D('',#41,#42);
#41 = CARTESIAN_POINT('',(2.5,-14.5));
#42 = DIRECTION('',(0.,-1.));
#43 = ( GEOMETRIC_REPRESENTATION_CONTEXT(2) 
PARAMETRIC_REPRESENTATION_CONTEXT() REPRESENTATION_CONTEXT('2D SPACE',''
  ) );
#44 = PCURVE('',#45,#50);
#45 = CYLINDRICAL_SURFACE('',#46,2.5);
#46 = AXIS2_PLACEMENT_3D('',#47,#48,#49);
#47 = CARTESIAN_POINT('',(26.651893,-28.7,-11.5));
#48 = DIRECTION('',(1.,-0.,-0.));
#49 = DIRECTION('',(0.,-1.,0.));
#50 = DEFINITIONAL_REPRESENTATION('',(#51),#55);
#51 = LINE('',#52,#53);
#52 = CARTESIAN_POINT('',(0.,2.6));
#53 = VECTOR('',#54,1.);
#54 = DIRECTION('',(1.,0.));
#55 = ( GEOMETRIC_REPRESENTATION_CONTEXT(2) 
PARAMETRIC_REPRESENTATION_CONTEXT() REPRESENTATION_CONTEXT('2D SPACE',''
  ) );
#56 = ORIENTED_EDGE('',*,*,#57,.F.);
#57 = EDGE_CURVE('',#58,#22,#60,.T.);
#58 = VERTEX_POINT('',#59);
#59 = CARTESIAN_POINT('',(30.300000,-26.250510257,-12.0));
#60 = SURFACE_CURVE('',#61,(#66,#73),.PCURVE_S1.);
#61 = CIRCLE('',#62,2.5);
#62 = AXIS2_PLACEMENT_3D('',#63,#64,#65);
#63 = CARTESIAN_POINT('',(30.300000,-28.7,-11.5));
#64 = DIRECTION('',(1.,0.,-0.));
#65 = DIRECTION('',(0.,-1.,0.));
#66 = PCURVE('',#33,#67);
#67 = DEFINITIONAL_REPRESENTATION('',(#68),#72);
#68 = CIRCLE('',#69,2.5);
#69 = AXIS2_PLACEMENT_2D('',#70,#71);
#70 = CARTESIAN_POINT('',(2.5,-14.5));
#71 = DIRECTION('',(0.,-1.));
#72 = ( GEOMETRIC_REPRESENTATION_CONTEXT(2) 
PARAMETRIC_REPRESENTATION_CONTEXT() REPRESENTATION_CONTEXT('2D SPACE',''
  ) );
#73 = PCURVE('',#74,#79);
#74 = CYLINDRICAL_SURFACE('',#75,2.5);
#75 = AXIS2_PLACEMENT_3D('',#76,#77,#78);
#76 = CARTESIAN_POINT('',(26.651893,-28.7,-11.5));
#77 = DIRECTION('',(1.,-0.,-0.));
#78 = DIRECTION('',(0.,-1.,0.));
#79 = DEFINITIONAL_REPRESENTATION('',(#80),#84);
#80 = LINE('',#81,#82);
#81 = CARTESIAN_POINT('',(0.,2.6));
#82 = VECTOR('',#83,1.);
#83 = DIRECTION('',(1.,0.));
#84 = ( GEOMETRIC_REPRESENTATION_CONTEXT(2) 
PARAMETRIC_REPRESENTATION_CONTEXT() REPRESENTATION_CONTEXT('2D SPACE',''
  ) );
#85 = ORIENTED_EDGE('',*,*,#86,.T.);
#86 = EDGE_CURVE('',#58,#87,#89,.T.);
#87 = VERTEX_POINT('',#88);
#88 = CARTESIAN_POINT('',(30.300000,-20.149489743,-12.0));
#89 = SURFACE_CURVE('',#90,(#94,#101),.PCURVE_S1.);
#90 = LINE('',#91,#92);
#91 = CARTESIAN_POINT('',(30.300000,-26.250510257,-12.0));
#92 = VECTOR('',#93,1.);
#93 = DIRECTION('',(0.,1.,0.));
#94 = PCURVE('',#33,#95);
#95 = DEFINITIONAL_REPRESENTATION('',(#96),#100);
#96 = LINE('',#97,#98);
#97 = CARTESIAN_POINT('',(3.,-12.050510257));
#98 = VECTOR('',#99,1.);
#99 = DIRECTION('',(-0.,1.));
#100 = ( GEOMETRIC_REPRESENTATION_CONTEXT(2) 
PARAMETRIC_REPRESENTATION_CONTEXT() REPRESENTATION_CONTEXT('2D SPACE',''
  ) );
#101 = PCURVE('',#102,#107);
#102 = PLANE('',#103);
#103 = AXIS2_PLACEMENT_3D('',#104,#105,#106);
#104 = CARTESIAN_POINT('',(-1.200000,-14.2,-12.0));
#105 = DIRECTION('',(-0.,-0.,-1.));
#106 = DIRECTION('',(-1.,0.,0.));
#107 = DEFINITIONAL_REPRESENTATION('',(#108),#112);
#108 = LINE('',#109,#110);
#109 = CARTESIAN_POINT('',(-22.45,-12.050510257));
#110 = VECTOR('',#111,1.);
#111 = DIRECTION('',(0.,1.));
#112 = ( GEOMETRIC_REPRESENTATION_CONTEXT(2) 
PARAMETRIC_REPRESENTATION_CONTEXT() REPRESENTATION_CONTEXT('2D SPACE',''
  ) );
#113 = ORIENTED_EDGE('',*,*,#114,.F.);
#114 = EDGE_CURVE('',#115,#87,#117,.T.);
#115 = VERTEX_POINT('',#116);
#116 = CARTESIAN_POINT('',(30.300000,-20.2,-11.5));
#117 = SURFACE_CURVE('',#118,(#123,#130),.PCURVE_S1.);
#118 = CIRCLE('',#119,2.5);
#119 = AXIS2_PLACEMENT_3D('',#120,#121,#122);
#120 = CARTESIAN_POINT('',(30.300000,-17.7,-11.5));
#121 = DIRECTION('',(1.,0.,-0.));
#122 = DIRECTION('',(0.,-1.,0.));
#123 = PCURVE('',#33,#124);
#124 = DEFINITIONAL_REPRESENTATION('',(#125),#129);
#125 = CIRCLE('',#126,2.5);
#126 = AXIS2_PLACEMENT_2D('',#127,#128);
#127 = CARTESIAN_POINT('',(2.5,-3.5));
#128 = DIRECTION('',(0.,-1.));
#129 = ( GEOMETRIC_REPRESENTATION_CONTEXT(2) 
PARAMETRIC_REPRESENTATION_CONTEXT() REPRESENTATION_CONTEXT('2D SPACE',''
  ) );
#130 = PCURVE('',#131,#136);
#131 = CYLINDRICAL_SURFACE('',#132,2.5);
#132 = AXIS2_PLACEMENT_3D('',#133,#134,#135);
#133 = CARTESIAN_POINT('',(23.845657,-17.7,-11.5));
#134 = DIRECTION('',(1.,-0.,-0.));
#135 = DIRECTION('',(0.,-1.,0.));
#136 = DEFINITIONAL_REPRESENTATION('',(#137),#141);
#137 = LINE('',#138,#139);
#138 = CARTESIAN_POINT('',(0.,4.6));
#139 = VECTOR('',#140,1.);
#140 = DIRECTION('',(1.,0.));
#141 = ( GEOMETRIC_REPRESENTATION_CONTEXT(2) 
PARAMETRIC_REPRESENTATION_CONTEXT() REPRESENTATION_CONTEXT('2D SPACE',''
  ) );
#142 = ORIENTED_EDGE('',*,*,#143,.F.);
#143 = EDGE_CURVE('',#144,#115,#146,.T.);
#144 = VERTEX_POINT('',#145);
#145 = CARTESIAN_POINT('',(30.300000,-15.250510257,-12.0));
#146 = SURFACE_CURVE('',#147,(#152,#159),.PCURVE_S1.);
#147 = CIRCLE('',#148,2.5);
#148 = AXIS2_PLACEMENT_3D('',#149,#150,#151);
#149 = CARTESIAN_POINT('',(30.300000,-17.7,-11.5));
#150 = DIRECTION('',(1.,0.,-0.));
#151 = DIRECTION('',(0.,-1.,0.));
#152 = PCURVE('',#33,#153);
#153 = DEFINITIONAL_REPRESENTATION('',(#154),#158);
#154 = CIRCLE('',#155,2.5);
#155 = AXIS2_PLACEMENT_2D('',#156,#157);
#156 = CARTESIAN_POINT('',(2.5,-3.5));
#157 = DIRECTION('',(0.,-1.));
#158 = ( GEOMETRIC_REPRESENTATION_CONTEXT(2) 
PARAMETRIC_REPRESENTATION_CONTEXT() REPRESENTATION_CONTEXT('2D SPACE',''
  ) );
#159 = PCURVE('',#160,#165);
#160 = CYLINDRICAL_SURFACE('',#161,2.5);
#161 = AXIS2_PLACEMENT_3D('',#162,#163,#164);
#162 = CARTESIAN_POINT('',(23.845657,-17.7,-11.5));
#163 = DIRECTION('',(1.,-0.,-0.));
#164 = DIRECTION('',(0.,-1.,0.));
#165 = DEFINITIONAL_REPRESENTATION('',(#166),#170);
#166 = LINE('',#167,#168);
#167 = CARTESIAN_POINT('',(-4.440892098501E-16,4.6));
#168 = VECTOR('',#169,1.);
#169 = DIRECTION('',(1.,0.));
#170 = ( GEOMETRIC_REPRESENTATION_CONTEXT(2) 
PARAMETRIC_REPRESENTATION_CONTEXT() REPRESENTATION_CONTEXT('2D SPACE',''
  ) );
#171 = ORIENTED_EDGE('',*,*,#172,.T.);
#172 = EDGE_CURVE('',#144,#173,#175,.T.);
#173 = VERTEX_POINT('',#174);
#174 = CARTESIAN_POINT('',(30.300000,-11.3,-12.0));
#175 = SURFACE_CURVE('',#176,(#180,#187),.PCURVE_S1.);
#176 = LINE('',#177,#178);
#177 = CARTESIAN_POINT('',(30.300000,-15.250510257,-12.0));
#178 = VECTOR('',#179,1.);
#179 = DIRECTION('',(0.,1.,0.));
#180 = PCURVE('',#33,#181);
#181 = DEFINITIONAL_REPRESENTATION('',(#182),#186);
#182 = LINE('',#183,#184);
#183 = CARTESIAN_POINT('',(3.,-1.050510257));
#184 = VECTOR('',#185,1.);
#185 = DIRECTION('',(-0.,1.));
#186 = ( GEOMETRIC_REPRESENTATION_CONTEXT(2) 
PARAMETRIC_REPRESENTATION_CONTEXT() REPRESENTATION_CONTEXT('2D SPACE',''
  ) );
#187 = PCURVE('',#188,#193);
#188 = PLANE('',#189);
#189 = AXIS2_PLACEMENT_3D('',#190,#191,#192);
#190 = CARTESIAN_POINT('',(-1.200000,-14.2,-12.0));
#191 = DIRECTION('',(-0.,-0.,-1.));
#192 = DIRECTION('',(-1.,0.,0.));
#193 = DEFINITIONAL_REPRESENTATION('',(#194),#198);
#194 = LINE('',#195,#196);
#195 = CARTESIAN_POINT('',(-22.45,-1.050510257));
#196 = VECTOR('',#197,1.);
#197 = DIRECTION('',(0.,1.));
#198 = ( GEOMETRIC_REPRESENTATION_CONTEXT(2) 
PARAMETRIC_REPRESENTATION_CONTEXT() REPRESENTATION_CONTEXT('2D SPACE',''
  ) );
#199 = ORIENTED_EDGE('',*,*,#200,.F.);
#200 = EDGE_CURVE('',#201,#173,#203,.T.);
#201 = VERTEX_POINT('',#202);
#202 = CARTESIAN_POINT('',(30.300000,-11.3,-11.0));
#203 = SURFACE_CURVE('',#204,(#208,#215),.PCURVE_S1.);
#204 = LINE('',#205,#206);
#205 = CARTESIAN_POINT('',(30.300000,-11.3,-11.0));
#206 = VECTOR('',#207,1.);
#207 = DIRECTION('',(-0.,-0.,-1.));
#208 = PCURVE('',#33,#209);
#209 = DEFINITIONAL_REPRESENTATION('',(#210),#214);
#210 = LINE('',#211,#212);
#211 = CARTESIAN_POINT('',(2.,2.9));
#212 = VECTOR('',#213,1.);
#213 = DIRECTION('',(1.,0.));
#214 = ( GEOMETRIC_REPRESENTATION_CONTEXT(2) 
PARAMETRIC_REPRESENTATION_CONTEXT() REPRESENTATION_CONTEXT('2D SPACE',''
  ) );
#215 = PCURVE('',#216,#221);
#216 = PLANE('',#217);
#217 = AXIS2_PLACEMENT_3D('',#218,#219,#220);
#218 = CARTESIAN_POINT('',(25.108463,-11.3,-9.0));
#219 = DIRECTION('',(-0.,-1.,0.));
#220 = DIRECTION('',(-1.,0.,0.));
#221 = DEFINITIONAL_REPRESENTATION('',(#222),#226);
#222 = LINE('',#223,#224);
#223 = CARTESIAN_POINT('',(-3.7,2.));
#224 = VECTOR('',#225,1.);
#225 = DIRECTION('',(0.,1.));
#226 = ( GEOMETRIC_REPRESENTATION_CONTEXT(2) 
PARAMETRIC_REPRESENTATION_CONTEXT() REPRESENTATION_CONTEXT('2D SPACE',''
  ) );
#227 = ORIENTED_EDGE('',*,*,#228,.T.);
#228 = EDGE_CURVE('',#201,#229,#231,.T.);
#229 = VERTEX_POINT('',#230);
#230 = CARTESIAN_POINT('',(30.300000,-10.3,-10.0));
#231 = SURFACE_CURVE('',#232,(#237,#248),.PCURVE_S1.);
#232 = CIRCLE('',#233,1.);
#233 = AXIS2_PLACEMENT_3D('',#234,#235,#236);
#234 = CARTESIAN_POINT('',(30.300000,-10.3,-11.0));
#235 = DIRECTION('',(-1.,0.,0.));
#236 = DIRECTION('',(0.,0.,-1.));
#237 = PCURVE('',#33,#238);
#238 = DEFINITIONAL_REPRESENTATION('',(#239),#247);
#239 = ( BOUNDED_CURVE() B_SPLINE_CURVE(2,(#240,#241,#242,#243,#244,#245
,#246),.UNSPECIFIED.,.T.,.F.) B_SPLINE_CURVE_WITH_KNOTS((1,2,2,2,2,1),(
    -2.094395102393,0.,2.094395102393,4.188790204786,6.28318530718,
8.377580409573),.UNSPECIFIED.) CURVE() GEOMETRIC_REPRESENTATION_ITEM() 
RATIONAL_B_SPLINE_CURVE((1.,0.5,1.,0.5,1.,0.5,1.)) REPRESENTATION_ITEM(
  '') );
#240 = CARTESIAN_POINT('',(3.,3.9));
#241 = CARTESIAN_POINT('',(3.,2.167949192431));
#242 = CARTESIAN_POINT('',(1.5,3.033974596216));
#243 = CARTESIAN_POINT('',(4.440892098501E-16,3.9));
#244 = CARTESIAN_POINT('',(1.5,4.766025403784));
#245 = CARTESIAN_POINT('',(3.,5.632050807569));
#246 = CARTESIAN_POINT('',(3.,3.9));
#247 = ( GEOMETRIC_REPRESENTATION_CONTEXT(2) 
PARAMETRIC_REPRESENTATION_CONTEXT() REPRESENTATION_CONTEXT('2D SPACE',''
  ) );
#248 = PCURVE('',#249,#254);
#249 = CYLINDRICAL_SURFACE('',#250,1.);
#250 = AXIS2_PLACEMENT_3D('',#251,#252,#253);
#251 = CARTESIAN_POINT('',(-1.200000,-10.3,-11.0));
#252 = DIRECTION('',(-1.,0.,0.));
#253 = DIRECTION('',(0.,1.,-0.));
#254 = DEFINITIONAL_REPRESENTATION('',(#255),#259);
#255 = LINE('',#256,#257);
#256 = CARTESIAN_POINT('',(1.570796326795,-22.45));
#257 = VECTOR('',#258,1.);
#258 = DIRECTION('',(1.,0.));
#259 = ( GEOMETRIC_REPRESENTATION_CONTEXT(2) 
PARAMETRIC_REPRESENTATION_CONTEXT() REPRESENTATION_CONTEXT('2D SPACE',''
  ) );
#260 = ORIENTED_EDGE('',*,*,#261,.F.);
#261 = EDGE_CURVE('',#262,#229,#264,.T.);
#262 = VERTEX_POINT('',#263);
#263 = CARTESIAN_POINT('',(30.300000,1.9,-10.0));
#264 = SURFACE_CURVE('',#265,(#269,#276),.PCURVE_S1.);
#265 = LINE('',#266,#267);
#266 = CARTESIAN_POINT('',(30.300000,1.9,-10.0));
#267 = VECTOR('',#268,1.);
#268 = DIRECTION('',(-0.,-1.,-0.));
#269 = PCURVE('',#33,#270);
#270 = DEFINITIONAL_REPRESENTATION('',(#271),#275);
#271 = LINE('',#272,#273);
#272 = CARTESIAN_POINT('',(1.,16.1));
#273 = VECTOR('',#274,1.);
#274 = DIRECTION('',(0.,-1.));
#275 = ( GEOMETRIC_REPRESENTATION_CONTEXT(2) 
PARAMETRIC_REPRESENTATION_CONTEXT() REPRESENTATION_CONTEXT('2D SPACE',''
  ) );
#276 = PCURVE('',#277,#282);
#277 = PLANE('',#278);
#278 = AXIS2_PLACEMENT_3D('',#279,#280,#281);
#279 = CARTESIAN_POINT('',(-1.200000,-14.2,-10.0));
#280 = DIRECTION('',(-0.,-0.,-1.));
#281 = DIRECTION('',(-1.,0.,0.));
#282 = DEFINITIONAL_REPRESENTATION('',(#283),#287);
#283 = LINE('',#284,#285);
#284 = CARTESIAN_POINT('',(-22.45,16.1));
#285 = VECTOR('',#286,1.);
#286 = DIRECTION('',(0.,-1.));
#287 = ( GEOMETRIC_REPRESENTATION_CONTEXT(2) 
PARAMETRIC_REPRESENTATION_CONTEXT() REPRESENTATION_CONTEXT('2D SPACE',''
  ) );
#288 = ORIENTED_EDGE('',*,*,#289,.T.);
#289 = EDGE_CURVE('',#262,#290,#292,.T.);
#290 = VERTEX_POINT('',#291);
#291 = CARTESIAN_POINT('',(30.300000,2.9,-11.0));
#292 = SURFACE_CURVE('',#293,(#298,#309),.PCURVE_S1.);
#293 = CIRCLE('',#294,1.);
#294 = AXIS2_PLACEMENT_3D('',#295,#296,#297);
#295 = CARTESIAN_POINT('',(30.300000,1.9,-11.0));
#296 = DIRECTION('',(-1.,0.,0.));
#297 = DIRECTION('',(0.,0.,-1.));
#298 = PCURVE('',#33,#299);
#299 = DEFINITIONAL_REPRESENTATION('',(#300),#308);
#300 = ( BOUNDED_CURVE() B_SPLINE_CURVE(2,(#301,#302,#303,#304,#305,#306
,#307),.UNSPECIFIED.,.T.,.F.) B_SPLINE_CURVE_WITH_KNOTS((1,2,2,2,2,1),(
    -2.094395102393,0.,2.094395102393,4.188790204786,6.28318530718,
8.377580409573),.UNSPECIFIED.) CURVE() GEOMETRIC_REPRESENTATION_ITEM() 
RATIONAL_B_SPLINE_CURVE((1.,0.5,1.,0.5,1.,0.5,1.)) REPRESENTATION_ITEM(
  '') );
#301 = CARTESIAN_POINT('',(3.,16.1));
#302 = CARTESIAN_POINT('',(3.,14.367949192431));
#303 = CARTESIAN_POINT('',(1.5,15.233974596216));
#304 = CARTESIAN_POINT('',(4.440892098501E-16,16.1));
#305 = CARTESIAN_POINT('',(1.5,16.966025403784));
#306 = CARTESIAN_POINT('',(3.,17.832050807569));
#307 = CARTESIAN_POINT('',(3.,16.1));
#308 = ( GEOMETRIC_REPRESENTATION_CONTEXT(2) 
PARAMETRIC_REPRESENTATION_CONTEXT() REPRESENTATION_CONTEXT('2D SPACE',''
  ) );
#309 = PCURVE('',#310,#315);
#310 = CYLINDRICAL_SURFACE('',#311,1.);
#311 = AXIS2_PLACEMENT_3D('',#312,#313,#314);
#312 = CARTESIAN_POINT('',(-1.200000,1.9,-11.0));
#313 = DIRECTION('',(1.,-0.,-0.));
#314 = DIRECTION('',(-0.,-0.,-1.));
#315 = DEFINITIONAL_REPRESENTATION('',(#316),#320);
#316 = LINE('',#317,#318);
#317 = CARTESIAN_POINT('',(6.28318530718,22.45));
#318 = VECTOR('',#319,1.);
#319 = DIRECTION('',(-1.,0.));
#320 = ( GEOMETRIC_REPRESENTATION_CONTEXT(2) 
PARAMETRIC_REPRESENTATION_CONTEXT() REPRESENTATION_CONTEXT('2D SPACE',''
  ) );
#321 = ORIENTED_EDGE('',*,*,#322,.F.);
#322 = EDGE_CURVE('',#323,#290,#325,.T.);
#323 = VERTEX_POINT('',#324);
#324 = CARTESIAN_POINT('',(30.300000,2.9,-12.0));
#325 = SURFACE_CURVE('',#326,(#330,#337),.PCURVE_S1.);
#326 = LINE('',#327,#328);
#327 = CARTESIAN_POINT('',(30.300000,2.9,-12.0));
#328 = VECTOR('',#329,1.);
#329 = DIRECTION('',(0.,0.,1.));
#330 = PCURVE('',#33,#331);
#331 = DEFINITIONAL_REPRESENTATION('',(#332),#336);
#332 = LINE('',#333,#334);
#333 = CARTESIAN_POINT('',(3.,17.1));
#334 = VECTOR('',#335,1.);
#335 = DIRECTION('',(-1.,0.));
#336 = ( GEOMETRIC_REPRESENTATION_CONTEXT(2) 
PARAMETRIC_REPRESENTATION_CONTEXT() REPRESENTATION_CONTEXT('2D SPACE',''
  ) );
#337 = PCURVE('',#338,#343);
#338 = PLANE('',#339);
#339 = AXIS2_PLACEMENT_3D('',#340,#341,#342);
#340 = CARTESIAN_POINT('',(23.284410,2.9,-12.0));
#341 = DIRECTION('',(0.,1.,0.));
#342 = DIRECTION('',(1.,0.,-0.));
#343 = DEFINITIONAL_REPRESENTATION('',(#344),#348);
#344 = LINE('',#345,#346);
#345 = CARTESIAN_POINT('',(5.,0.));
#346 = VECTOR('',#347,1.);
#347 = DIRECTION('',(0.,-1.));
#348 = ( GEOMETRIC_REPRESENTATION_CONTEXT(2) 
PARAMETRIC_REPRESENTATION_CONTEXT() REPRESENTATION_CONTEXT('2D SPACE',''
  ) );
#349 = ORIENTED_EDGE('',*,*,#350,.F.);
#350 = EDGE_CURVE('',#351,#323,#353,.T.);
#351 = VERTEX_POINT('',#352);
#352 = CARTESIAN_POINT('',(30.300000,3.0,-12.0));
#353 = SURFACE_CURVE('',#354,(#358,#365),.PCURVE_S1.);
#354 = LINE('',#355,#356);
#355 = CARTESIAN_POINT('',(30.300000,3.0,-12.0));
#356 = VECTOR('',#357,1.);
#357 = DIRECTION('',(-0.,-1.,-0.));
#358 = PCURVE('',#33,#359);
#359 = DEFINITIONAL_REPRESENTATION('',(#360),#364);
#360 = LINE('',#361,#362);
#361 = CARTESIAN_POINT('',(3.,17.2));
#362 = VECTOR('',#363,1.);
#363 = DIRECTION('',(0.,-1.));
#364 = ( GEOMETRIC_REPRESENTATION_CONTEXT(2) 
PARAMETRIC_REPRESENTATION_CONTEXT() REPRESENTATION_CONTEXT('2D SPACE',''
  ) );
#365 = PCURVE('',#366,#371);
#366 = PLANE('',#367);
#367 = AXIS2_PLACEMENT_3D('',#368,#369,#370);
#368 = CARTESIAN_POINT('',(-1.200000,-14.2,-12.0));
#369 = DIRECTION('',(-0.,-0.,-1.));
#370 = DIRECTION('',(-1.,0.,0.));
#371 = DEFINITIONAL_REPRESENTATION('',(#372),#376);
#372 = LINE('',#373,#374);
#373 = CARTESIAN_POINT('',(-22.45,17.2));
#374 = VECTOR('',#375,1.);
#375 = DIRECTION('',(0.,-1.));
#376 = ( GEOMETRIC_REPRESENTATION_CONTEXT(2) 
PARAMETRIC_REPRESENTATION_CONTEXT() REPRESENTATION_CONTEXT('2D SPACE',''
  ) );
#377 = ORIENTED_EDGE('',*,*,#378,.T.);
#378 = EDGE_CURVE('',#351,#379,#381,.T.);
#379 = VERTEX_POINT('',#380);
#380 = CARTESIAN_POINT('',(30.300000,3.0,-6.8));
#381 = SURFACE_CURVE('',#382,(#386,#393),.PCURVE_S1.);
#382 = LINE('',#383,#384);
#383 = CARTESIAN_POINT('',(30.300000,3.0,-12.0));
#384 = VECTOR('',#385,1.);
#385 = DIRECTION('',(0.,0.,1.));
#386 = PCURVE('',#33,#387);
#387 = DEFINITIONAL_REPRESENTATION('',(#388),#392);
#388 = LINE('',#389,#390);
#389 = CARTESIAN_POINT('',(3.,17.2));
#390 = VECTOR('',#391,1.);
#391 = DIRECTION('',(-1.,0.));
#392 = ( GEOMETRIC_REPRESENTATION_CONTEXT(2) 
PARAMETRIC_REPRESENTATION_CONTEXT() REPRESENTATION_CONTEXT('2D SPACE',''
  ) );
#393 = PCURVE('',#394,#399);
#394 = CYLINDRICAL_SURFACE('',#395,12.);
#395 = AXIS2_PLACEMENT_3D('',#396,#397,#398);
#396 = CARTESIAN_POINT('',(13.462583,3.0,-9.0));
#397 = DIRECTION('',(-0.,-0.,-1.));
#398 = DIRECTION('',(-1.,0.,0.));
#399 = DEFINITIONAL_REPRESENTATION('',(#400),#404);
#400 = LINE('',#401,#402);
#401 = CARTESIAN_POINT('',(3.14159265359,3.));
#402 = VECTOR('',#403,1.);
#403 = DIRECTION('',(0.,-1.));
#404 = ( GEOMETRIC_REPRESENTATION_CONTEXT(2) 
PARAMETRIC_REPRESENTATION_CONTEXT() REPRESENTATION_CONTEXT('2D SPACE',''
  ) );
#405 = ORIENTED_EDGE('',*,*,#406,.T.);
#406 = EDGE_CURVE('',#379,#407,#409,.T.);
#407 = VERTEX_POINT('',#408);
#408 = CARTESIAN_POINT('',(30.300000,-31.4,-6.8));
#409 = SURFACE_CURVE('',#410,(#414,#421),.PCURVE_S1.);
#410 = LINE('',#411,#412);
#411 = CARTESIAN_POINT('',(30.300000,3.0,-6.8));
#412 = VECTOR('',#413,1.);
#413 = DIRECTION('',(-0.,-1.,-0.));
#414 = PCURVE('',#33,#415);
#415 = DEFINITIONAL_REPRESENTATION('',(#416),#420);
#416 = LINE('',#417,#418);
#417 = CARTESIAN_POINT('',(-2.2,17.2));
#418 = VECTOR('',#419,1.);
#419 = DIRECTION('',(0.,-1.));
#420 = ( GEOMETRIC_REPRESENTATION_CONTEXT(2) 
PARAMETRIC_REPRESENTATION_CONTEXT() REPRESENTATION_CONTEXT('2D SPACE',''
  ) );
#421 = PCURVE('',#422,#427);
#422 = CYLINDRICAL_SURFACE('',#423,3.);
#423 = AXIS2_PLACEMENT_3D('',#424,#425,#426);
#424 = CARTESIAN_POINT('',(26.090646,-14.2,-6.8));
#425 = DIRECTION('',(0.,1.,0.));
#426 = DIRECTION('',(-0.,0.,-1.));
#427 = DEFINITIONAL_REPRESENTATION('',(#428),#432);
#428 = LINE('',#429,#430);
#429 = CARTESIAN_POINT('',(4.712388980385,17.2));
#430 = VECTOR('',#431,1.);
#431 = DIRECTION('',(0.,-1.));
#432 = ( GEOMETRIC_REPRESENTATION_CONTEXT(2) 
PARAMETRIC_REPRESENTATION_CONTEXT() REPRESENTATION_CONTEXT('2D SPACE',''
  ) );
#433 = ORIENTED_EDGE('',*,*,#434,.T.);
#434 = EDGE_CURVE('',#407,#435,#437,.T.);
#435 = VERTEX_POINT('',#436);
#436 = CARTESIAN_POINT('',(30.300000,-31.4,-12.0));
#437 = SURFACE_CURVE('',#438,(#442,#449),.PCURVE_S1.);
#438 = LINE('',#439,#440);
#439 = CARTESIAN_POINT('',(30.300000,-31.4,-6.8));
#440 = VECTOR('',#441,1.);
#441 = DIRECTION('',(-0.,-0.,-1.));
#442 = PCURVE('',#33,#443);
#443 = DEFINITIONAL_REPRESENTATION('',(#444),#448);
#444 = LINE('',#445,#446);
#445 = CARTESIAN_POINT('',(-2.2,-17.2));
#446 = VECTOR('',#447,1.);
#447 = DIRECTION('',(1.,0.));
#448 = ( GEOMETRIC_REPRESENTATION_CONTEXT(2) 
PARAMETRIC_REPRESENTATION_CONTEXT() REPRESENTATION_CONTEXT('2D SPACE',''
  ) );
#449 = PCURVE('',#450,#455);
#450 = CYLINDRICAL_SURFACE('',#451,12.);
#451 = AXIS2_PLACEMENT_3D('',#452,#453,#454);
#452 = CARTESIAN_POINT('',(13.462583,-31.4,-9.0));
#453 = DIRECTION('',(-0.,-0.,-1.));
#454 = DIRECTION('',(-1.,0.,0.));
#455 = DEFINITIONAL_REPRESENTATION('',(#456),#460);
#456 = LINE('',#457,#458);
#457 = CARTESIAN_POINT('',(3.14159265359,-2.2));
#458 = VECTOR('',#459,1.);
#459 = DIRECTION('',(0.,1.));
#460 = ( GEOMETRIC_REPRESENTATION_CONTEXT(2) 
PARAMETRIC_REPRESENTATION_CONTEXT() REPRESENTATION_CONTEXT('2D SPACE',''
  ) );
#461 = ORIENTED_EDGE('',*,*,#462,.T.);
#462 = EDGE_CURVE('',#435,#24,#463,.T.);
#463 = SURFACE_CURVE('',#464,(#468,#475),.PCURVE_S1.);
#464 = LINE('',#465,#466);
#465 = CARTESIAN_POINT('',(30.300000,-31.4,-12.0));
#466 = VECTOR('',#467,1.);
#467 = DIRECTION('',(0.,1.,0.));
#468 = PCURVE('',#33,#469);
#469 = DEFINITIONAL_REPRESENTATION('',(#470),#474);
#470 = LINE('',#471,#472);
#471 = CARTESIAN_POINT('',(3.,-17.2));
#472 = VECTOR('',#473,1.);
#473 = DIRECTION('',(-0.,1.));
#474 = ( GEOMETRIC_REPRESENTATION_CONTEXT(2) 
PARAMETRIC_REPRESENTATION_CONTEXT() REPRESENTATION_CONTEXT('2D SPACE',''
  ) );
#475 = PCURVE('',#476,#481);
#476 = PLANE('',#477);
#477 = AXIS2_PLACEMENT_3D('',#478,#479,#480);
#478 = CARTESIAN_POINT('',(-1.200000,-14.2,-12.0));
#479 = DIRECTION('',(-0.,-0.,-1.));
#480 = DIRECTION('',(-1.,0.,0.));
#481 = DEFINITIONAL_REPRESENTATION('',(#482),#486);
#482 = LINE('',#483,#484);
#483 = CARTESIAN_POINT('',(-22.45,-17.2));
#484 = VECTOR('',#485,1.);
#485 = DIRECTION('',(0.,1.));
#486 = ( GEOMETRIC_REPRESENTATION_CONTEXT(2) 
PARAMETRIC_REPRESENTATION_CONTEXT() REPRESENTATION_CONTEXT('2D SPACE',''
  ) );
#487 = ADVANCED_FACE('',(#488),#503,.T.);
#488 = FACE_BOUND('',#489,.T.);
#489 = EDGE_LOOP('',(#490,#521,#545,#568,#596,#625));
#490 = ORIENTED_EDGE('',*,*,#491,.F.);
#491 = EDGE_CURVE('',#492,#494,#496,.T.);
#492 = VERTEX_POINT('',#493);
#493 = CARTESIAN_POINT('',(27.493764,-31.2,-11.5));
#494 = VERTEX_POINT('',#495);
#495 = CARTESIAN_POINT('',(27.493764,-28.7,-9.0));
#496 = SURFACE_CURVE('',#497,(#502,#514),.PCURVE_S1.);
#497 = CIRCLE('',#498,2.5);
#498 = AXIS2_PLACEMENT_3D('',#499,#500,#501);
#499 = CARTESIAN_POINT('',(27.493764,-28.7,-11.5));
#500 = DIRECTION('',(-1.,0.,0.));
#501 = DIRECTION('',(0.,1.,-0.));
#502 = PCURVE('',#503,#508);
#503 = PLANE('',#504);
#504 = AXIS2_PLACEMENT_3D('',#505,#506,#507);
#505 = CARTESIAN_POINT('',(27.493764,-0.0,-12.0));
#506 = DIRECTION('',(-1.,0.,0.));
#507 = DIRECTION('',(-0.,-1.,0.));
#508 = DEFINITIONAL_REPRESENTATION('',(#509),#513);
#509 = CIRCLE('',#510,2.5);
#510 = AXIS2_PLACEMENT_2D('',#511,#512);
#511 = CARTESIAN_POINT('',(28.7,0.5));
#512 = DIRECTION('',(-1.,0.));
#513 = ( GEOMETRIC_REPRESENTATION_CONTEXT(2) 
PARAMETRIC_REPRESENTATION_CONTEXT() REPRESENTATION_CONTEXT('2D SPACE',''
  ) );
#514 = PCURVE('',#74,#515);
#515 = DEFINITIONAL_REPRESENTATION('',(#516),#520);
#516 = LINE('',#517,#518);
#517 = CARTESIAN_POINT('',(9.424777960769,0.6));
#518 = VECTOR('',#519,1.);
#519 = DIRECTION('',(-1.,0.));
#520 = ( GEOMETRIC_REPRESENTATION_CONTEXT(2) 
PARAMETRIC_REPRESENTATION_CONTEXT() REPRESENTATION_CONTEXT('2D SPACE',''
  ) );
#521 = ORIENTED_EDGE('',*,*,#522,.F.);
#522 = EDGE_CURVE('',#523,#492,#525,.T.);
#523 = VERTEX_POINT('',#524);
#524 = CARTESIAN_POINT('',(27.493764,-31.149489743,-12.0));
#525 = SURFACE_CURVE('',#526,(#531,#538),.PCURVE_S1.);
#526 = CIRCLE('',#527,2.5);
#527 = AXIS2_PLACEMENT_3D('',#528,#529,#530);
#528 = CARTESIAN_POINT('',(27.493764,-28.7,-11.5));
#529 = DIRECTION('',(-1.,0.,0.));
#530 = DIRECTION('',(0.,1.,-0.));
#531 = PCURVE('',#503,#532);
#532 = DEFINITIONAL_REPRESENTATION('',(#533),#537);
#533 = CIRCLE('',#534,2.5);
#534 = AXIS2_PLACEMENT_2D('',#535,#536);
#535 = CARTESIAN_POINT('',(28.7,0.5));
#536 = DIRECTION('',(-1.,0.));
#537 = ( GEOMETRIC_REPRESENTATION_CONTEXT(2) 
PARAMETRIC_REPRESENTATION_CONTEXT() REPRESENTATION_CONTEXT('2D SPACE',''
  ) );
#538 = PCURVE('',#45,#539);
#539 = DEFINITIONAL_REPRESENTATION('',(#540),#544);
#540 = LINE('',#541,#542);
#541 = CARTESIAN_POINT('',(3.14159265359,0.6));
#542 = VECTOR('',#543,1.);
#543 = DIRECTION('',(-1.,0.));
#544 = ( GEOMETRIC_REPRESENTATION_CONTEXT(2) 
PARAMETRIC_REPRESENTATION_CONTEXT() REPRESENTATION_CONTEXT('2D SPACE',''
  ) );
#545 = ORIENTED_EDGE('',*,*,#546,.F.);
#546 = EDGE_CURVE('',#547,#523,#549,.T.);
#547 = VERTEX_POINT('',#548);
#548 = CARTESIAN_POINT('',(27.493764,-32.3,-12.0));
#549 = SURFACE_CURVE('',#550,(#554,#561),.PCURVE_S1.);
#550 = LINE('',#551,#552);
#551 = CARTESIAN_POINT('',(27.493764,-32.3,-12.0));
#552 = VECTOR('',#553,1.);
#553 = DIRECTION('',(0.,1.,-0.));
#554 = PCURVE('',#503,#555);
#555 = DEFINITIONAL_REPRESENTATION('',(#556),#560);
#556 = LINE('',#557,#558);
#557 = CARTESIAN_POINT('',(32.3,0.));
#558 = VECTOR('',#559,1.);
#559 = DIRECTION('',(-1.,0.));
#560 = ( GEOMETRIC_REPRESENTATION_CONTEXT(2) 
PARAMETRIC_REPRESENTATION_CONTEXT() REPRESENTATION_CONTEXT('2D SPACE',''
  ) );
#561 = PCURVE('',#476,#562);
#562 = DEFINITIONAL_REPRESENTATION('',(#563),#567);
#563 = LINE('',#564,#565);
#564 = CARTESIAN_POINT('',(-20.45,-18.1));
#565 = VECTOR('',#566,1.);
#566 = DIRECTION('',(0.,1.));
#567 = ( GEOMETRIC_REPRESENTATION_CONTEXT(2) 
PARAMETRIC_REPRESENTATION_CONTEXT() REPRESENTATION_CONTEXT('2D SPACE',''
  ) );
#568 = ORIENTED_EDGE('',*,*,#569,.F.);
#569 = EDGE_CURVE('',#570,#547,#572,.T.);
#570 = VERTEX_POINT('',#571);
#571 = CARTESIAN_POINT('',(27.493764,-32.3,-11.0));
#572 = SURFACE_CURVE('',#573,(#577,#584),.PCURVE_S1.);
#573 = LINE('',#574,#575);
#574 = CARTESIAN_POINT('',(27.493764,-32.3,-11.0));
#575 = VECTOR('',#576,1.);
#576 = DIRECTION('',(-0.,0.,-1.));
#577 = PCURVE('',#503,#578);
#578 = DEFINITIONAL_REPRESENTATION('',(#579),#583);
#579 = LINE('',#580,#581);
#580 = CARTESIAN_POINT('',(32.3,1.));
#581 = VECTOR('',#582,1.);
#582 = DIRECTION('',(-0.,-1.));
#583 = ( GEOMETRIC_REPRESENTATION_CONTEXT(2) 
PARAMETRIC_REPRESENTATION_CONTEXT() REPRESENTATION_CONTEXT('2D SPACE',''
  ) );
#584 = PCURVE('',#585,#590);
#585 = PLANE('',#586);
#586 = AXIS2_PLACEMENT_3D('',#587,#588,#589);
#587 = CARTESIAN_POINT('',(27.493764,-32.3,-11.5));
#588 = DIRECTION('',(0.,1.,-0.));
#589 = DIRECTION('',(1.,-0.,0.));
#590 = DEFINITIONAL_REPRESENTATION('',(#591),#595);
#591 = LINE('',#592,#593);
#592 = CARTESIAN_POINT('',(0.,-0.5));
#593 = VECTOR('',#594,1.);
#594 = DIRECTION('',(-0.,1.));
#595 = ( GEOMETRIC_REPRESENTATION_CONTEXT(2) 
PARAMETRIC_REPRESENTATION_CONTEXT() REPRESENTATION_CONTEXT('2D SPACE',''
  ) );
#596 = ORIENTED_EDGE('',*,*,#597,.T.);
#597 = EDGE_CURVE('',#570,#598,#600,.T.);
#598 = VERTEX_POINT('',#599);
#599 = CARTESIAN_POINT('',(27.493764,-30.3,-9.0));
#600 = SURFACE_CURVE('',#601,(#606,#613),.PCURVE_S1.);
#601 = CIRCLE('',#602,2.);
#602 = AXIS2_PLACEMENT_3D('',#603,#604,#605);
#603 = CARTESIAN_POINT('',(27.493764,-30.3,-11.0));
#604 = DIRECTION('',(-1.,0.,0.));
#605 = DIRECTION('',(0.,1.,-0.));
#606 = PCURVE('',#503,#607);
#607 = DEFINITIONAL_REPRESENTATION('',(#608),#612);
#608 = CIRCLE('',#609,2.);
#609 = AXIS2_PLACEMENT_2D('',#610,#611);
#610 = CARTESIAN_POINT('',(30.3,1.));
#611 = DIRECTION('',(-1.,0.));
#612 = ( GEOMETRIC_REPRESENTATION_CONTEXT(2) 
PARAMETRIC_REPRESENTATION_CONTEXT() REPRESENTATION_CONTEXT('2D SPACE',''
  ) );
#613 = PCURVE('',#614,#619);
#614 = CYLINDRICAL_SURFACE('',#615,2.);
#615 = AXIS2_PLACEMENT_3D('',#616,#617,#618);
#616 = CARTESIAN_POINT('',(27.493764,-30.3,-11.0));
#617 = DIRECTION('',(-1.,0.,0.));
#618 = DIRECTION('',(0.,1.,-0.));
#619 = DEFINITIONAL_REPRESENTATION('',(#620),#624);
#620 = LINE('',#621,#622);
#621 = CARTESIAN_POINT('',(0.,0.));
#622 = VECTOR('',#623,1.);
#623 = DIRECTION('',(1.,0.));
#624 = ( GEOMETRIC_REPRESENTATION_CONTEXT(2) 
PARAMETRIC_REPRESENTATION_CONTEXT() REPRESENTATION_CONTEXT('2D SPACE',''
  ) );
#625 = ORIENTED_EDGE('',*,*,#626,.F.);
#626 = EDGE_CURVE('',#494,#598,#627,.T.);
#627 = SURFACE_CURVE('',#628,(#632,#639),.PCURVE_S1.);
#628 = LINE('',#629,#630);
#629 = CARTESIAN_POINT('',(27.493764,-28.7,-9.0));
#630 = VECTOR('',#631,1.);
#631 = DIRECTION('',(-0.,-1.,0.));
#632 = PCURVE('',#503,#633);
#633 = DEFINITIONAL_REPRESENTATION('',(#634),#638);
#634 = LINE('',#635,#636);
#635 = CARTESIAN_POINT('',(28.7,3.));
#636 = VECTOR('',#637,1.);
#637 = DIRECTION('',(1.,0.));
#638 = ( GEOMETRIC_REPRESENTATION_CONTEXT(2) 
PARAMETRIC_REPRESENTATION_CONTEXT() REPRESENTATION_CONTEXT('2D SPACE',''
  ) );
#639 = PCURVE('',#640,#645);
#640 = PLANE('',#641);
#641 = AXIS2_PLACEMENT_3D('',#642,#643,#644);
#642 = CARTESIAN_POINT('',(-1.200000,-14.2,-9.0));
#643 = DIRECTION('',(0.,0.,1.));
#644 = DIRECTION('',(1.,0.,-0.));
#645 = DEFINITIONAL_REPRESENTATION('',(#646),#650);
#646 = LINE('',#647,#648);
#647 = CARTESIAN_POINT('',(20.45,-14.5));
#648 = VECTOR('',#649,1.);
#649 = DIRECTION('',(-0.,-1.));
#650 = ( GEOMETRIC_REPRESENTATION_CONTEXT(2) 
PARAMETRIC_REPRESENTATION_CONTEXT() REPRESENTATION_CONTEXT('2D SPACE',''
  ) );
#651 = ADVANCED_FACE('',(#652),#667,.T.);
#652 = FACE_BOUND('',#653,.T.);
#653 = EDGE_LOOP('',(#654,#685,#709,#732,#760,#789));
#654 = ORIENTED_EDGE('',*,*,#655,.F.);
#655 = EDGE_CURVE('',#656,#658,#660,.T.);
#656 = VERTEX_POINT('',#657);
#657 = CARTESIAN_POINT('',(27.493764,-20.2,-11.5));
#658 = VERTEX_POINT('',#659);
#659 = CARTESIAN_POINT('',(27.493764,-17.7,-9.0));
#660 = SURFACE_CURVE('',#661,(#666,#678),.PCURVE_S1.);
#661 = CIRCLE('',#662,2.5);
#662 = AXIS2_PLACEMENT_3D('',#663,#664,#665);
#663 = CARTESIAN_POINT('',(27.493764,-17.7,-11.5));
#664 = DIRECTION('',(-1.,0.,0.));
#665 = DIRECTION('',(0.,1.,-0.));
#666 = PCURVE('',#667,#672);
#667 = PLANE('',#668);
#668 = AXIS2_PLACEMENT_3D('',#669,#670,#671);
#669 = CARTESIAN_POINT('',(27.493764,-0.0,-12.0));
#670 = DIRECTION('',(-1.,0.,0.));
#671 = DIRECTION('',(-0.,-1.,0.));
#672 = DEFINITIONAL_REPRESENTATION('',(#673),#677);
#673 = CIRCLE('',#674,2.5);
#674 = AXIS2_PLACEMENT_2D('',#675,#676);
#675 = CARTESIAN_POINT('',(17.7,0.5));
#676 = DIRECTION('',(-1.,0.));
#677 = ( GEOMETRIC_REPRESENTATION_CONTEXT(2) 
PARAMETRIC_REPRESENTATION_CONTEXT() REPRESENTATION_CONTEXT('2D SPACE',''
  ) );
#678 = PCURVE('',#160,#679);
#679 = DEFINITIONAL_REPRESENTATION('',(#680),#684);
#680 = LINE('',#681,#682);
#681 = CARTESIAN_POINT('',(9.424777960769,2.6));
#682 = VECTOR('',#683,1.);
#683 = DIRECTION('',(-1.,0.));
#684 = ( GEOMETRIC_REPRESENTATION_CONTEXT(2) 
PARAMETRIC_REPRESENTATION_CONTEXT() REPRESENTATION_CONTEXT('2D SPACE',''
  ) );
#685 = ORIENTED_EDGE('',*,*,#686,.F.);
#686 = EDGE_CURVE('',#687,#656,#689,.T.);
#687 = VERTEX_POINT('',#688);
#688 = CARTESIAN_POINT('',(27.493764,-20.149489743,-12.0));
#689 = SURFACE_CURVE('',#690,(#695,#702),.PCURVE_S1.);
#690 = CIRCLE('',#691,2.5);
#691 = AXIS2_PLACEMENT_3D('',#692,#693,#694);
#692 = CARTESIAN_POINT('',(27.493764,-17.7,-11.5));
#693 = DIRECTION('',(-1.,0.,0.));
#694 = DIRECTION('',(0.,1.,-0.));
#695 = PCURVE('',#667,#696);
#696 = DEFINITIONAL_REPRESENTATION('',(#697),#701);
#697 = CIRCLE('',#698,2.5);
#698 = AXIS2_PLACEMENT_2D('',#699,#700);
#699 = CARTESIAN_POINT('',(17.7,0.5));
#700 = DIRECTION('',(-1.,0.));
#701 = ( GEOMETRIC_REPRESENTATION_CONTEXT(2) 
PARAMETRIC_REPRESENTATION_CONTEXT() REPRESENTATION_CONTEXT('2D SPACE',''
  ) );
#702 = PCURVE('',#131,#703);
#703 = DEFINITIONAL_REPRESENTATION('',(#704),#708);
#704 = LINE('',#705,#706);
#705 = CARTESIAN_POINT('',(3.14159265359,2.6));
#706 = VECTOR('',#707,1.);
#707 = DIRECTION('',(-1.,0.));
#708 = ( GEOMETRIC_REPRESENTATION_CONTEXT(2) 
PARAMETRIC_REPRESENTATION_CONTEXT() REPRESENTATION_CONTEXT('2D SPACE',''
  ) );
#709 = ORIENTED_EDGE('',*,*,#710,.F.);
#710 = EDGE_CURVE('',#711,#687,#713,.T.);
#711 = VERTEX_POINT('',#712);
#712 = CARTESIAN_POINT('',(27.493764,-21.3,-12.0));
#713 = SURFACE_CURVE('',#714,(#718,#725),.PCURVE_S1.);
#714 = LINE('',#715,#716);
#715 = CARTESIAN_POINT('',(27.493764,-21.3,-12.0));
#716 = VECTOR('',#717,1.);
#717 = DIRECTION('',(0.,1.,-0.));
#718 = PCURVE('',#667,#719);
#719 = DEFINITIONAL_REPRESENTATION('',(#720),#724);
#720 = LINE('',#721,#722);
#721 = CARTESIAN_POINT('',(21.3,0.));
#722 = VECTOR('',#723,1.);
#723 = DIRECTION('',(-1.,0.));
#724 = ( GEOMETRIC_REPRESENTATION_CONTEXT(2) 
PARAMETRIC_REPRESENTATION_CONTEXT() REPRESENTATION_CONTEXT('2D SPACE',''
  ) );
#725 = PCURVE('',#102,#726);
#726 = DEFINITIONAL_REPRESENTATION('',(#727),#731);
#727 = LINE('',#728,#729);
#728 = CARTESIAN_POINT('',(-20.45,-7.1));
#729 = VECTOR('',#730,1.);
#730 = DIRECTION('',(0.,1.));
#731 = ( GEOMETRIC_REPRESENTATION_CONTEXT(2) 
PARAMETRIC_REPRESENTATION_CONTEXT() REPRESENTATION_CONTEXT('2D SPACE',''
  ) );
#732 = ORIENTED_EDGE('',*,*,#733,.F.);
#733 = EDGE_CURVE('',#734,#711,#736,.T.);
#734 = VERTEX_POINT('',#735);
#735 = CARTESIAN_POINT('',(27.493764,-21.3,-11.0));
#736 = SURFACE_CURVE('',#737,(#741,#748),.PCURVE_S1.);
#737 = LINE('',#738,#739);
#738 = CARTESIAN_POINT('',(27.493764,-21.3,-11.0));
#739 = VECTOR('',#740,1.);
#740 = DIRECTION('',(-0.,0.,-1.));
#741 = PCURVE('',#667,#742);
#742 = DEFINITIONAL_REPRESENTATION('',(#743),#747);
#743 = LINE('',#744,#745);
#744 = CARTESIAN_POINT('',(21.3,1.));
#745 = VECTOR('',#746,1.);
#746 = DIRECTION('',(-0.,-1.));
#747 = ( GEOMETRIC_REPRESENTATION_CONTEXT(2) 
PARAMETRIC_REPRESENTATION_CONTEXT() REPRESENTATION_CONTEXT('2D SPACE',''
  ) );
#748 = PCURVE('',#749,#754);
#749 = PLANE('',#750);
#750 = AXIS2_PLACEMENT_3D('',#751,#752,#753);
#751 = CARTESIAN_POINT('',(27.493764,-21.3,-11.5));
#752 = DIRECTION('',(0.,1.,-0.));
#753 = DIRECTION('',(1.,-0.,0.));
#754 = DEFINITIONAL_REPRESENTATION('',(#755),#759);
#755 = LINE('',#756,#757);
#756 = CARTESIAN_POINT('',(0.,-0.5));
#757 = VECTOR('',#758,1.);
#758 = DIRECTION('',(-0.,1.));
#759 = ( GEOMETRIC_REPRESENTATION_CONTEXT(2) 
PARAMETRIC_REPRESENTATION_CONTEXT() REPRESENTATION_CONTEXT('2D SPACE',''
  ) );
#760 = ORIENTED_EDGE('',*,*,#761,.T.);
#761 = EDGE_CURVE('',#734,#762,#764,.T.);
#762 = VERTEX_POINT('',#763);
#763 = CARTESIAN_POINT('',(27.493764,-19.3,-9.0));
#764 = SURFACE_CURVE('',#765,(#770,#777),.PCURVE_S1.);
#765 = CIRCLE('',#766,2.);
#766 = AXIS2_PLACEMENT_3D('',#767,#768,#769);
#767 = CARTESIAN_POINT('',(27.493764,-19.3,-11.0));
#768 = DIRECTION('',(-1.,0.,0.));
#769 = DIRECTION('',(0.,1.,-0.));
#770 = PCURVE('',#667,#771);
#771 = DEFINITIONAL_REPRESENTATION('',(#772),#776);
#772 = CIRCLE('',#773,2.);
#773 = AXIS2_PLACEMENT_2D('',#774,#775);
#774 = CARTESIAN_POINT('',(19.3,1.));
#775 = DIRECTION('',(-1.,0.));
#776 = ( GEOMETRIC_REPRESENTATION_CONTEXT(2) 
PARAMETRIC_REPRESENTATION_CONTEXT() REPRESENTATION_CONTEXT('2D SPACE',''
  ) );
#777 = PCURVE('',#778,#783);
#778 = CYLINDRICAL_SURFACE('',#779,2.);
#779 = AXIS2_PLACEMENT_3D('',#780,#781,#782);
#780 = CARTESIAN_POINT('',(27.493764,-19.3,-11.0));
#781 = DIRECTION('',(-1.,0.,0.));
#782 = DIRECTION('',(0.,1.,-0.));
#783 = DEFINITIONAL_REPRESENTATION('',(#784),#788);
#784 = LINE('',#785,#786);
#785 = CARTESIAN_POINT('',(0.,0.));
#786 = VECTOR('',#787,1.);
#787 = DIRECTION('',(1.,0.));
#788 = ( GEOMETRIC_REPRESENTATION_CONTEXT(2) 
PARAMETRIC_REPRESENTATION_CONTEXT() REPRESENTATION_CONTEXT('2D SPACE',''
  ) );
#789 = ORIENTED_EDGE('',*,*,#790,.F.);
#790 = EDGE_CURVE('',#658,#762,#791,.T.);
#791 = SURFACE_CURVE('',#792,(#796,#803),.PCURVE_S1.);
#792 = LINE('',#793,#794);
#793 = CARTESIAN_POINT('',(27.493764,-17.7,-9.0));
#794 = VECTOR('',#795,1.);
#795 = DIRECTION('',(-0.,-1.,0.));
#796 = PCURVE('',#667,#797);
#797 = DEFINITIONAL_REPRESENTATION('',(#798),#802);
#798 = LINE('',#799,#800);
#799 = CARTESIAN_POINT('',(17.7,3.));
#800 = VECTOR('',#801,1.);
#801 = DIRECTION('',(1.,0.));
#802 = ( GEOMETRIC_REPRESENTATION_CONTEXT(2) 
PARAMETRIC_REPRESENTATION_CONTEXT() REPRESENTATION_CONTEXT('2D SPACE',''
  ) );
#803 = PCURVE('',#640,#804);
#804 = DEFINITIONAL_REPRESENTATION('',(#805),#809);
#805 = LINE('',#806,#807);
#806 = CARTESIAN_POINT('',(20.45,-3.5));
#807 = VECTOR('',#808,1.);
#808 = DIRECTION('',(-0.,-1.));
#809 = ( GEOMETRIC_REPRESENTATION_CONTEXT(2) 
PARAMETRIC_REPRESENTATION_CONTEXT() REPRESENTATION_CONTEXT('2D SPACE',''
  ) );
#810 = ADVANCED_FACE('',(#811),#826,.F.);
#811 = FACE_BOUND('',#812,.T.);
#812 = EDGE_LOOP('',(#813,#853,#876,#904,#927,#950,#974,#997,#1021,#1044
    ,#1067));
#813 = ORIENTED_EDGE('',*,*,#814,.F.);
#814 = EDGE_CURVE('',#815,#817,#819,.T.);
#815 = VERTEX_POINT('',#816);
#816 = CARTESIAN_POINT('',(23.284410,-16.1,-9.0));
#817 = VERTEX_POINT('',#818);
#818 = CARTESIAN_POINT('',(23.284410,-14.1,-11.0));
#819 = SURFACE_CURVE('',#820,(#825,#841),.PCURVE_S1.);
#820 = CIRCLE('',#821,2.);
#821 = AXIS2_PLACEMENT_3D('',#822,#823,#824);
#822 = CARTESIAN_POINT('',(23.284410,-16.1,-11.0));
#823 = DIRECTION('',(-1.,0.,0.));
#824 = DIRECTION('',(0.,1.,-0.));
#825 = PCURVE('',#826,#831);
#826 = PLANE('',#827);
#827 = AXIS2_PLACEMENT_3D('',#828,#829,#830);
#828 = CARTESIAN_POINT('',(23.284410,-15.2,-12.0));
#829 = DIRECTION('',(1.,-0.,-0.));
#830 = DIRECTION('',(-0.,-0.,-1.));
#831 = DEFINITIONAL_REPRESENTATION('',(#832),#840);
#832 = ( BOUNDED_CURVE() B_SPLINE_CURVE(2,(#833,#834,#835,#836,#837,#838
,#839),.UNSPECIFIED.,.T.,.F.) B_SPLINE_CURVE_WITH_KNOTS((1,2,2,2,2,1),(
    -2.094395102393,0.,2.094395102393,4.188790204786,6.28318530718,
8.377580409573),.UNSPECIFIED.) CURVE() GEOMETRIC_REPRESENTATION_ITEM() 
RATIONAL_B_SPLINE_CURVE((1.,0.5,1.,0.5,1.,0.5,1.)) REPRESENTATION_ITEM(
  '') );
#833 = CARTESIAN_POINT('',(-1.,1.1));
#834 = CARTESIAN_POINT('',(2.464101615138,1.1));
#835 = CARTESIAN_POINT('',(0.732050807569,-1.9));
#836 = CARTESIAN_POINT('',(-1.,-4.9));
#837 = CARTESIAN_POINT('',(-2.732050807569,-1.9));
#838 = CARTESIAN_POINT('',(-4.464101615138,1.1));
#839 = CARTESIAN_POINT('',(-1.,1.1));
#840 = ( GEOMETRIC_REPRESENTATION_CONTEXT(2) 
PARAMETRIC_REPRESENTATION_CONTEXT() REPRESENTATION_CONTEXT('2D SPACE',''
  ) );
#841 = PCURVE('',#842,#847);
#842 = CYLINDRICAL_SURFACE('',#843,2.);
#843 = AXIS2_PLACEMENT_3D('',#844,#845,#846);
#844 = CARTESIAN_POINT('',(27.493764,-16.1,-11.0));
#845 = DIRECTION('',(-1.,0.,0.));
#846 = DIRECTION('',(0.,1.,-0.));
#847 = DEFINITIONAL_REPRESENTATION('',(#848),#852);
#848 = LINE('',#849,#850);
#849 = CARTESIAN_POINT('',(0.,3.));
#850 = VECTOR('',#851,1.);
#851 = DIRECTION('',(1.,0.));
#852 = ( GEOMETRIC_REPRESENTATION_CONTEXT(2) 
PARAMETRIC_REPRESENTATION_CONTEXT() REPRESENTATION_CONTEXT('2D SPACE',''
  ) );
#853 = ORIENTED_EDGE('',*,*,#854,.T.);
#854 = EDGE_CURVE('',#815,#855,#857,.T.);
#855 = VERTEX_POINT('',#856);
#856 = CARTESIAN_POINT('',(23.284410,9.9,-9.0));
#857 = SURFACE_CURVE('',#858,(#862,#869),.PCURVE_S1.);
#858 = LINE('',#859,#860);
#859 = CARTESIAN_POINT('',(23.284410,-16.1,-9.0));
#860 = VECTOR('',#861,1.);
#861 = DIRECTION('',(0.,1.,0.));
#862 = PCURVE('',#826,#863);
#863 = DEFINITIONAL_REPRESENTATION('',(#864),#868);
#864 = LINE('',#865,#866);
#865 = CARTESIAN_POINT('',(-3.,-0.9));
#866 = VECTOR('',#867,1.);
#867 = DIRECTION('',(-0.,1.));
#868 = ( GEOMETRIC_REPRESENTATION_CONTEXT(2) 
PARAMETRIC_REPRESENTATION_CONTEXT() REPRESENTATION_CONTEXT('2D SPACE',''
  ) );
#869 = PCURVE('',#640,#870);
#870 = DEFINITIONAL_REPRESENTATION('',(#871),#875);
#871 = LINE('',#872,#873);
#872 = CARTESIAN_POINT('',(17.45,-1.9));
#873 = VECTOR('',#874,1.);
#874 = DIRECTION('',(0.,1.));
#875 = ( GEOMETRIC_REPRESENTATION_CONTEXT(2) 
PARAMETRIC_REPRESENTATION_CONTEXT() REPRESENTATION_CONTEXT('2D SPACE',''
  ) );
#876 = ORIENTED_EDGE('',*,*,#877,.F.);
#877 = EDGE_CURVE('',#878,#855,#880,.T.);
#878 = VERTEX_POINT('',#879);
#879 = CARTESIAN_POINT('',(23.284410,9.9,-12.0));
#880 = SURFACE_CURVE('',#881,(#885,#892),.PCURVE_S1.);
#881 = LINE('',#882,#883);
#882 = CARTESIAN_POINT('',(23.284410,9.9,-12.0));
#883 = VECTOR('',#884,1.);
#884 = DIRECTION('',(0.,-0.,1.));
#885 = PCURVE('',#826,#886);
#886 = DEFINITIONAL_REPRESENTATION('',(#887),#891);
#887 = LINE('',#888,#889);
#888 = CARTESIAN_POINT('',(-0.,25.1));
#889 = VECTOR('',#890,1.);
#890 = DIRECTION('',(-1.,0.));
#891 = ( GEOMETRIC_REPRESENTATION_CONTEXT(2) 
PARAMETRIC_REPRESENTATION_CONTEXT() REPRESENTATION_CONTEXT('2D SPACE',''
  ) );
#892 = PCURVE('',#893,#898);
#893 = PLANE('',#894);
#894 = AXIS2_PLACEMENT_3D('',#895,#896,#897);
#895 = CARTESIAN_POINT('',(-1.200000,9.9,-12.0));
#896 = DIRECTION('',(0.,1.,0.));
#897 = DIRECTION('',(-0.,0.,-1.));
#898 = DEFINITIONAL_REPRESENTATION('',(#899),#903);
#899 = LINE('',#900,#901);
#900 = CARTESIAN_POINT('',(0.,-17.45));
#901 = VECTOR('',#902,1.);
#902 = DIRECTION('',(-1.,0.));
#903 = ( GEOMETRIC_REPRESENTATION_CONTEXT(2) 
PARAMETRIC_REPRESENTATION_CONTEXT() REPRESENTATION_CONTEXT('2D SPACE',''
  ) );
#904 = ORIENTED_EDGE('',*,*,#905,.F.);
#905 = EDGE_CURVE('',#906,#878,#908,.T.);
#906 = VERTEX_POINT('',#907);
#907 = CARTESIAN_POINT('',(23.284410,2.9,-12.0));
#908 = SURFACE_CURVE('',#909,(#913,#920),.PCURVE_S1.);
#909 = LINE('',#910,#911);
#910 = CARTESIAN_POINT('',(23.284410,2.9,-12.0));
#911 = VECTOR('',#912,1.);
#912 = DIRECTION('',(0.,1.,0.));
#913 = PCURVE('',#826,#914);
#914 = DEFINITIONAL_REPRESENTATION('',(#915),#919);
#915 = LINE('',#916,#917);
#916 = CARTESIAN_POINT('',(-0.,18.1));
#917 = VECTOR('',#918,1.);
#918 = DIRECTION('',(-0.,1.));
#919 = ( GEOMETRIC_REPRESENTATION_CONTEXT(2) 
PARAMETRIC_REPRESENTATION_CONTEXT() REPRESENTATION_CONTEXT('2D SPACE',''
  ) );
#920 = PCURVE('',#366,#921);
#921 = DEFINITIONAL_REPRESENTATION('',(#922),#926);
#922 = LINE('',#923,#924);
#923 = CARTESIAN_POINT('',(-17.45,17.1));
#924 = VECTOR('',#925,1.);
#925 = DIRECTION('',(0.,1.));
#926 = ( GEOMETRIC_REPRESENTATION_CONTEXT(2) 
PARAMETRIC_REPRESENTATION_CONTEXT() REPRESENTATION_CONTEXT('2D SPACE',''
  ) );
#927 = ORIENTED_EDGE('',*,*,#928,.T.);
#928 = EDGE_CURVE('',#906,#929,#931,.T.);
#929 = VERTEX_POINT('',#930);
#930 = CARTESIAN_POINT('',(23.284410,2.9,-11.0));
#931 = SURFACE_CURVE('',#932,(#936,#943),.PCURVE_S1.);
#932 = LINE('',#933,#934);
#933 = CARTESIAN_POINT('',(23.284410,2.9,-12.0));
#934 = VECTOR('',#935,1.);
#935 = DIRECTION('',(0.,0.,1.));
#936 = PCURVE('',#826,#937);
#937 = DEFINITIONAL_REPRESENTATION('',(#938),#942);
#938 = LINE('',#939,#940);
#939 = CARTESIAN_POINT('',(-0.,18.1));
#940 = VECTOR('',#941,1.);
#941 = DIRECTION('',(-1.,0.));
#942 = ( GEOMETRIC_REPRESENTATION_CONTEXT(2) 
PARAMETRIC_REPRESENTATION_CONTEXT() REPRESENTATION_CONTEXT('2D SPACE',''
  ) );
#943 = PCURVE('',#338,#944);
#944 = DEFINITIONAL_REPRESENTATION('',(#945),#949);
#945 = LINE('',#946,#947);
#946 = CARTESIAN_POINT('',(0.,0.));
#947 = VECTOR('',#948,1.);
#948 = DIRECTION('',(0.,-1.));
#949 = ( GEOMETRIC_REPRESENTATION_CONTEXT(2) 
PARAMETRIC_REPRESENTATION_CONTEXT() REPRESENTATION_CONTEXT('2D SPACE',''
  ) );
#950 = ORIENTED_EDGE('',*,*,#951,.T.);
#951 = EDGE_CURVE('',#929,#952,#954,.T.);
#952 = VERTEX_POINT('',#953);
#953 = CARTESIAN_POINT('',(23.284410,1.9,-10.0));
#954 = SURFACE_CURVE('',#955,(#960,#967),.PCURVE_S1.);
#955 = CIRCLE('',#956,1.);
#956 = AXIS2_PLACEMENT_3D('',#957,#958,#959);
#957 = CARTESIAN_POINT('',(23.284410,1.9,-11.0));
#958 = DIRECTION('',(1.,-0.,0.));
#959 = DIRECTION('',(-0.,-0.,-1.));
#960 = PCURVE('',#826,#961);
#961 = DEFINITIONAL_REPRESENTATION('',(#962),#966);
#962 = CIRCLE('',#963,1.);
#963 = AXIS2_PLACEMENT_2D('',#964,#965);
#964 = CARTESIAN_POINT('',(-1.,17.1));
#965 = DIRECTION('',(1.,0.));
#966 = ( GEOMETRIC_REPRESENTATION_CONTEXT(2) 
PARAMETRIC_REPRESENTATION_CONTEXT() REPRESENTATION_CONTEXT('2D SPACE',''
  ) );
#967 = PCURVE('',#310,#968);
#968 = DEFINITIONAL_REPRESENTATION('',(#969),#973);
#969 = LINE('',#970,#971);
#970 = CARTESIAN_POINT('',(0.,17.45));
#971 = VECTOR('',#972,1.);
#972 = DIRECTION('',(1.,0.));
#973 = ( GEOMETRIC_REPRESENTATION_CONTEXT(2) 
PARAMETRIC_REPRESENTATION_CONTEXT() REPRESENTATION_CONTEXT('2D SPACE',''
  ) );
#974 = ORIENTED_EDGE('',*,*,#975,.T.);
#975 = EDGE_CURVE('',#952,#976,#978,.T.);
#976 = VERTEX_POINT('',#977);
#977 = CARTESIAN_POINT('',(23.284410,-10.3,-10.0));
#978 = SURFACE_CURVE('',#979,(#983,#990),.PCURVE_S1.);
#979 = LINE('',#980,#981);
#980 = CARTESIAN_POINT('',(23.284410,1.9,-10.0));
#981 = VECTOR('',#982,1.);
#982 = DIRECTION('',(-0.,-1.,-0.));
#983 = PCURVE('',#826,#984);
#984 = DEFINITIONAL_REPRESENTATION('',(#985),#989);
#985 = LINE('',#986,#987);
#986 = CARTESIAN_POINT('',(-2.,17.1));
#987 = VECTOR('',#988,1.);
#988 = DIRECTION('',(0.,-1.));
#989 = ( GEOMETRIC_REPRESENTATION_CONTEXT(2) 
PARAMETRIC_REPRESENTATION_CONTEXT() REPRESENTATION_CONTEXT('2D SPACE',''
  ) );
#990 = PCURVE('',#277,#991);
#991 = DEFINITIONAL_REPRESENTATION('',(#992),#996);
#992 = LINE('',#993,#994);
#993 = CARTESIAN_POINT('',(-17.45,16.1));
#994 = VECTOR('',#995,1.);
#995 = DIRECTION('',(0.,-1.));
#996 = ( GEOMETRIC_REPRESENTATION_CONTEXT(2) 
PARAMETRIC_REPRESENTATION_CONTEXT() REPRESENTATION_CONTEXT('2D SPACE',''
  ) );
#997 = ORIENTED_EDGE('',*,*,#998,.T.);
#998 = EDGE_CURVE('',#976,#999,#1001,.T.);
#999 = VERTEX_POINT('',#1000);
#1000 = CARTESIAN_POINT('',(23.284410,-11.3,-11.0));
#1001 = SURFACE_CURVE('',#1002,(#1007,#1014),.PCURVE_S1.);
#1002 = CIRCLE('',#1003,1.);
#1003 = AXIS2_PLACEMENT_3D('',#1004,#1005,#1006);
#1004 = CARTESIAN_POINT('',(23.284410,-10.3,-11.0));
#1005 = DIRECTION('',(1.,-0.,0.));
#1006 = DIRECTION('',(-0.,-0.,-1.));
#1007 = PCURVE('',#826,#1008);
#1008 = DEFINITIONAL_REPRESENTATION('',(#1009),#1013);
#1009 = CIRCLE('',#1010,1.);
#1010 = AXIS2_PLACEMENT_2D('',#1011,#1012);
#1011 = CARTESIAN_POINT('',(-1.,4.9));
#1012 = DIRECTION('',(1.,0.));
#1013 = ( GEOMETRIC_REPRESENTATION_CONTEXT(2) 
PARAMETRIC_REPRESENTATION_CONTEXT() REPRESENTATION_CONTEXT('2D SPACE',''
  ) );
#1014 = PCURVE('',#249,#1015);
#1015 = DEFINITIONAL_REPRESENTATION('',(#1016),#1020);
#1016 = LINE('',#1017,#1018);
#1017 = CARTESIAN_POINT('',(7.853981633974,-17.45));
#1018 = VECTOR('',#1019,1.);
#1019 = DIRECTION('',(-1.,0.));
#1020 = ( GEOMETRIC_REPRESENTATION_CONTEXT(2) 
PARAMETRIC_REPRESENTATION_CONTEXT() REPRESENTATION_CONTEXT('2D SPACE',''
  ) );
#1021 = ORIENTED_EDGE('',*,*,#1022,.T.);
#1022 = EDGE_CURVE('',#999,#1023,#1025,.T.);
#1023 = VERTEX_POINT('',#1024);
#1024 = CARTESIAN_POINT('',(23.284410,-11.3,-12.0));
#1025 = SURFACE_CURVE('',#1026,(#1030,#1037),.PCURVE_S1.);
#1026 = LINE('',#1027,#1028);
#1027 = CARTESIAN_POINT('',(23.284410,-11.3,-11.0));
#1028 = VECTOR('',#1029,1.);
#1029 = DIRECTION('',(-0.,-0.,-1.));
#1030 = PCURVE('',#826,#1031);
#1031 = DEFINITIONAL_REPRESENTATION('',(#1032),#1036);
#1032 = LINE('',#1033,#1034);
#1033 = CARTESIAN_POINT('',(-1.,3.9));
#1034 = VECTOR('',#1035,1.);
#1035 = DIRECTION('',(1.,0.));
#1036 = ( GEOMETRIC_REPRESENTATION_CONTEXT(2) 
PARAMETRIC_REPRESENTATION_CONTEXT() REPRESENTATION_CONTEXT('2D SPACE',''
  ) );
#1037 = PCURVE('',#216,#1038);
#1038 = DEFINITIONAL_REPRESENTATION('',(#1039),#1043);
#1039 = LINE('',#1040,#1041);
#1040 = CARTESIAN_POINT('',(1.3,2.));
#1041 = VECTOR('',#1042,1.);
#1042 = DIRECTION('',(0.,1.));
#1043 = ( GEOMETRIC_REPRESENTATION_CONTEXT(2) 
PARAMETRIC_REPRESENTATION_CONTEXT() REPRESENTATION_CONTEXT('2D SPACE',''
  ) );
#1044 = ORIENTED_EDGE('',*,*,#1045,.F.);
#1045 = EDGE_CURVE('',#1046,#1023,#1048,.T.);
#1046 = VERTEX_POINT('',#1047);
#1047 = CARTESIAN_POINT('',(23.284410,-14.1,-12.0));
#1048 = SURFACE_CURVE('',#1049,(#1053,#1060),.PCURVE_S1.);
#1049 = LINE('',#1050,#1051);
#1050 = CARTESIAN_POINT('',(23.284410,-14.1,-12.0));
#1051 = VECTOR('',#1052,1.);
#1052 = DIRECTION('',(0.,1.,0.));
#1053 = PCURVE('',#826,#1054);
#1054 = DEFINITIONAL_REPRESENTATION('',(#1055),#1059);
#1055 = LINE('',#1056,#1057);
#1056 = CARTESIAN_POINT('',(-0.,1.1));
#1057 = VECTOR('',#1058,1.);
#1058 = DIRECTION('',(-0.,1.));
#1059 = ( GEOMETRIC_REPRESENTATION_CONTEXT(2) 
PARAMETRIC_REPRESENTATION_CONTEXT() REPRESENTATION_CONTEXT('2D SPACE',''
  ) );
#1060 = PCURVE('',#188,#1061);
#1061 = DEFINITIONAL_REPRESENTATION('',(#1062),#1066);
#1062 = LINE('',#1063,#1064);
#1063 = CARTESIAN_POINT('',(-17.45,1.E-01));
#1064 = VECTOR('',#1065,1.);
#1065 = DIRECTION('',(0.,1.));
#1066 = ( GEOMETRIC_REPRESENTATION_CONTEXT(2) 
PARAMETRIC_REPRESENTATION_CONTEXT() REPRESENTATION_CONTEXT('2D SPACE',''
  ) );
#1067 = ORIENTED_EDGE('',*,*,#1068,.F.);
#1068 = EDGE_CURVE('',#817,#1046,#1069,.T.);
#1069 = SURFACE_CURVE('',#1070,(#1074,#1081),.PCURVE_S1.);
#1070 = LINE('',#1071,#1072);
#1071 = CARTESIAN_POINT('',(23.284410,-14.1,-11.0));
#1072 = VECTOR('',#1073,1.);
#1073 = DIRECTION('',(-0.,0.,-1.));
#1074 = PCURVE('',#826,#1075);
#1075 = DEFINITIONAL_REPRESENTATION('',(#1076),#1080);
#1076 = LINE('',#1077,#1078);
#1077 = CARTESIAN_POINT('',(-1.,1.1));
#1078 = VECTOR('',#1079,1.);
#1079 = DIRECTION('',(1.,0.));
#1080 = ( GEOMETRIC_REPRESENTATION_CONTEXT(2) 
PARAMETRIC_REPRESENTATION_CONTEXT() REPRESENTATION_CONTEXT('2D SPACE',''
  ) );
#1081 = PCURVE('',#1082,#1087);
#1082 = PLANE('',#1083);
#1083 = AXIS2_PLACEMENT_3D('',#1084,#1085,#1086);
#1084 = CARTESIAN_POINT('',(27.493764,-14.1,-11.5));
#1085 = DIRECTION('',(0.,1.,-0.));
#1086 = DIRECTION('',(1.,-0.,0.));
#1087 = DEFINITIONAL_REPRESENTATION('',(#1088),#1092);
#1088 = LINE('',#1089,#1090);
#1089 = CARTESIAN_POINT('',(-3.,-0.5));
#1090 = VECTOR('',#1091,1.);
#1091 = DIRECTION('',(-0.,1.));
#1092 = ( GEOMETRIC_REPRESENTATION_CONTEXT(2) 
PARAMETRIC_REPRESENTATION_CONTEXT() REPRESENTATION_CONTEXT('2D SPACE',''
  ) );
#1093 = ADVANCED_FACE('',(#1094),#102,.T.);
#1094 = FACE_BOUND('',#1095,.T.);
#1095 = EDGE_LOOP('',(#1096,#1126,#1147,#1148,#1169,#1170,#1193,#1221));
#1096 = ORIENTED_EDGE('',*,*,#1097,.T.);
#1097 = EDGE_CURVE('',#1098,#1100,#1102,.T.);
#1098 = VERTEX_POINT('',#1099);
#1099 = CARTESIAN_POINT('',(23.284410,-25.1,-12.0));
#1100 = VERTEX_POINT('',#1101);
#1101 = CARTESIAN_POINT('',(23.284410,-21.3,-12.0));
#1102 = SURFACE_CURVE('',#1103,(#1107,#1114),.PCURVE_S1.);
#1103 = LINE('',#1104,#1105);
#1104 = CARTESIAN_POINT('',(23.284410,-25.1,-12.0));
#1105 = VECTOR('',#1106,1.);
#1106 = DIRECTION('',(0.,1.,0.));
#1107 = PCURVE('',#102,#1108);
#1108 = DEFINITIONAL_REPRESENTATION('',(#1109),#1113);
#1109 = LINE('',#1110,#1111);
#1110 = CARTESIAN_POINT('',(-17.45,-10.9));
#1111 = VECTOR('',#1112,1.);
#1112 = DIRECTION('',(0.,1.));
#1113 = ( GEOMETRIC_REPRESENTATION_CONTEXT(2) 
PARAMETRIC_REPRESENTATION_CONTEXT() REPRESENTATION_CONTEXT('2D SPACE',''
  ) );
#1114 = PCURVE('',#1115,#1120);
#1115 = PLANE('',#1116);
#1116 = AXIS2_PLACEMENT_3D('',#1117,#1118,#1119);
#1117 = CARTESIAN_POINT('',(23.284410,-15.2,-12.0));
#1118 = DIRECTION('',(1.,-0.,-0.));
#1119 = DIRECTION('',(-0.,-0.,-1.));
#1120 = DEFINITIONAL_REPRESENTATION('',(#1121),#1125);
#1121 = LINE('',#1122,#1123);
#1122 = CARTESIAN_POINT('',(0.,-9.9));
#1123 = VECTOR('',#1124,1.);
#1124 = DIRECTION('',(-0.,1.));
#1125 = ( GEOMETRIC_REPRESENTATION_CONTEXT(2) 
PARAMETRIC_REPRESENTATION_CONTEXT() REPRESENTATION_CONTEXT('2D SPACE',''
  ) );
#1126 = ORIENTED_EDGE('',*,*,#1127,.F.);
#1127 = EDGE_CURVE('',#711,#1100,#1128,.T.);
#1128 = SURFACE_CURVE('',#1129,(#1133,#1140),.PCURVE_S1.);
#1129 = LINE('',#1130,#1131);
#1130 = CARTESIAN_POINT('',(27.493764,-21.3,-12.0));
#1131 = VECTOR('',#1132,1.);
#1132 = DIRECTION('',(-1.,0.,0.));
#1133 = PCURVE('',#102,#1134);
#1134 = DEFINITIONAL_REPRESENTATION('',(#1135),#1139);
#1135 = LINE('',#1136,#1137);
#1136 = CARTESIAN_POINT('',(-20.45,-7.1));
#1137 = VECTOR('',#1138,1.);
#1138 = DIRECTION('',(1.,0.));
#1139 = ( GEOMETRIC_REPRESENTATION_CONTEXT(2) 
PARAMETRIC_REPRESENTATION_CONTEXT() REPRESENTATION_CONTEXT('2D SPACE',''
  ) );
#1140 = PCURVE('',#749,#1141);
#1141 = DEFINITIONAL_REPRESENTATION('',(#1142),#1146);
#1142 = LINE('',#1143,#1144);
#1143 = CARTESIAN_POINT('',(0.,0.5));
#1144 = VECTOR('',#1145,1.);
#1145 = DIRECTION('',(-1.,-0.));
#1146 = ( GEOMETRIC_REPRESENTATION_CONTEXT(2) 
PARAMETRIC_REPRESENTATION_CONTEXT() REPRESENTATION_CONTEXT('2D SPACE',''
  ) );
#1147 = ORIENTED_EDGE('',*,*,#710,.T.);
#1148 = ORIENTED_EDGE('',*,*,#1149,.F.);
#1149 = EDGE_CURVE('',#87,#687,#1150,.T.);
#1150 = SURFACE_CURVE('',#1151,(#1155,#1162),.PCURVE_S1.);
#1151 = LINE('',#1152,#1153);
#1152 = CARTESIAN_POINT('',(30.300000,-20.149489743,-12.0));
#1153 = VECTOR('',#1154,1.);
#1154 = DIRECTION('',(-1.,0.,0.));
#1155 = PCURVE('',#102,#1156);
#1156 = DEFINITIONAL_REPRESENTATION('',(#1157),#1161);
#1157 = LINE('',#1158,#1159);
#1158 = CARTESIAN_POINT('',(-22.45,-5.949489743));
#1159 = VECTOR('',#1160,1.);
#1160 = DIRECTION('',(1.,0.));
#1161 = ( GEOMETRIC_REPRESENTATION_CONTEXT(2) 
PARAMETRIC_REPRESENTATION_CONTEXT() REPRESENTATION_CONTEXT('2D SPACE',''
  ) );
#1162 = PCURVE('',#131,#1163);
#1163 = DEFINITIONAL_REPRESENTATION('',(#1164),#1168);
#1164 = LINE('',#1165,#1166);
#1165 = CARTESIAN_POINT('',(0.201357920773,4.6));
#1166 = VECTOR('',#1167,1.);
#1167 = DIRECTION('',(0.,-1.));
#1168 = ( GEOMETRIC_REPRESENTATION_CONTEXT(2) 
PARAMETRIC_REPRESENTATION_CONTEXT() REPRESENTATION_CONTEXT('2D SPACE',''
  ) );
#1169 = ORIENTED_EDGE('',*,*,#86,.F.);
#1170 = ORIENTED_EDGE('',*,*,#1171,.F.);
#1171 = EDGE_CURVE('',#1172,#58,#1174,.T.);
#1172 = VERTEX_POINT('',#1173);
#1173 = CARTESIAN_POINT('',(27.493764,-26.250510257,-12.0));
#1174 = SURFACE_CURVE('',#1175,(#1179,#1186),.PCURVE_S1.);
#1175 = LINE('',#1176,#1177);
#1176 = CARTESIAN_POINT('',(27.493764,-26.250510257,-12.0));
#1177 = VECTOR('',#1178,1.);
#1178 = DIRECTION('',(1.,-0.,-0.));
#1179 = PCURVE('',#102,#1180);
#1180 = DEFINITIONAL_REPRESENTATION('',(#1181),#1185);
#1181 = LINE('',#1182,#1183);
#1182 = CARTESIAN_POINT('',(-20.45,-12.050510257));
#1183 = VECTOR('',#1184,1.);
#1184 = DIRECTION('',(-1.,0.));
#1185 = ( GEOMETRIC_REPRESENTATION_CONTEXT(2) 
PARAMETRIC_REPRESENTATION_CONTEXT() REPRESENTATION_CONTEXT('2D SPACE',''
  ) );
#1186 = PCURVE('',#74,#1187);
#1187 = DEFINITIONAL_REPRESENTATION('',(#1188),#1192);
#1188 = LINE('',#1189,#1190);
#1189 = CARTESIAN_POINT('',(2.940234732817,0.6));
#1190 = VECTOR('',#1191,1.);
#1191 = DIRECTION('',(0.,1.));
#1192 = ( GEOMETRIC_REPRESENTATION_CONTEXT(2) 
PARAMETRIC_REPRESENTATION_CONTEXT() REPRESENTATION_CONTEXT('2D SPACE',''
  ) );
#1193 = ORIENTED_EDGE('',*,*,#1194,.T.);
#1194 = EDGE_CURVE('',#1172,#1195,#1197,.T.);
#1195 = VERTEX_POINT('',#1196);
#1196 = CARTESIAN_POINT('',(27.493764,-25.1,-12.0));
#1197 = SURFACE_CURVE('',#1198,(#1202,#1209),.PCURVE_S1.);
#1198 = LINE('',#1199,#1200);
#1199 = CARTESIAN_POINT('',(27.493764,-26.250510257,-12.0));
#1200 = VECTOR('',#1201,1.);
#1201 = DIRECTION('',(0.,1.,-0.));
#1202 = PCURVE('',#102,#1203);
#1203 = DEFINITIONAL_REPRESENTATION('',(#1204),#1208);
#1204 = LINE('',#1205,#1206);
#1205 = CARTESIAN_POINT('',(-20.45,-12.050510257));
#1206 = VECTOR('',#1207,1.);
#1207 = DIRECTION('',(0.,1.));
#1208 = ( GEOMETRIC_REPRESENTATION_CONTEXT(2) 
PARAMETRIC_REPRESENTATION_CONTEXT() REPRESENTATION_CONTEXT('2D SPACE',''
  ) );
#1209 = PCURVE('',#1210,#1215);
#1210 = PLANE('',#1211);
#1211 = AXIS2_PLACEMENT_3D('',#1212,#1213,#1214);
#1212 = CARTESIAN_POINT('',(27.493764,-0.0,-12.0));
#1213 = DIRECTION('',(-1.,0.,0.));
#1214 = DIRECTION('',(-0.,-1.,0.));
#1215 = DEFINITIONAL_REPRESENTATION('',(#1216),#1220);
#1216 = LINE('',#1217,#1218);
#1217 = CARTESIAN_POINT('',(26.250510257,0.));
#1218 = VECTOR('',#1219,1.);
#1219 = DIRECTION('',(-1.,0.));
#1220 = ( GEOMETRIC_REPRESENTATION_CONTEXT(2) 
PARAMETRIC_REPRESENTATION_CONTEXT() REPRESENTATION_CONTEXT('2D SPACE',''
  ) );
#1221 = ORIENTED_EDGE('',*,*,#1222,.T.);
#1222 = EDGE_CURVE('',#1195,#1098,#1223,.T.);
#1223 = SURFACE_CURVE('',#1224,(#1228,#1235),.PCURVE_S1.);
#1224 = LINE('',#1225,#1226);
#1225 = CARTESIAN_POINT('',(27.493764,-25.1,-12.0));
#1226 = VECTOR('',#1227,1.);
#1227 = DIRECTION('',(-1.,0.,0.));
#1228 = PCURVE('',#102,#1229);
#1229 = DEFINITIONAL_REPRESENTATION('',(#1230),#1234);
#1230 = LINE('',#1231,#1232);
#1231 = CARTESIAN_POINT('',(-20.45,-10.9));
#1232 = VECTOR('',#1233,1.);
#1233 = DIRECTION('',(1.,0.));
#1234 = ( GEOMETRIC_REPRESENTATION_CONTEXT(2) 
PARAMETRIC_REPRESENTATION_CONTEXT() REPRESENTATION_CONTEXT('2D SPACE',''
  ) );
#1235 = PCURVE('',#1236,#1241);
#1236 = PLANE('',#1237);
#1237 = AXIS2_PLACEMENT_3D('',#1238,#1239,#1240);
#1238 = CARTESIAN_POINT('',(27.493764,-25.1,-11.5));
#1239 = DIRECTION('',(0.,1.,-0.));
#1240 = DIRECTION('',(1.,-0.,0.));
#1241 = DEFINITIONAL_REPRESENTATION('',(#1242),#1246);
#1242 = LINE('',#1243,#1244);
#1243 = CARTESIAN_POINT('',(0.,0.5));
#1244 = VECTOR('',#1245,1.);
#1245 = DIRECTION('',(-1.,-0.));
#1246 = ( GEOMETRIC_REPRESENTATION_CONTEXT(2) 
PARAMETRIC_REPRESENTATION_CONTEXT() REPRESENTATION_CONTEXT('2D SPACE',''
  ) );
#1247 = ADVANCED_FACE('',(#1248),#476,.T.);
#1248 = FACE_BOUND('',#1249,.T.);
#1249 = EDGE_LOOP('',(#1250,#1280,#1301,#1302,#1323,#1324,#1348,#1376,
    #1405,#1433,#1457,#1485,#1513,#1541,#1569));
#1250 = ORIENTED_EDGE('',*,*,#1251,.T.);
#1251 = EDGE_CURVE('',#1252,#1254,#1256,.T.);
#1252 = VERTEX_POINT('',#1253);
#1253 = CARTESIAN_POINT('',(23.284410,-38.5,-12.0));
#1254 = VERTEX_POINT('',#1255);
#1255 = CARTESIAN_POINT('',(23.284410,-32.3,-12.0));
#1256 = SURFACE_CURVE('',#1257,(#1261,#1268),.PCURVE_S1.);
#1257 = LINE('',#1258,#1259);
#1258 = CARTESIAN_POINT('',(23.284410,-38.5,-12.0));
#1259 = VECTOR('',#1260,1.);
#1260 = DIRECTION('',(0.,1.,0.));
#1261 = PCURVE('',#476,#1262);
#1262 = DEFINITIONAL_REPRESENTATION('',(#1263),#1267);
#1263 = LINE('',#1264,#1265);
#1264 = CARTESIAN_POINT('',(-17.45,-24.3));
#1265 = VECTOR('',#1266,1.);
#1266 = DIRECTION('',(0.,1.));
#1267 = ( GEOMETRIC_REPRESENTATION_CONTEXT(2) 
PARAMETRIC_REPRESENTATION_CONTEXT() REPRESENTATION_CONTEXT('2D SPACE',''
  ) );
#1268 = PCURVE('',#1269,#1274);
#1269 = PLANE('',#1270);
#1270 = AXIS2_PLACEMENT_3D('',#1271,#1272,#1273);
#1271 = CARTESIAN_POINT('',(23.284410,-15.2,-12.0));
#1272 = DIRECTION('',(1.,-0.,-0.));
#1273 = DIRECTION('',(-0.,-0.,-1.));
#1274 = DEFINITIONAL_REPRESENTATION('',(#1275),#1279);
#1275 = LINE('',#1276,#1277);
#1276 = CARTESIAN_POINT('',(0.,-23.3));
#1277 = VECTOR('',#1278,1.);
#1278 = DIRECTION('',(-0.,1.));
#1279 = ( GEOMETRIC_REPRESENTATION_CONTEXT(2) 
PARAMETRIC_REPRESENTATION_CONTEXT() REPRESENTATION_CONTEXT('2D SPACE',''
  ) );
#1280 = ORIENTED_EDGE('',*,*,#1281,.F.);
#1281 = EDGE_CURVE('',#547,#1254,#1282,.T.);
#1282 = SURFACE_CURVE('',#1283,(#1287,#1294),.PCURVE_S1.);
#1283 = LINE('',#1284,#1285);
#1284 = CARTESIAN_POINT('',(27.493764,-32.3,-12.0));
#1285 = VECTOR('',#1286,1.);
#1286 = DIRECTION('',(-1.,0.,0.));
#1287 = PCURVE('',#476,#1288);
#1288 = DEFINITIONAL_REPRESENTATION('',(#1289),#1293);
#1289 = LINE('',#1290,#1291);
#1290 = CARTESIAN_POINT('',(-20.45,-18.1));
#1291 = VECTOR('',#1292,1.);
#1292 = DIRECTION('',(1.,0.));
#1293 = ( GEOMETRIC_REPRESENTATION_CONTEXT(2) 
PARAMETRIC_REPRESENTATION_CONTEXT() REPRESENTATION_CONTEXT('2D SPACE',''
  ) );
#1294 = PCURVE('',#585,#1295);
#1295 = DEFINITIONAL_REPRESENTATION('',(#1296),#1300);
#1296 = LINE('',#1297,#1298);
#1297 = CARTESIAN_POINT('',(0.,0.5));
#1298 = VECTOR('',#1299,1.);
#1299 = DIRECTION('',(-1.,-0.));
#1300 = ( GEOMETRIC_REPRESENTATION_CONTEXT(2) 
PARAMETRIC_REPRESENTATION_CONTEXT() REPRESENTATION_CONTEXT('2D SPACE',''
  ) );
#1301 = ORIENTED_EDGE('',*,*,#546,.T.);
#1302 = ORIENTED_EDGE('',*,*,#1303,.F.);
#1303 = EDGE_CURVE('',#24,#523,#1304,.T.);
#1304 = SURFACE_CURVE('',#1305,(#1309,#1316),.PCURVE_S1.);
#1305 = LINE('',#1306,#1307);
#1306 = CARTESIAN_POINT('',(30.300000,-31.149489743,-12.0));
#1307 = VECTOR('',#1308,1.);
#1308 = DIRECTION('',(-1.,0.,0.));
#1309 = PCURVE('',#476,#1310);
#1310 = DEFINITIONAL_REPRESENTATION('',(#1311),#1315);
#1311 = LINE('',#1312,#1313);
#1312 = CARTESIAN_POINT('',(-22.45,-16.949489743));
#1313 = VECTOR('',#1314,1.);
#1314 = DIRECTION('',(1.,0.));
#1315 = ( GEOMETRIC_REPRESENTATION_CONTEXT(2) 
PARAMETRIC_REPRESENTATION_CONTEXT() REPRESENTATION_CONTEXT('2D SPACE',''
  ) );
#1316 = PCURVE('',#45,#1317);
#1317 = DEFINITIONAL_REPRESENTATION('',(#1318),#1322);
#1318 = LINE('',#1319,#1320);
#1319 = CARTESIAN_POINT('',(0.201357920773,2.6));
#1320 = VECTOR('',#1321,1.);
#1321 = DIRECTION('',(0.,-1.));
#1322 = ( GEOMETRIC_REPRESENTATION_CONTEXT(2) 
PARAMETRIC_REPRESENTATION_CONTEXT() REPRESENTATION_CONTEXT('2D SPACE',''
  ) );
#1323 = ORIENTED_EDGE('',*,*,#462,.F.);
#1324 = ORIENTED_EDGE('',*,*,#1325,.T.);
#1325 = EDGE_CURVE('',#435,#1326,#1328,.T.);
#1326 = VERTEX_POINT('',#1327);
#1327 = CARTESIAN_POINT('',(30.064500,-33.4,-12.0));
#1328 = SURFACE_CURVE('',#1329,(#1334,#1341),.PCURVE_S1.);
#1329 = CIRCLE('',#1330,12.);
#1330 = AXIS2_PLACEMENT_3D('',#1331,#1332,#1333);
#1331 = CARTESIAN_POINT('',(13.462583,-31.4,-12.0));
#1332 = DIRECTION('',(-0.,0.,-1.));
#1333 = DIRECTION('',(-1.,0.,0.));
#1334 = PCURVE('',#476,#1335);
#1335 = DEFINITIONAL_REPRESENTATION('',(#1336),#1340);
#1336 = CIRCLE('',#1337,12.);
#1337 = AXIS2_PLACEMENT_2D('',#1338,#1339);
#1338 = CARTESIAN_POINT('',(-10.45,-17.2));
#1339 = DIRECTION('',(1.,0.));
#1340 = ( GEOMETRIC_REPRESENTATION_CONTEXT(2) 
PARAMETRIC_REPRESENTATION_CONTEXT() REPRESENTATION_CONTEXT('2D SPACE',''
  ) );
#1341 = PCURVE('',#450,#1342);
#1342 = DEFINITIONAL_REPRESENTATION('',(#1343),#1347);
#1343 = LINE('',#1344,#1345);
#1344 = CARTESIAN_POINT('',(0.,3.));
#1345 = VECTOR('',#1346,1.);
#1346 = DIRECTION('',(1.,0.));
#1347 = ( GEOMETRIC_REPRESENTATION_CONTEXT(2) 
PARAMETRIC_REPRESENTATION_CONTEXT() REPRESENTATION_CONTEXT('2D SPACE',''
  ) );
#1348 = ORIENTED_EDGE('',*,*,#1349,.F.);
#1349 = EDGE_CURVE('',#1350,#1326,#1352,.T.);
#1350 = VERTEX_POINT('',#1351);
#1351 = CARTESIAN_POINT('',(27.210276,-33.4,-12.0));
#1352 = SURFACE_CURVE('',#1353,(#1357,#1364),.PCURVE_S1.);
#1353 = LINE('',#1354,#1355);
#1354 = CARTESIAN_POINT('',(27.210276,-33.4,-12.0));
#1355 = VECTOR('',#1356,1.);
#1356 = DIRECTION('',(1.,-0.,-0.));
#1357 = PCURVE('',#476,#1358);
#1358 = DEFINITIONAL_REPRESENTATION('',(#1359),#1363);
#1359 = LINE('',#1360,#1361);
#1360 = CARTESIAN_POINT('',(-20.247958971,-19.2));
#1361 = VECTOR('',#1362,1.);
#1362 = DIRECTION('',(-1.,0.));
#1363 = ( GEOMETRIC_REPRESENTATION_CONTEXT(2) 
PARAMETRIC_REPRESENTATION_CONTEXT() REPRESENTATION_CONTEXT('2D SPACE',''
  ) );
#1364 = PCURVE('',#1365,#1370);
#1365 = PLANE('',#1366);
#1366 = AXIS2_PLACEMENT_3D('',#1367,#1368,#1369);
#1367 = CARTESIAN_POINT('',(28.896882,-33.4,-15.0));
#1368 = DIRECTION('',(-0.,-1.,-0.));
#1369 = DIRECTION('',(0.,-0.,1.));
#1370 = DEFINITIONAL_REPRESENTATION('',(#1371),#1375);
#1371 = LINE('',#1372,#1373);
#1372 = CARTESIAN_POINT('',(3.,1.202041029));
#1373 = VECTOR('',#1374,1.);
#1374 = DIRECTION('',(0.,-1.));
#1375 = ( GEOMETRIC_REPRESENTATION_CONTEXT(2) 
PARAMETRIC_REPRESENTATION_CONTEXT() REPRESENTATION_CONTEXT('2D SPACE',''
  ) );
#1376 = ORIENTED_EDGE('',*,*,#1377,.T.);
#1377 = EDGE_CURVE('',#1350,#1378,#1380,.T.);
#1378 = VERTEX_POINT('',#1379);
#1379 = CARTESIAN_POINT('',(16.268820,-41.197958971,-12.0));
#1380 = SURFACE_CURVE('',#1381,(#1386,#1393),.PCURVE_S1.);
#1381 = CIRCLE('',#1382,10.);
#1382 = AXIS2_PLACEMENT_3D('',#1383,#1384,#1385);
#1383 = CARTESIAN_POINT('',(13.462583,-31.4,-12.0));
#1384 = DIRECTION('',(-0.,0.,-1.));
#1385 = DIRECTION('',(-1.,0.,0.));
#1386 = PCURVE('',#476,#1387);
#1387 = DEFINITIONAL_REPRESENTATION('',(#1388),#1392);
#1388 = CIRCLE('',#1389,10.);
#1389 = AXIS2_PLACEMENT_2D('',#1390,#1391);
#1390 = CARTESIAN_POINT('',(-10.45,-17.2));
#1391 = DIRECTION('',(1.,0.));
#1392 = ( GEOMETRIC_REPRESENTATION_CONTEXT(2) 
PARAMETRIC_REPRESENTATION_CONTEXT() REPRESENTATION_CONTEXT('2D SPACE',''
  ) );
#1393 = PCURVE('',#1394,#1399);
#1394 = CYLINDRICAL_SURFACE('',#1395,10.);
#1395 = AXIS2_PLACEMENT_3D('',#1396,#1397,#1398);
#1396 = CARTESIAN_POINT('',(13.462583,-31.4,-15.0));
#1397 = DIRECTION('',(0.,0.,1.));
#1398 = DIRECTION('',(1.,0.,-0.));
#1399 = DEFINITIONAL_REPRESENTATION('',(#1400),#1404);
#1400 = LINE('',#1401,#1402);
#1401 = CARTESIAN_POINT('',(9.424777960769,3.));
#1402 = VECTOR('',#1403,1.);
#1403 = DIRECTION('',(-1.,0.));
#1404 = ( GEOMETRIC_REPRESENTATION_CONTEXT(2) 
PARAMETRIC_REPRESENTATION_CONTEXT() REPRESENTATION_CONTEXT('2D SPACE',''
  ) );
#1405 = ORIENTED_EDGE('',*,*,#1406,.T.);
#1406 = EDGE_CURVE('',#1378,#1407,#1409,.T.);
#1407 = VERTEX_POINT('',#1408);
#1408 = CARTESIAN_POINT('',(16.268820,-43.232159566,-12.0));
#1409 = SURFACE_CURVE('',#1410,(#1414,#1421),.PCURVE_S1.);
#1410 = LINE('',#1411,#1412);
#1411 = CARTESIAN_POINT('',(16.268820,-41.197958971,-12.0));
#1412 = VECTOR('',#1413,1.);
#1413 = DIRECTION('',(-0.,-1.,-0.));
#1414 = PCURVE('',#476,#1415);
#1415 = DEFINITIONAL_REPRESENTATION('',(#1416),#1420);
#1416 = LINE('',#1417,#1418);
#1417 = CARTESIAN_POINT('',(-12.45,-26.997958971));
#1418 = VECTOR('',#1419,1.);
#1419 = DIRECTION('',(0.,-1.));
#1420 = ( GEOMETRIC_REPRESENTATION_CONTEXT(2) 
PARAMETRIC_REPRESENTATION_CONTEXT() REPRESENTATION_CONTEXT('2D SPACE',''
  ) );
#1421 = PCURVE('',#1422,#1427);
#1422 = PLANE('',#1423);
#1423 = AXIS2_PLACEMENT_3D('',#1424,#1425,#1426);
#1424 = CARTESIAN_POINT('',(16.268820,-42.4,-15.0));
#1425 = DIRECTION('',(-1.,0.,0.));
#1426 = DIRECTION('',(0.,0.,1.));
#1427 = DEFINITIONAL_REPRESENTATION('',(#1428),#1432);
#1428 = LINE('',#1429,#1430);
#1429 = CARTESIAN_POINT('',(3.,1.202041029));
#1430 = VECTOR('',#1431,1.);
#1431 = DIRECTION('',(0.,-1.));
#1432 = ( GEOMETRIC_REPRESENTATION_CONTEXT(2) 
PARAMETRIC_REPRESENTATION_CONTEXT() REPRESENTATION_CONTEXT('2D SPACE',''
  ) );
#1433 = ORIENTED_EDGE('',*,*,#1434,.T.);
#1434 = EDGE_CURVE('',#1407,#1435,#1437,.T.);
#1435 = VERTEX_POINT('',#1436);
#1436 = CARTESIAN_POINT('',(13.462583,-43.4,-12.0));
#1437 = SURFACE_CURVE('',#1438,(#1443,#1450),.PCURVE_S1.);
#1438 = CIRCLE('',#1439,12.);
#1439 = AXIS2_PLACEMENT_3D('',#1440,#1441,#1442);
#1440 = CARTESIAN_POINT('',(13.462583,-31.4,-12.0));
#1441 = DIRECTION('',(-0.,0.,-1.));
#1442 = DIRECTION('',(-1.,0.,0.));
#1443 = PCURVE('',#476,#1444);
#1444 = DEFINITIONAL_REPRESENTATION('',(#1445),#1449);
#1445 = CIRCLE('',#1446,12.);
#1446 = AXIS2_PLACEMENT_2D('',#1447,#1448);
#1447 = CARTESIAN_POINT('',(-10.45,-17.2));
#1448 = DIRECTION('',(1.,0.));
#1449 = ( GEOMETRIC_REPRESENTATION_CONTEXT(2) 
PARAMETRIC_REPRESENTATION_CONTEXT() REPRESENTATION_CONTEXT('2D SPACE',''
  ) );
#1450 = PCURVE('',#450,#1451);
#1451 = DEFINITIONAL_REPRESENTATION('',(#1452),#1456);
#1452 = LINE('',#1453,#1454);
#1453 = CARTESIAN_POINT('',(0.,3.));
#1454 = VECTOR('',#1455,1.);
#1455 = DIRECTION('',(1.,0.));
#1456 = ( GEOMETRIC_REPRESENTATION_CONTEXT(2) 
PARAMETRIC_REPRESENTATION_CONTEXT() REPRESENTATION_CONTEXT('2D SPACE',''
  ) );
#1457 = ORIENTED_EDGE('',*,*,#1458,.F.);
#1458 = EDGE_CURVE('',#1459,#1435,#1461,.T.);
#1459 = VERTEX_POINT('',#1460);
#1460 = CARTESIAN_POINT('',(7.920267,-43.4,-12.0));
#1461 = SURFACE_CURVE('',#1462,(#1466,#1473),.PCURVE_S1.);
#1462 = LINE('',#1463,#1464);
#1463 = CARTESIAN_POINT('',(7.920267,-43.4,-12.0));
#1464 = VECTOR('',#1465,1.);
#1465 = DIRECTION('',(1.,-0.,-0.));
#1466 = PCURVE('',#476,#1467);
#1467 = DEFINITIONAL_REPRESENTATION('',(#1468),#1472);
#1468 = LINE('',#1469,#1470);
#1469 = CARTESIAN_POINT('',(-6.5,-29.2));
#1470 = VECTOR('',#1471,1.);
#1471 = DIRECTION('',(-1.,0.));
#1472 = ( GEOMETRIC_REPRESENTATION_CONTEXT(2) 
PARAMETRIC_REPRESENTATION_CONTEXT() REPRESENTATION_CONTEXT('2D SPACE',''
  ) );
#1473 = PCURVE('',#1474,#1479);
#1474 = PLANE('',#1475);
#1475 = AXIS2_PLACEMENT_3D('',#1476,#1477,#1478);
#1476 = CARTESIAN_POINT('',(-1.200000,-43.4,-9.0));
#1477 = DIRECTION('',(-0.,-1.,-0.));
#1478 = DIRECTION('',(0.,-0.,1.));
#1479 = DEFINITIONAL_REPRESENTATION('',(#1480),#1484);
#1480 = LINE('',#1481,#1482);
#1481 = CARTESIAN_POINT('',(-3.,-6.5));
#1482 = VECTOR('',#1483,1.);
#1483 = DIRECTION('',(0.,-1.));
#1484 = ( GEOMETRIC_REPRESENTATION_CONTEXT(2) 
PARAMETRIC_REPRESENTATION_CONTEXT() REPRESENTATION_CONTEXT('2D SPACE',''
  ) );
#1485 = ORIENTED_EDGE('',*,*,#1486,.T.);
#1486 = EDGE_CURVE('',#1459,#1487,#1489,.T.);
#1487 = VERTEX_POINT('',#1488);
#1488 = CARTESIAN_POINT('',(7.920267,-39.5,-12.0));
#1489 = SURFACE_CURVE('',#1490,(#1494,#1501),.PCURVE_S1.);
#1490 = LINE('',#1491,#1492);
#1491 = CARTESIAN_POINT('',(7.920267,-43.4,-12.0));
#1492 = VECTOR('',#1493,1.);
#1493 = DIRECTION('',(0.,1.,0.));
#1494 = PCURVE('',#476,#1495);
#1495 = DEFINITIONAL_REPRESENTATION('',(#1496),#1500);
#1496 = LINE('',#1497,#1498);
#1497 = CARTESIAN_POINT('',(-6.5,-29.2));
#1498 = VECTOR('',#1499,1.);
#1499 = DIRECTION('',(0.,1.));
#1500 = ( GEOMETRIC_REPRESENTATION_CONTEXT(2) 
PARAMETRIC_REPRESENTATION_CONTEXT() REPRESENTATION_CONTEXT('2D SPACE',''
  ) );
#1501 = PCURVE('',#1502,#1507);
#1502 = PLANE('',#1503);
#1503 = AXIS2_PLACEMENT_3D('',#1504,#1505,#1506);
#1504 = CARTESIAN_POINT('',(7.920267,-40.4,-10.25));
#1505 = DIRECTION('',(-1.,0.,0.));
#1506 = DIRECTION('',(0.,1.,0.));
#1507 = DEFINITIONAL_REPRESENTATION('',(#1508),#1512);
#1508 = LINE('',#1509,#1510);
#1509 = CARTESIAN_POINT('',(-3.,1.75));
#1510 = VECTOR('',#1511,1.);
#1511 = DIRECTION('',(1.,0.));
#1512 = ( GEOMETRIC_REPRESENTATION_CONTEXT(2) 
PARAMETRIC_REPRESENTATION_CONTEXT() REPRESENTATION_CONTEXT('2D SPACE',''
  ) );
#1513 = ORIENTED_EDGE('',*,*,#1514,.T.);
#1514 = EDGE_CURVE('',#1487,#1515,#1517,.T.);
#1515 = VERTEX_POINT('',#1516);
#1516 = CARTESIAN_POINT('',(5.745434,-39.5,-12.0));
#1517 = SURFACE_CURVE('',#1518,(#1522,#1529),.PCURVE_S1.);
#1518 = LINE('',#1519,#1520);
#1519 = CARTESIAN_POINT('',(7.920267,-39.5,-12.0));
#1520 = VECTOR('',#1521,1.);
#1521 = DIRECTION('',(-1.,0.,0.));
#1522 = PCURVE('',#476,#1523);
#1523 = DEFINITIONAL_REPRESENTATION('',(#1524),#1528);
#1524 = LINE('',#1525,#1526);
#1525 = CARTESIAN_POINT('',(-6.5,-25.3));
#1526 = VECTOR('',#1527,1.);
#1527 = DIRECTION('',(1.,0.));
#1528 = ( GEOMETRIC_REPRESENTATION_CONTEXT(2) 
PARAMETRIC_REPRESENTATION_CONTEXT() REPRESENTATION_CONTEXT('2D SPACE',''
  ) );
#1529 = PCURVE('',#1530,#1535);
#1530 = PLANE('',#1531);
#1531 = AXIS2_PLACEMENT_3D('',#1532,#1533,#1534);
#1532 = CARTESIAN_POINT('',(-0.634090,-39.5,-107.0));
#1533 = DIRECTION('',(-0.,-1.,0.));
#1534 = DIRECTION('',(1.,-0.,-0.));
#1535 = DEFINITIONAL_REPRESENTATION('',(#1536),#1540);
#1536 = LINE('',#1537,#1538);
#1537 = CARTESIAN_POINT('',(6.096677108,95.));
#1538 = VECTOR('',#1539,1.);
#1539 = DIRECTION('',(-1.,0.));
#1540 = ( GEOMETRIC_REPRESENTATION_CONTEXT(2) 
PARAMETRIC_REPRESENTATION_CONTEXT() REPRESENTATION_CONTEXT('2D SPACE',''
  ) );
#1541 = ORIENTED_EDGE('',*,*,#1542,.F.);
#1542 = EDGE_CURVE('',#1543,#1515,#1545,.T.);
#1543 = VERTEX_POINT('',#1544);
#1544 = CARTESIAN_POINT('',(5.745434,-38.5,-12.0));
#1545 = SURFACE_CURVE('',#1546,(#1550,#1557),.PCURVE_S1.);
#1546 = LINE('',#1547,#1548);
#1547 = CARTESIAN_POINT('',(5.745434,-38.5,-12.0));
#1548 = VECTOR('',#1549,1.);
#1549 = DIRECTION('',(-0.,-1.,-0.));
#1550 = PCURVE('',#476,#1551);
#1551 = DEFINITIONAL_REPRESENTATION('',(#1552),#1556);
#1552 = LINE('',#1553,#1554);
#1553 = CARTESIAN_POINT('',(-4.95,-24.3));
#1554 = VECTOR('',#1555,1.);
#1555 = DIRECTION('',(0.,-1.));
#1556 = ( GEOMETRIC_REPRESENTATION_CONTEXT(2) 
PARAMETRIC_REPRESENTATION_CONTEXT() REPRESENTATION_CONTEXT('2D SPACE',''
  ) );
#1557 = PCURVE('',#1558,#1563);
#1558 = PLANE('',#1559);
#1559 = AXIS2_PLACEMENT_3D('',#1560,#1561,#1562);
#1560 = CARTESIAN_POINT('',(5.745434,-39.8,-8.5));
#1561 = DIRECTION('',(1.,-0.,-0.));
#1562 = DIRECTION('',(-0.,-0.,-1.));
#1563 = DEFINITIONAL_REPRESENTATION('',(#1564),#1568);
#1564 = LINE('',#1565,#1566);
#1565 = CARTESIAN_POINT('',(3.5,1.3));
#1566 = VECTOR('',#1567,1.);
#1567 = DIRECTION('',(0.,-1.));
#1568 = ( GEOMETRIC_REPRESENTATION_CONTEXT(2) 
PARAMETRIC_REPRESENTATION_CONTEXT() REPRESENTATION_CONTEXT('2D SPACE',''
  ) );
#1569 = ORIENTED_EDGE('',*,*,#1570,.T.);
#1570 = EDGE_CURVE('',#1543,#1252,#1571,.T.);
#1571 = SURFACE_CURVE('',#1572,(#1576,#1583),.PCURVE_S1.);
#1572 = LINE('',#1573,#1574);
#1573 = CARTESIAN_POINT('',(5.745434,-38.5,-12.0));
#1574 = VECTOR('',#1575,1.);
#1575 = DIRECTION('',(1.,-0.,-0.));
#1576 = PCURVE('',#476,#1577);
#1577 = DEFINITIONAL_REPRESENTATION('',(#1578),#1582);
#1578 = LINE('',#1579,#1580);
#1579 = CARTESIAN_POINT('',(-4.95,-24.3));
#1580 = VECTOR('',#1581,1.);
#1581 = DIRECTION('',(-1.,0.));
#1582 = ( GEOMETRIC_REPRESENTATION_CONTEXT(2) 
PARAMETRIC_REPRESENTATION_CONTEXT() REPRESENTATION_CONTEXT('2D SPACE',''
  ) );
#1583 = PCURVE('',#1584,#1589);
#1584 = PLANE('',#1585);
#1585 = AXIS2_PLACEMENT_3D('',#1586,#1587,#1588);
#1586 = CARTESIAN_POINT('',(-1.200000,-38.5,-9.0));
#1587 = DIRECTION('',(-0.,-1.,-0.));
#1588 = DIRECTION('',(0.,-0.,1.));
#1589 = DEFINITIONAL_REPRESENTATION('',(#1590),#1594);
#1590 = LINE('',#1591,#1592);
#1591 = CARTESIAN_POINT('',(-3.,-4.95));
#1592 = VECTOR('',#1593,1.);
#1593 = DIRECTION('',(0.,-1.));
#1594 = ( GEOMETRIC_REPRESENTATION_CONTEXT(2) 
PARAMETRIC_REPRESENTATION_CONTEXT() REPRESENTATION_CONTEXT('2D SPACE',''
  ) );
#1595 = ADVANCED_FACE('',(#1596),#1115,.F.);
#1596 = FACE_BOUND('',#1597,.T.);
#1597 = EDGE_LOOP('',(#1598,#1628,#1649,#1650,#1673,#1706));
#1598 = ORIENTED_EDGE('',*,*,#1599,.F.);
#1599 = EDGE_CURVE('',#1600,#1602,#1604,.T.);
#1600 = VERTEX_POINT('',#1601);
#1601 = CARTESIAN_POINT('',(23.284410,-21.3,-11.0));
#1602 = VERTEX_POINT('',#1603);
#1603 = CARTESIAN_POINT('',(23.284410,-19.3,-9.0));
#1604 = SURFACE_CURVE('',#1605,(#1610,#1621),.PCURVE_S1.);
#1605 = CIRCLE('',#1606,2.);
#1606 = AXIS2_PLACEMENT_3D('',#1607,#1608,#1609);
#1607 = CARTESIAN_POINT('',(23.284410,-19.3,-11.0));
#1608 = DIRECTION('',(-1.,0.,0.));
#1609 = DIRECTION('',(0.,1.,-0.));
#1610 = PCURVE('',#1115,#1611);
#1611 = DEFINITIONAL_REPRESENTATION('',(#1612),#1620);
#1612 = ( BOUNDED_CURVE() B_SPLINE_CURVE(2,(#1613,#1614,#1615,#1616,
#1617,#1618,#1619),.UNSPECIFIED.,.T.,.F.) B_SPLINE_CURVE_WITH_KNOTS((1,2
    ,2,2,2,1),(-2.094395102393,0.,2.094395102393,4.188790204786,
6.28318530718,8.377580409573),.UNSPECIFIED.) CURVE() 
GEOMETRIC_REPRESENTATION_ITEM() RATIONAL_B_SPLINE_CURVE((1.,0.5,1.,0.5,
1.,0.5,1.)) REPRESENTATION_ITEM('') );
#1613 = CARTESIAN_POINT('',(-1.,-2.1));
#1614 = CARTESIAN_POINT('',(2.464101615138,-2.1));
#1615 = CARTESIAN_POINT('',(0.732050807569,-5.1));
#1616 = CARTESIAN_POINT('',(-1.,-8.1));
#1617 = CARTESIAN_POINT('',(-2.732050807569,-5.1));
#1618 = CARTESIAN_POINT('',(-4.464101615138,-2.1));
#1619 = CARTESIAN_POINT('',(-1.,-2.1));
#1620 = ( GEOMETRIC_REPRESENTATION_CONTEXT(2) 
PARAMETRIC_REPRESENTATION_CONTEXT() REPRESENTATION_CONTEXT('2D SPACE',''
  ) );
#1621 = PCURVE('',#778,#1622);
#1622 = DEFINITIONAL_REPRESENTATION('',(#1623),#1627);
#1623 = LINE('',#1624,#1625);
#1624 = CARTESIAN_POINT('',(0.,3.));
#1625 = VECTOR('',#1626,1.);
#1626 = DIRECTION('',(1.,0.));
#1627 = ( GEOMETRIC_REPRESENTATION_CONTEXT(2) 
PARAMETRIC_REPRESENTATION_CONTEXT() REPRESENTATION_CONTEXT('2D SPACE',''
  ) );
#1628 = ORIENTED_EDGE('',*,*,#1629,.T.);
#1629 = EDGE_CURVE('',#1600,#1100,#1630,.T.);
#1630 = SURFACE_CURVE('',#1631,(#1635,#1642),.PCURVE_S1.);
#1631 = LINE('',#1632,#1633);
#1632 = CARTESIAN_POINT('',(23.284410,-21.3,-11.0));
#1633 = VECTOR('',#1634,1.);
#1634 = DIRECTION('',(-0.,0.,-1.));
#1635 = PCURVE('',#1115,#1636);
#1636 = DEFINITIONAL_REPRESENTATION('',(#1637),#1641);
#1637 = LINE('',#1638,#1639);
#1638 = CARTESIAN_POINT('',(-1.,-6.1));
#1639 = VECTOR('',#1640,1.);
#1640 = DIRECTION('',(1.,0.));
#1641 = ( GEOMETRIC_REPRESENTATION_CONTEXT(2) 
PARAMETRIC_REPRESENTATION_CONTEXT() REPRESENTATION_CONTEXT('2D SPACE',''
  ) );
#1642 = PCURVE('',#749,#1643);
#1643 = DEFINITIONAL_REPRESENTATION('',(#1644),#1648);
#1644 = LINE('',#1645,#1646);
#1645 = CARTESIAN_POINT('',(-3.,-0.5));
#1646 = VECTOR('',#1647,1.);
#1647 = DIRECTION('',(-0.,1.));
#1648 = ( GEOMETRIC_REPRESENTATION_CONTEXT(2) 
PARAMETRIC_REPRESENTATION_CONTEXT() REPRESENTATION_CONTEXT('2D SPACE',''
  ) );
#1649 = ORIENTED_EDGE('',*,*,#1097,.F.);
#1650 = ORIENTED_EDGE('',*,*,#1651,.F.);
#1651 = EDGE_CURVE('',#1652,#1098,#1654,.T.);
#1652 = VERTEX_POINT('',#1653);
#1653 = CARTESIAN_POINT('',(23.284410,-25.1,-11.0));
#1654 = SURFACE_CURVE('',#1655,(#1659,#1666),.PCURVE_S1.);
#1655 = LINE('',#1656,#1657);
#1656 = CARTESIAN_POINT('',(23.284410,-25.1,-11.0));
#1657 = VECTOR('',#1658,1.);
#1658 = DIRECTION('',(-0.,0.,-1.));
#1659 = PCURVE('',#1115,#1660);
#1660 = DEFINITIONAL_REPRESENTATION('',(#1661),#1665);
#1661 = LINE('',#1662,#1663);
#1662 = CARTESIAN_POINT('',(-1.,-9.9));
#1663 = VECTOR('',#1664,1.);
#1664 = DIRECTION('',(1.,0.));
#1665 = ( GEOMETRIC_REPRESENTATION_CONTEXT(2) 
PARAMETRIC_REPRESENTATION_CONTEXT() REPRESENTATION_CONTEXT('2D SPACE',''
  ) );
#1666 = PCURVE('',#1236,#1667);
#1667 = DEFINITIONAL_REPRESENTATION('',(#1668),#1672);
#1668 = LINE('',#1669,#1670);
#1669 = CARTESIAN_POINT('',(-3.,-0.5));
#1670 = VECTOR('',#1671,1.);
#1671 = DIRECTION('',(-0.,1.));
#1672 = ( GEOMETRIC_REPRESENTATION_CONTEXT(2) 
PARAMETRIC_REPRESENTATION_CONTEXT() REPRESENTATION_CONTEXT('2D SPACE',''
  ) );
#1673 = ORIENTED_EDGE('',*,*,#1674,.F.);
#1674 = EDGE_CURVE('',#1675,#1652,#1677,.T.);
#1675 = VERTEX_POINT('',#1676);
#1676 = CARTESIAN_POINT('',(23.284410,-27.1,-9.0));
#1677 = SURFACE_CURVE('',#1678,(#1683,#1694),.PCURVE_S1.);
#1678 = CIRCLE('',#1679,2.);
#1679 = AXIS2_PLACEMENT_3D('',#1680,#1681,#1682);
#1680 = CARTESIAN_POINT('',(23.284410,-27.1,-11.0));
#1681 = DIRECTION('',(-1.,0.,0.));
#1682 = DIRECTION('',(0.,1.,-0.));
#1683 = PCURVE('',#1115,#1684);
#1684 = DEFINITIONAL_REPRESENTATION('',(#1685),#1693);
#1685 = ( BOUNDED_CURVE() B_SPLINE_CURVE(2,(#1686,#1687,#1688,#1689,
#1690,#1691,#1692),.UNSPECIFIED.,.T.,.F.) B_SPLINE_CURVE_WITH_KNOTS((1,2
    ,2,2,2,1),(-2.094395102393,0.,2.094395102393,4.188790204786,
6.28318530718,8.377580409573),.UNSPECIFIED.) CURVE() 
GEOMETRIC_REPRESENTATION_ITEM() RATIONAL_B_SPLINE_CURVE((1.,0.5,1.,0.5,
1.,0.5,1.)) REPRESENTATION_ITEM('') );
#1686 = CARTESIAN_POINT('',(-1.,-9.9));
#1687 = CARTESIAN_POINT('',(2.464101615138,-9.9));
#1688 = CARTESIAN_POINT('',(0.732050807569,-12.9));
#1689 = CARTESIAN_POINT('',(-1.,-15.9));
#1690 = CARTESIAN_POINT('',(-2.732050807569,-12.9));
#1691 = CARTESIAN_POINT('',(-4.464101615138,-9.9));
#1692 = CARTESIAN_POINT('',(-1.,-9.9));
#1693 = ( GEOMETRIC_REPRESENTATION_CONTEXT(2) 
PARAMETRIC_REPRESENTATION_CONTEXT() REPRESENTATION_CONTEXT('2D SPACE',''
  ) );
#1694 = PCURVE('',#1695,#1700);
#1695 = CYLINDRICAL_SURFACE('',#1696,2.);
#1696 = AXIS2_PLACEMENT_3D('',#1697,#1698,#1699);
#1697 = CARTESIAN_POINT('',(27.493764,-27.1,-11.0));
#1698 = DIRECTION('',(-1.,0.,0.));
#1699 = DIRECTION('',(0.,1.,-0.));
#1700 = DEFINITIONAL_REPRESENTATION('',(#1701),#1705);
#1701 = LINE('',#1702,#1703);
#1702 = CARTESIAN_POINT('',(0.,3.));
#1703 = VECTOR('',#1704,1.);
#1704 = DIRECTION('',(1.,0.));
#1705 = ( GEOMETRIC_REPRESENTATION_CONTEXT(2) 
PARAMETRIC_REPRESENTATION_CONTEXT() REPRESENTATION_CONTEXT('2D SPACE',''
  ) );
#1706 = ORIENTED_EDGE('',*,*,#1707,.T.);
#1707 = EDGE_CURVE('',#1675,#1602,#1708,.T.);
#1708 = SURFACE_CURVE('',#1709,(#1713,#1720),.PCURVE_S1.);
#1709 = LINE('',#1710,#1711);
#1710 = CARTESIAN_POINT('',(23.284410,-27.1,-9.0));
#1711 = VECTOR('',#1712,1.);
#1712 = DIRECTION('',(0.,1.,0.));
#1713 = PCURVE('',#1115,#1714);
#1714 = DEFINITIONAL_REPRESENTATION('',(#1715),#1719);
#1715 = LINE('',#1716,#1717);
#1716 = CARTESIAN_POINT('',(-3.,-11.9));
#1717 = VECTOR('',#1718,1.);
#1718 = DIRECTION('',(-0.,1.));
#1719 = ( GEOMETRIC_REPRESENTATION_CONTEXT(2) 
PARAMETRIC_REPRESENTATION_CONTEXT() REPRESENTATION_CONTEXT('2D SPACE',''
  ) );
#1720 = PCURVE('',#640,#1721);
#1721 = DEFINITIONAL_REPRESENTATION('',(#1722),#1726);
#1722 = LINE('',#1723,#1724);
#1723 = CARTESIAN_POINT('',(17.45,-12.9));
#1724 = VECTOR('',#1725,1.);
#1725 = DIRECTION('',(0.,1.));
#1726 = ( GEOMETRIC_REPRESENTATION_CONTEXT(2) 
PARAMETRIC_REPRESENTATION_CONTEXT() REPRESENTATION_CONTEXT('2D SPACE',''
  ) );
#1727 = ADVANCED_FACE('',(#1728),#1742,.T.);
#1728 = FACE_BOUND('',#1729,.T.);
#1729 = EDGE_LOOP('',(#1730,#1765,#1788,#1816,#1844,#1872));
#1730 = ORIENTED_EDGE('',*,*,#1731,.T.);
#1731 = EDGE_CURVE('',#1732,#1734,#1736,.T.);
#1732 = VERTEX_POINT('',#1733);
#1733 = CARTESIAN_POINT('',(-8.145434,-38.5,-12.0));
#1734 = VERTEX_POINT('',#1735);
#1735 = CARTESIAN_POINT('',(-8.145434,-39.5,-12.0));
#1736 = SURFACE_CURVE('',#1737,(#1741,#1753),.PCURVE_S1.);
#1737 = LINE('',#1738,#1739);
#1738 = CARTESIAN_POINT('',(-8.145434,-38.5,-12.0));
#1739 = VECTOR('',#1740,1.);
#1740 = DIRECTION('',(-0.,-1.,-0.));
#1741 = PCURVE('',#1742,#1747);
#1742 = PLANE('',#1743);
#1743 = AXIS2_PLACEMENT_3D('',#1744,#1745,#1746);
#1744 = CARTESIAN_POINT('',(-1.200000,-14.2,-12.0));
#1745 = DIRECTION('',(-0.,-0.,-1.));
#1746 = DIRECTION('',(-1.,0.,0.));
#1747 = DEFINITIONAL_REPRESENTATION('',(#1748),#1752);
#1748 = LINE('',#1749,#1750);
#1749 = CARTESIAN_POINT('',(4.95,-24.3));
#1750 = VECTOR('',#1751,1.);
#1751 = DIRECTION('',(0.,-1.));
#1752 = ( GEOMETRIC_REPRESENTATION_CONTEXT(2) 
PARAMETRIC_REPRESENTATION_CONTEXT() REPRESENTATION_CONTEXT('2D SPACE',''
  ) );
#1753 = PCURVE('',#1754,#1759);
#1754 = PLANE('',#1755);
#1755 = AXIS2_PLACEMENT_3D('',#1756,#1757,#1758);
#1756 = CARTESIAN_POINT('',(-8.145434,-39.8,-8.5));
#1757 = DIRECTION('',(1.,-0.,-0.));
#1758 = DIRECTION('',(-0.,-0.,-1.));
#1759 = DEFINITIONAL_REPRESENTATION('',(#1760),#1764);
#1760 = LINE('',#1761,#1762);
#1761 = CARTESIAN_POINT('',(3.5,1.3));
#1762 = VECTOR('',#1763,1.);
#1763 = DIRECTION('',(0.,-1.));
#1764 = ( GEOMETRIC_REPRESENTATION_CONTEXT(2) 
PARAMETRIC_REPRESENTATION_CONTEXT() REPRESENTATION_CONTEXT('2D SPACE',''
  ) );
#1765 = ORIENTED_EDGE('',*,*,#1766,.T.);
#1766 = EDGE_CURVE('',#1734,#1767,#1769,.T.);
#1767 = VERTEX_POINT('',#1768);
#1768 = CARTESIAN_POINT('',(-10.320267,-39.5,-12.0));
#1769 = SURFACE_CURVE('',#1770,(#1774,#1781),.PCURVE_S1.);
#1770 = LINE('',#1771,#1772);
#1771 = CARTESIAN_POINT('',(-8.145434,-39.5,-12.0));
#1772 = VECTOR('',#1773,1.);
#1773 = DIRECTION('',(-1.,0.,0.));
#1774 = PCURVE('',#1742,#1775);
#1775 = DEFINITIONAL_REPRESENTATION('',(#1776),#1780);
#1776 = LINE('',#1777,#1778);
#1777 = CARTESIAN_POINT('',(4.95,-25.3));
#1778 = VECTOR('',#1779,1.);
#1779 = DIRECTION('',(1.,0.));
#1780 = ( GEOMETRIC_REPRESENTATION_CONTEXT(2) 
PARAMETRIC_REPRESENTATION_CONTEXT() REPRESENTATION_CONTEXT('2D SPACE',''
  ) );
#1781 = PCURVE('',#1530,#1782);
#1782 = DEFINITIONAL_REPRESENTATION('',(#1783),#1787);
#1783 = LINE('',#1784,#1785);
#1784 = CARTESIAN_POINT('',(-5.353322892,95.));
#1785 = VECTOR('',#1786,1.);
#1786 = DIRECTION('',(-1.,0.));
#1787 = ( GEOMETRIC_REPRESENTATION_CONTEXT(2) 
PARAMETRIC_REPRESENTATION_CONTEXT() REPRESENTATION_CONTEXT('2D SPACE',''
  ) );
#1788 = ORIENTED_EDGE('',*,*,#1789,.T.);
#1789 = EDGE_CURVE('',#1767,#1790,#1792,.T.);
#1790 = VERTEX_POINT('',#1791);
#1791 = CARTESIAN_POINT('',(-10.320267,-43.4,-12.0));
#1792 = SURFACE_CURVE('',#1793,(#1797,#1804),.PCURVE_S1.);
#1793 = LINE('',#1794,#1795);
#1794 = CARTESIAN_POINT('',(-10.320267,-39.5,-12.0));
#1795 = VECTOR('',#1796,1.);
#1796 = DIRECTION('',(-0.,-1.,-0.));
#1797 = PCURVE('',#1742,#1798);
#1798 = DEFINITIONAL_REPRESENTATION('',(#1799),#1803);
#1799 = LINE('',#1800,#1801);
#1800 = CARTESIAN_POINT('',(6.5,-25.3));
#1801 = VECTOR('',#1802,1.);
#1802 = DIRECTION('',(0.,-1.));
#1803 = ( GEOMETRIC_REPRESENTATION_CONTEXT(2) 
PARAMETRIC_REPRESENTATION_CONTEXT() REPRESENTATION_CONTEXT('2D SPACE',''
  ) );
#1804 = PCURVE('',#1805,#1810);
#1805 = PLANE('',#1806);
#1806 = AXIS2_PLACEMENT_3D('',#1807,#1808,#1809);
#1807 = CARTESIAN_POINT('',(-10.320267,-40.4,-10.25));
#1808 = DIRECTION('',(1.,0.,-0.));
#1809 = DIRECTION('',(0.,-1.,0.));
#1810 = DEFINITIONAL_REPRESENTATION('',(#1811),#1815);
#1811 = LINE('',#1812,#1813);
#1812 = CARTESIAN_POINT('',(-0.9,1.75));
#1813 = VECTOR('',#1814,1.);
#1814 = DIRECTION('',(1.,0.));
#1815 = ( GEOMETRIC_REPRESENTATION_CONTEXT(2) 
PARAMETRIC_REPRESENTATION_CONTEXT() REPRESENTATION_CONTEXT('2D SPACE',''
  ) );
#1816 = ORIENTED_EDGE('',*,*,#1817,.F.);
#1817 = EDGE_CURVE('',#1818,#1790,#1820,.T.);
#1818 = VERTEX_POINT('',#1819);
#1819 = CARTESIAN_POINT('',(-12.354788,-43.4,-12.0));
#1820 = SURFACE_CURVE('',#1821,(#1825,#1832),.PCURVE_S1.);
#1821 = LINE('',#1822,#1823);
#1822 = CARTESIAN_POINT('',(-12.354788,-43.4,-12.0));
#1823 = VECTOR('',#1824,1.);
#1824 = DIRECTION('',(1.,-0.,-0.));
#1825 = PCURVE('',#1742,#1826);
#1826 = DEFINITIONAL_REPRESENTATION('',(#1827),#1831);
#1827 = LINE('',#1828,#1829);
#1828 = CARTESIAN_POINT('',(7.95,-29.2));
#1829 = VECTOR('',#1830,1.);
#1830 = DIRECTION('',(-1.,0.));
#1831 = ( GEOMETRIC_REPRESENTATION_CONTEXT(2) 
PARAMETRIC_REPRESENTATION_CONTEXT() REPRESENTATION_CONTEXT('2D SPACE',''
  ) );
#1832 = PCURVE('',#1833,#1838);
#1833 = PLANE('',#1834);
#1834 = AXIS2_PLACEMENT_3D('',#1835,#1836,#1837);
#1835 = CARTESIAN_POINT('',(-1.200000,-43.4,-9.0));
#1836 = DIRECTION('',(-0.,-1.,-0.));
#1837 = DIRECTION('',(0.,-0.,1.));
#1838 = DEFINITIONAL_REPRESENTATION('',(#1839),#1843);
#1839 = LINE('',#1840,#1841);
#1840 = CARTESIAN_POINT('',(-3.,7.95));
#1841 = VECTOR('',#1842,1.);
#1842 = DIRECTION('',(0.,-1.));
#1843 = ( GEOMETRIC_REPRESENTATION_CONTEXT(2) 
PARAMETRIC_REPRESENTATION_CONTEXT() REPRESENTATION_CONTEXT('2D SPACE',''
  ) );
#1844 = ORIENTED_EDGE('',*,*,#1845,.F.);
#1845 = EDGE_CURVE('',#1846,#1818,#1848,.T.);
#1846 = VERTEX_POINT('',#1847);
#1847 = CARTESIAN_POINT('',(-12.354788,-38.5,-12.0));
#1848 = SURFACE_CURVE('',#1849,(#1853,#1860),.PCURVE_S1.);
#1849 = LINE('',#1850,#1851);
#1850 = CARTESIAN_POINT('',(-12.354788,-38.5,-12.0));
#1851 = VECTOR('',#1852,1.);
#1852 = DIRECTION('',(-0.,-1.,-0.));
#1853 = PCURVE('',#1742,#1854);
#1854 = DEFINITIONAL_REPRESENTATION('',(#1855),#1859);
#1855 = LINE('',#1856,#1857);
#1856 = CARTESIAN_POINT('',(7.95,-24.3));
#1857 = VECTOR('',#1858,1.);
#1858 = DIRECTION('',(0.,-1.));
#1859 = ( GEOMETRIC_REPRESENTATION_CONTEXT(2) 
PARAMETRIC_REPRESENTATION_CONTEXT() REPRESENTATION_CONTEXT('2D SPACE',''
  ) );
#1860 = PCURVE('',#1861,#1866);
#1861 = CYLINDRICAL_SURFACE('',#1862,1.);
#1862 = AXIS2_PLACEMENT_3D('',#1863,#1864,#1865);
#1863 = CARTESIAN_POINT('',(-13.757907,-34.6,-12.0));
#1864 = DIRECTION('',(-0.,-1.,-0.));
#1865 = DIRECTION('',(0.,-0.,1.));
#1866 = DEFINITIONAL_REPRESENTATION('',(#1867),#1871);
#1867 = LINE('',#1868,#1869);
#1868 = CARTESIAN_POINT('',(4.712388980385,3.9));
#1869 = VECTOR('',#1870,1.);
#1870 = DIRECTION('',(0.,1.));
#1871 = ( GEOMETRIC_REPRESENTATION_CONTEXT(2) 
PARAMETRIC_REPRESENTATION_CONTEXT() REPRESENTATION_CONTEXT('2D SPACE',''
  ) );
#1872 = ORIENTED_EDGE('',*,*,#1873,.T.);
#1873 = EDGE_CURVE('',#1846,#1732,#1874,.T.);
#1874 = SURFACE_CURVE('',#1875,(#1879,#1886),.PCURVE_S1.);
#1875 = LINE('',#1876,#1877);
#1876 = CARTESIAN_POINT('',(-12.354788,-38.5,-12.0));
#1877 = VECTOR('',#1878,1.);
#1878 = DIRECTION('',(1.,-0.,-0.));
#1879 = PCURVE('',#1742,#1880);
#1880 = DEFINITIONAL_REPRESENTATION('',(#1881),#1885);
#1881 = LINE('',#1882,#1883);
#1882 = CARTESIAN_POINT('',(7.95,-24.3));
#1883 = VECTOR('',#1884,1.);
#1884 = DIRECTION('',(-1.,0.));
#1885 = ( GEOMETRIC_REPRESENTATION_CONTEXT(2) 
PARAMETRIC_REPRESENTATION_CONTEXT() REPRESENTATION_CONTEXT('2D SPACE',''
  ) );
#1886 = PCURVE('',#1584,#1887);
#1887 = DEFINITIONAL_REPRESENTATION('',(#1888),#1892);
#1888 = LINE('',#1889,#1890);
#1889 = CARTESIAN_POINT('',(-3.,7.95));
#1890 = VECTOR('',#1891,1.);
#1891 = DIRECTION('',(0.,-1.));
#1892 = ( GEOMETRIC_REPRESENTATION_CONTEXT(2) 
PARAMETRIC_REPRESENTATION_CONTEXT() REPRESENTATION_CONTEXT('2D SPACE',''
  ) );
#1893 = ADVANCED_FACE('',(#1894,#1925),#1474,.T.);
#1894 = FACE_BOUND('',#1895,.T.);
#1895 = EDGE_LOOP('',(#1896));
#1896 = ORIENTED_EDGE('',*,*,#1897,.F.);
#1897 = EDGE_CURVE('',#1898,#1898,#1900,.T.);
#1898 = VERTEX_POINT('',#1899);
#1899 = CARTESIAN_POINT('',(10.024944,-43.4,-8.4));
#1900 = SURFACE_CURVE('',#1901,(#1906,#1913),.PCURVE_S1.);
#1901 = CIRCLE('',#1902,1.);
#1902 = AXIS2_PLACEMENT_3D('',#1903,#1904,#1905);
#1903 = CARTESIAN_POINT('',(10.024944,-43.4,-9.4));
#1904 = DIRECTION('',(-0.,-1.,0.));
#1905 = DIRECTION('',(0.,-0.,1.));
#1906 = PCURVE('',#1474,#1907);
#1907 = DEFINITIONAL_REPRESENTATION('',(#1908),#1912);
#1908 = CIRCLE('',#1909,1.);
#1909 = AXIS2_PLACEMENT_2D('',#1910,#1911);
#1910 = CARTESIAN_POINT('',(-0.4,-8.));
#1911 = DIRECTION('',(1.,0.));
#1912 = ( GEOMETRIC_REPRESENTATION_CONTEXT(2) 
PARAMETRIC_REPRESENTATION_CONTEXT() REPRESENTATION_CONTEXT('2D SPACE',''
  ) );
#1913 = PCURVE('',#1914,#1919);
#1914 = CYLINDRICAL_SURFACE('',#1915,1.);
#1915 = AXIS2_PLACEMENT_3D('',#1916,#1917,#1918);
#1916 = CARTESIAN_POINT('',(10.024944,-30.4,-9.4));
#1917 = DIRECTION('',(-0.,-1.,-0.));
#1918 = DIRECTION('',(0.,-0.,1.));
#1919 = DEFINITIONAL_REPRESENTATION('',(#1920),#1924);
#1920 = LINE('',#1921,#1922);
#1921 = CARTESIAN_POINT('',(0.,13.));
#1922 = VECTOR('',#1923,1.);
#1923 = DIRECTION('',(1.,0.));
#1924 = ( GEOMETRIC_REPRESENTATION_CONTEXT(2) 
PARAMETRIC_REPRESENTATION_CONTEXT() REPRESENTATION_CONTEXT('2D SPACE',''
  ) );
#1925 = FACE_BOUND('',#1926,.T.);
#1926 = EDGE_LOOP('',(#1927,#1957,#1990,#2011,#2012));
#1927 = ORIENTED_EDGE('',*,*,#1928,.T.);
#1928 = EDGE_CURVE('',#1929,#1931,#1933,.T.);
#1929 = VERTEX_POINT('',#1930);
#1930 = CARTESIAN_POINT('',(13.462583,-43.4,-6.8));
#1931 = VERTEX_POINT('',#1932);
#1932 = CARTESIAN_POINT('',(7.046823,-43.4,-6.8));
#1933 = SURFACE_CURVE('',#1934,(#1938,#1945),.PCURVE_S1.);
#1934 = LINE('',#1935,#1936);
#1935 = CARTESIAN_POINT('',(13.462583,-43.4,-6.8));
#1936 = VECTOR('',#1937,1.);
#1937 = DIRECTION('',(-1.,0.,0.));
#1938 = PCURVE('',#1474,#1939);
#1939 = DEFINITIONAL_REPRESENTATION('',(#1940),#1944);
#1940 = LINE('',#1941,#1942);
#1941 = CARTESIAN_POINT('',(2.2,-10.45));
#1942 = VECTOR('',#1943,1.);
#1943 = DIRECTION('',(0.,1.));
#1944 = ( GEOMETRIC_REPRESENTATION_CONTEXT(2) 
PARAMETRIC_REPRESENTATION_CONTEXT() REPRESENTATION_CONTEXT('2D SPACE',''
  ) );
#1945 = PCURVE('',#1946,#1951);
#1946 = CYLINDRICAL_SURFACE('',#1947,3.);
#1947 = AXIS2_PLACEMENT_3D('',#1948,#1949,#1950);
#1948 = CARTESIAN_POINT('',(-1.200000,-40.4,-6.8));
#1949 = DIRECTION('',(1.,-0.,-0.));
#1950 = DIRECTION('',(-0.,-0.,-1.));
#1951 = DEFINITIONAL_REPRESENTATION('',(#1952),#1956);
#1952 = LINE('',#1953,#1954);
#1953 = CARTESIAN_POINT('',(4.712388980385,10.45));
#1954 = VECTOR('',#1955,1.);
#1955 = DIRECTION('',(0.,-1.));
#1956 = ( GEOMETRIC_REPRESENTATION_CONTEXT(2) 
PARAMETRIC_REPRESENTATION_CONTEXT() REPRESENTATION_CONTEXT('2D SPACE',''
  ) );
#1957 = ORIENTED_EDGE('',*,*,#1958,.T.);
#1958 = EDGE_CURVE('',#1931,#1959,#1961,.T.);
#1959 = VERTEX_POINT('',#1960);
#1960 = CARTESIAN_POINT('',(7.920267,-43.4,-8.25));
#1961 = SURFACE_CURVE('',#1962,(#1967,#1978),.PCURVE_S1.);
#1962 = CIRCLE('',#1963,2.);
#1963 = AXIS2_PLACEMENT_3D('',#1964,#1965,#1966);
#1964 = CARTESIAN_POINT('',(5.114031,-43.4,-8.25));
#1965 = DIRECTION('',(0.,1.,0.));
#1966 = DIRECTION('',(0.,-0.,1.));
#1967 = PCURVE('',#1474,#1968);
#1968 = DEFINITIONAL_REPRESENTATION('',(#1969),#1977);
#1969 = ( BOUNDED_CURVE() B_SPLINE_CURVE(2,(#1970,#1971,#1972,#1973,
#1974,#1975,#1976),.UNSPECIFIED.,.T.,.F.) B_SPLINE_CURVE_WITH_KNOTS((1,2
    ,2,2,2,1),(-2.094395102393,0.,2.094395102393,4.188790204786,
6.28318530718,8.377580409573),.UNSPECIFIED.) CURVE() 
GEOMETRIC_REPRESENTATION_ITEM() RATIONAL_B_SPLINE_CURVE((1.,0.5,1.,0.5,
1.,0.5,1.)) REPRESENTATION_ITEM('') );
#1970 = CARTESIAN_POINT('',(2.75,-4.5));
#1971 = CARTESIAN_POINT('',(2.75,-7.964101615138));
#1972 = CARTESIAN_POINT('',(-0.25,-6.232050807569));
#1973 = CARTESIAN_POINT('',(-3.25,-4.5));
#1974 = CARTESIAN_POINT('',(-0.25,-2.767949192431));
#1975 = CARTESIAN_POINT('',(2.75,-1.035898384862));
#1976 = CARTESIAN_POINT('',(2.75,-4.5));
#1977 = ( GEOMETRIC_REPRESENTATION_CONTEXT(2) 
PARAMETRIC_REPRESENTATION_CONTEXT() REPRESENTATION_CONTEXT('2D SPACE',''
  ) );
#1978 = PCURVE('',#1979,#1984);
#1979 = CYLINDRICAL_SURFACE('',#1980,2.);
#1980 = AXIS2_PLACEMENT_3D('',#1981,#1982,#1983);
#1981 = CARTESIAN_POINT('',(5.114031,-40.4,-8.25));
#1982 = DIRECTION('',(0.,-1.,0.));
#1983 = DIRECTION('',(0.,0.,1.));
#1984 = DEFINITIONAL_REPRESENTATION('',(#1985),#1989);
#1985 = LINE('',#1986,#1987);
#1986 = CARTESIAN_POINT('',(6.28318530718,3.));
#1987 = VECTOR('',#1988,1.);
#1988 = DIRECTION('',(-1.,0.));
#1989 = ( GEOMETRIC_REPRESENTATION_CONTEXT(2) 
PARAMETRIC_REPRESENTATION_CONTEXT() REPRESENTATION_CONTEXT('2D SPACE',''
  ) );
#1990 = ORIENTED_EDGE('',*,*,#1991,.T.);
#1991 = EDGE_CURVE('',#1959,#1459,#1992,.T.);
#1992 = SURFACE_CURVE('',#1993,(#1997,#2004),.PCURVE_S1.);
#1993 = LINE('',#1994,#1995);
#1994 = CARTESIAN_POINT('',(7.920267,-43.4,-8.25));
#1995 = VECTOR('',#1996,1.);
#1996 = DIRECTION('',(-0.,-0.,-1.));
#1997 = PCURVE('',#1474,#1998);
#1998 = DEFINITIONAL_REPRESENTATION('',(#1999),#2003);
#1999 = LINE('',#2000,#2001);
#2000 = CARTESIAN_POINT('',(0.75,-6.5));
#2001 = VECTOR('',#2002,1.);
#2002 = DIRECTION('',(-1.,0.));
#2003 = ( GEOMETRIC_REPRESENTATION_CONTEXT(2) 
PARAMETRIC_REPRESENTATION_CONTEXT() REPRESENTATION_CONTEXT('2D SPACE',''
  ) );
#2004 = PCURVE('',#1502,#2005);
#2005 = DEFINITIONAL_REPRESENTATION('',(#2006),#2010);
#2006 = LINE('',#2007,#2008);
#2007 = CARTESIAN_POINT('',(-3.,-2.));
#2008 = VECTOR('',#2009,1.);
#2009 = DIRECTION('',(0.,1.));
#2010 = ( GEOMETRIC_REPRESENTATION_CONTEXT(2) 
PARAMETRIC_REPRESENTATION_CONTEXT() REPRESENTATION_CONTEXT('2D SPACE',''
  ) );
#2011 = ORIENTED_EDGE('',*,*,#1458,.T.);
#2012 = ORIENTED_EDGE('',*,*,#2013,.T.);
#2013 = EDGE_CURVE('',#1435,#1929,#2014,.T.);
#2014 = SURFACE_CURVE('',#2015,(#2019,#2026),.PCURVE_S1.);
#2015 = LINE('',#2016,#2017);
#2016 = CARTESIAN_POINT('',(13.462583,-43.4,-12.0));
#2017 = VECTOR('',#2018,1.);
#2018 = DIRECTION('',(0.,0.,1.));
#2019 = PCURVE('',#1474,#2020);
#2020 = DEFINITIONAL_REPRESENTATION('',(#2021),#2025);
#2021 = LINE('',#2022,#2023);
#2022 = CARTESIAN_POINT('',(-3.,-10.45));
#2023 = VECTOR('',#2024,1.);
#2024 = DIRECTION('',(1.,0.));
#2025 = ( GEOMETRIC_REPRESENTATION_CONTEXT(2) 
PARAMETRIC_REPRESENTATION_CONTEXT() REPRESENTATION_CONTEXT('2D SPACE',''
  ) );
#2026 = PCURVE('',#450,#2027);
#2027 = DEFINITIONAL_REPRESENTATION('',(#2028),#2032);
#2028 = LINE('',#2029,#2030);
#2029 = CARTESIAN_POINT('',(4.712388980385,3.));
#2030 = VECTOR('',#2031,1.);
#2031 = DIRECTION('',(0.,-1.));
#2032 = ( GEOMETRIC_REPRESENTATION_CONTEXT(2) 
PARAMETRIC_REPRESENTATION_CONTEXT() REPRESENTATION_CONTEXT('2D SPACE',''
  ) );
#2033 = ADVANCED_FACE('',(#2034),#1754,.T.);
#2034 = FACE_BOUND('',#2035,.T.);
#2035 = EDGE_LOOP('',(#2036,#2066,#2087,#2088));
#2036 = ORIENTED_EDGE('',*,*,#2037,.T.);
#2037 = EDGE_CURVE('',#2038,#2040,#2042,.T.);
#2038 = VERTEX_POINT('',#2039);
#2039 = CARTESIAN_POINT('',(-8.145434,-38.5,-9.5));
#2040 = VERTEX_POINT('',#2041);
#2041 = CARTESIAN_POINT('',(-8.145434,-39.5,-9.5));
#2042 = SURFACE_CURVE('',#2043,(#2047,#2054),.PCURVE_S1.);
#2043 = LINE('',#2044,#2045);
#2044 = CARTESIAN_POINT('',(-8.145434,-38.5,-9.5));
#2045 = VECTOR('',#2046,1.);
#2046 = DIRECTION('',(-0.,-1.,0.));
#2047 = PCURVE('',#1754,#2048);
#2048 = DEFINITIONAL_REPRESENTATION('',(#2049),#2053);
#2049 = LINE('',#2050,#2051);
#2050 = CARTESIAN_POINT('',(1.,1.3));
#2051 = VECTOR('',#2052,1.);
#2052 = DIRECTION('',(0.,-1.));
#2053 = ( GEOMETRIC_REPRESENTATION_CONTEXT(2) 
PARAMETRIC_REPRESENTATION_CONTEXT() REPRESENTATION_CONTEXT('2D SPACE',''
  ) );
#2054 = PCURVE('',#2055,#2060);
#2055 = CYLINDRICAL_SURFACE('',#2056,2.);
#2056 = AXIS2_PLACEMENT_3D('',#2057,#2058,#2059);
#2057 = CARTESIAN_POINT('',(-5.339198,-14.2,-9.5));
#2058 = DIRECTION('',(-0.,-1.,0.));
#2059 = DIRECTION('',(-1.,0.,0.));
#2060 = DEFINITIONAL_REPRESENTATION('',(#2061),#2065);
#2061 = LINE('',#2062,#2063);
#2062 = CARTESIAN_POINT('',(6.28318530718,24.3));
#2063 = VECTOR('',#2064,1.);
#2064 = DIRECTION('',(0.,1.));
#2065 = ( GEOMETRIC_REPRESENTATION_CONTEXT(2) 
PARAMETRIC_REPRESENTATION_CONTEXT() REPRESENTATION_CONTEXT('2D SPACE',''
  ) );
#2066 = ORIENTED_EDGE('',*,*,#2067,.T.);
#2067 = EDGE_CURVE('',#2040,#1734,#2068,.T.);
#2068 = SURFACE_CURVE('',#2069,(#2073,#2080),.PCURVE_S1.);
#2069 = LINE('',#2070,#2071);
#2070 = CARTESIAN_POINT('',(-8.145434,-39.5,-9.5));
#2071 = VECTOR('',#2072,1.);
#2072 = DIRECTION('',(-0.,0.,-1.));
#2073 = PCURVE('',#1754,#2074);
#2074 = DEFINITIONAL_REPRESENTATION('',(#2075),#2079);
#2075 = LINE('',#2076,#2077);
#2076 = CARTESIAN_POINT('',(1.,0.3));
#2077 = VECTOR('',#2078,1.);
#2078 = DIRECTION('',(1.,0.));
#2079 = ( GEOMETRIC_REPRESENTATION_CONTEXT(2) 
PARAMETRIC_REPRESENTATION_CONTEXT() REPRESENTATION_CONTEXT('2D SPACE',''
  ) );
#2080 = PCURVE('',#1530,#2081);
#2081 = DEFINITIONAL_REPRESENTATION('',(#2082),#2086);
#2082 = LINE('',#2083,#2084);
#2083 = CARTESIAN_POINT('',(-5.353322892,97.5));
#2084 = VECTOR('',#2085,1.);
#2085 = DIRECTION('',(0.,-1.));
#2086 = ( GEOMETRIC_REPRESENTATION_CONTEXT(2) 
PARAMETRIC_REPRESENTATION_CONTEXT() REPRESENTATION_CONTEXT('2D SPACE',''
  ) );
#2087 = ORIENTED_EDGE('',*,*,#1731,.F.);
#2088 = ORIENTED_EDGE('',*,*,#2089,.F.);
#2089 = EDGE_CURVE('',#2038,#1732,#2090,.T.);
#2090 = SURFACE_CURVE('',#2091,(#2095,#2102),.PCURVE_S1.);
#2091 = LINE('',#2092,#2093);
#2092 = CARTESIAN_POINT('',(-8.145434,-38.5,-9.5));
#2093 = VECTOR('',#2094,1.);
#2094 = DIRECTION('',(-0.,-0.,-1.));
#2095 = PCURVE('',#1754,#2096);
#2096 = DEFINITIONAL_REPRESENTATION('',(#2097),#2101);
#2097 = LINE('',#2098,#2099);
#2098 = CARTESIAN_POINT('',(1.,1.3));
#2099 = VECTOR('',#2100,1.);
#2100 = DIRECTION('',(1.,0.));
#2101 = ( GEOMETRIC_REPRESENTATION_CONTEXT(2) 
PARAMETRIC_REPRESENTATION_CONTEXT() REPRESENTATION_CONTEXT('2D SPACE',''
  ) );
#2102 = PCURVE('',#1584,#2103);
#2103 = DEFINITIONAL_REPRESENTATION('',(#2104),#2108);
#2104 = LINE('',#2105,#2106);
#2105 = CARTESIAN_POINT('',(-0.5,4.95));
#2106 = VECTOR('',#2107,1.);
#2107 = DIRECTION('',(-1.,0.));
#2108 = ( GEOMETRIC_REPRESENTATION_CONTEXT(2) 
PARAMETRIC_REPRESENTATION_CONTEXT() REPRESENTATION_CONTEXT('2D SPACE',''
  ) );
#2109 = ADVANCED_FACE('',(#2110),#1558,.F.);
#2110 = FACE_BOUND('',#2111,.T.);
#2111 = EDGE_LOOP('',(#2112,#2113,#2136,#2164));
#2112 = ORIENTED_EDGE('',*,*,#1542,.T.);
#2113 = ORIENTED_EDGE('',*,*,#2114,.T.);
#2114 = EDGE_CURVE('',#1515,#2115,#2117,.T.);
#2115 = VERTEX_POINT('',#2116);
#2116 = CARTESIAN_POINT('',(5.745434,-39.5,-9.5));
#2117 = SURFACE_CURVE('',#2118,(#2122,#2129),.PCURVE_S1.);
#2118 = LINE('',#2119,#2120);
#2119 = CARTESIAN_POINT('',(5.745434,-39.5,-12.0));
#2120 = VECTOR('',#2121,1.);
#2121 = DIRECTION('',(0.,-0.,1.));
#2122 = PCURVE('',#1558,#2123);
#2123 = DEFINITIONAL_REPRESENTATION('',(#2124),#2128);
#2124 = LINE('',#2125,#2126);
#2125 = CARTESIAN_POINT('',(3.5,0.3));
#2126 = VECTOR('',#2127,1.);
#2127 = DIRECTION('',(-1.,0.));
#2128 = ( GEOMETRIC_REPRESENTATION_CONTEXT(2) 
PARAMETRIC_REPRESENTATION_CONTEXT() REPRESENTATION_CONTEXT('2D SPACE',''
  ) );
#2129 = PCURVE('',#1530,#2130);
#2130 = DEFINITIONAL_REPRESENTATION('',(#2131),#2135);
#2131 = LINE('',#2132,#2133);
#2132 = CARTESIAN_POINT('',(4.546677108,95.));
#2133 = VECTOR('',#2134,1.);
#2134 = DIRECTION('',(0.,1.));
#2135 = ( GEOMETRIC_REPRESENTATION_CONTEXT(2) 
PARAMETRIC_REPRESENTATION_CONTEXT() REPRESENTATION_CONTEXT('2D SPACE',''
  ) );
#2136 = ORIENTED_EDGE('',*,*,#2137,.T.);
#2137 = EDGE_CURVE('',#2115,#2138,#2140,.T.);
#2138 = VERTEX_POINT('',#2139);
#2139 = CARTESIAN_POINT('',(5.745434,-38.5,-9.5));
#2140 = SURFACE_CURVE('',#2141,(#2145,#2152),.PCURVE_S1.);
#2141 = LINE('',#2142,#2143);
#2142 = CARTESIAN_POINT('',(5.745434,-39.5,-9.5));
#2143 = VECTOR('',#2144,1.);
#2144 = DIRECTION('',(0.,1.,-0.));
#2145 = PCURVE('',#1558,#2146);
#2146 = DEFINITIONAL_REPRESENTATION('',(#2147),#2151);
#2147 = LINE('',#2148,#2149);
#2148 = CARTESIAN_POINT('',(1.,0.3));
#2149 = VECTOR('',#2150,1.);
#2150 = DIRECTION('',(-0.,1.));
#2151 = ( GEOMETRIC_REPRESENTATION_CONTEXT(2) 
PARAMETRIC_REPRESENTATION_CONTEXT() REPRESENTATION_CONTEXT('2D SPACE',''
  ) );
#2152 = PCURVE('',#2153,#2158);
#2153 = CYLINDRICAL_SURFACE('',#2154,2.);
#2154 = AXIS2_PLACEMENT_3D('',#2155,#2156,#2157);
#2155 = CARTESIAN_POINT('',(2.939198,-39.8,-9.5));
#2156 = DIRECTION('',(0.,1.,-0.));
#2157 = DIRECTION('',(1.,-0.,0.));
#2158 = DEFINITIONAL_REPRESENTATION('',(#2159),#2163);
#2159 = LINE('',#2160,#2161);
#2160 = CARTESIAN_POINT('',(6.28318530718,0.3));
#2161 = VECTOR('',#2162,1.);
#2162 = DIRECTION('',(0.,1.));
#2163 = ( GEOMETRIC_REPRESENTATION_CONTEXT(2) 
PARAMETRIC_REPRESENTATION_CONTEXT() REPRESENTATION_CONTEXT('2D SPACE',''
  ) );
#2164 = ORIENTED_EDGE('',*,*,#2165,.T.);
#2165 = EDGE_CURVE('',#2138,#1543,#2166,.T.);
#2166 = SURFACE_CURVE('',#2167,(#2171,#2178),.PCURVE_S1.);
#2167 = LINE('',#2168,#2169);
#2168 = CARTESIAN_POINT('',(5.745434,-38.5,-9.5));
#2169 = VECTOR('',#2170,1.);
#2170 = DIRECTION('',(-0.,-0.,-1.));
#2171 = PCURVE('',#1558,#2172);
#2172 = DEFINITIONAL_REPRESENTATION('',(#2173),#2177);
#2173 = LINE('',#2174,#2175);
#2174 = CARTESIAN_POINT('',(1.,1.3));
#2175 = VECTOR('',#2176,1.);
#2176 = DIRECTION('',(1.,0.));
#2177 = ( GEOMETRIC_REPRESENTATION_CONTEXT(2) 
PARAMETRIC_REPRESENTATION_CONTEXT() REPRESENTATION_CONTEXT('2D SPACE',''
  ) );
#2178 = PCURVE('',#1584,#2179);
#2179 = DEFINITIONAL_REPRESENTATION('',(#2180),#2184);
#2180 = LINE('',#2181,#2182);
#2181 = CARTESIAN_POINT('',(-0.5,-4.95));
#2182 = VECTOR('',#2183,1.);
#2183 = DIRECTION('',(-1.,0.));
#2184 = ( GEOMETRIC_REPRESENTATION_CONTEXT(2) 
PARAMETRIC_REPRESENTATION_CONTEXT() REPRESENTATION_CONTEXT('2D SPACE',''
  ) );
#2185 = ADVANCED_FACE('',(#2186),#2200,.T.);
#2186 = FACE_BOUND('',#2187,.T.);
#2187 = EDGE_LOOP('',(#2188,#2218,#2241,#2264));
#2188 = ORIENTED_EDGE('',*,*,#2189,.T.);
#2189 = EDGE_CURVE('',#2190,#2192,#2194,.T.);
#2190 = VERTEX_POINT('',#2191);
#2191 = CARTESIAN_POINT('',(2.939198,-38.5,-7.5));
#2192 = VERTEX_POINT('',#2193);
#2193 = CARTESIAN_POINT('',(2.939198,-39.5,-7.5));
#2194 = SURFACE_CURVE('',#2195,(#2199,#2211),.PCURVE_S1.);
#2195 = LINE('',#2196,#2197);
#2196 = CARTESIAN_POINT('',(2.939198,-38.5,-7.5));
#2197 = VECTOR('',#2198,1.);
#2198 = DIRECTION('',(-0.,-1.,0.));
#2199 = PCURVE('',#2200,#2205);
#2200 = PLANE('',#2201);
#2201 = AXIS2_PLACEMENT_3D('',#2202,#2203,#2204);
#2202 = CARTESIAN_POINT('',(-1.200000,-14.2,-7.5));
#2203 = DIRECTION('',(-0.,-0.,-1.));
#2204 = DIRECTION('',(0.,-1.,0.));
#2205 = DEFINITIONAL_REPRESENTATION('',(#2206),#2210);
#2206 = LINE('',#2207,#2208);
#2207 = CARTESIAN_POINT('',(24.3,-2.95));
#2208 = VECTOR('',#2209,1.);
#2209 = DIRECTION('',(1.,0.));
#2210 = ( GEOMETRIC_REPRESENTATION_CONTEXT(2) 
PARAMETRIC_REPRESENTATION_CONTEXT() REPRESENTATION_CONTEXT('2D SPACE',''
  ) );
#2211 = PCURVE('',#2153,#2212);
#2212 = DEFINITIONAL_REPRESENTATION('',(#2213),#2217);
#2213 = LINE('',#2214,#2215);
#2214 = CARTESIAN_POINT('',(4.712388980385,1.3));
#2215 = VECTOR('',#2216,1.);
#2216 = DIRECTION('',(0.,-1.));
#2217 = ( GEOMETRIC_REPRESENTATION_CONTEXT(2) 
PARAMETRIC_REPRESENTATION_CONTEXT() REPRESENTATION_CONTEXT('2D SPACE',''
  ) );
#2218 = ORIENTED_EDGE('',*,*,#2219,.T.);
#2219 = EDGE_CURVE('',#2192,#2220,#2222,.T.);
#2220 = VERTEX_POINT('',#2221);
#2221 = CARTESIAN_POINT('',(-5.339198,-39.5,-7.5));
#2222 = SURFACE_CURVE('',#2223,(#2227,#2234),.PCURVE_S1.);
#2223 = LINE('',#2224,#2225);
#2224 = CARTESIAN_POINT('',(2.939198,-39.5,-7.5));
#2225 = VECTOR('',#2226,1.);
#2226 = DIRECTION('',(-1.,0.,0.));
#2227 = PCURVE('',#2200,#2228);
#2228 = DEFINITIONAL_REPRESENTATION('',(#2229),#2233);
#2229 = LINE('',#2230,#2231);
#2230 = CARTESIAN_POINT('',(25.3,-2.95));
#2231 = VECTOR('',#2232,1.);
#2232 = DIRECTION('',(0.,1.));
#2233 = ( GEOMETRIC_REPRESENTATION_CONTEXT(2) 
PARAMETRIC_REPRESENTATION_CONTEXT() REPRESENTATION_CONTEXT('2D SPACE',''
  ) );
#2234 = PCURVE('',#1530,#2235);
#2235 = DEFINITIONAL_REPRESENTATION('',(#2236),#2240);
#2236 = LINE('',#2237,#2238);
#2237 = CARTESIAN_POINT('',(2.546677108,99.5));
#2238 = VECTOR('',#2239,1.);
#2239 = DIRECTION('',(-1.,0.));
#2240 = ( GEOMETRIC_REPRESENTATION_CONTEXT(2) 
PARAMETRIC_REPRESENTATION_CONTEXT() REPRESENTATION_CONTEXT('2D SPACE',''
  ) );
#2241 = ORIENTED_EDGE('',*,*,#2242,.T.);
#2242 = EDGE_CURVE('',#2220,#2243,#2245,.T.);
#2243 = VERTEX_POINT('',#2244);
#2244 = CARTESIAN_POINT('',(-5.339198,-38.5,-7.5));
#2245 = SURFACE_CURVE('',#2246,(#2250,#2257),.PCURVE_S1.);
#2246 = LINE('',#2247,#2248);
#2247 = CARTESIAN_POINT('',(-5.339198,-39.5,-7.5));
#2248 = VECTOR('',#2249,1.);
#2249 = DIRECTION('',(0.,1.,-0.));
#2250 = PCURVE('',#2200,#2251);
#2251 = DEFINITIONAL_REPRESENTATION('',(#2252),#2256);
#2252 = LINE('',#2253,#2254);
#2253 = CARTESIAN_POINT('',(25.3,2.95));
#2254 = VECTOR('',#2255,1.);
#2255 = DIRECTION('',(-1.,0.));
#2256 = ( GEOMETRIC_REPRESENTATION_CONTEXT(2) 
PARAMETRIC_REPRESENTATION_CONTEXT() REPRESENTATION_CONTEXT('2D SPACE',''
  ) );
#2257 = PCURVE('',#2055,#2258);
#2258 = DEFINITIONAL_REPRESENTATION('',(#2259),#2263);
#2259 = LINE('',#2260,#2261);
#2260 = CARTESIAN_POINT('',(4.712388980385,25.3));
#2261 = VECTOR('',#2262,1.);
#2262 = DIRECTION('',(0.,-1.));
#2263 = ( GEOMETRIC_REPRESENTATION_CONTEXT(2) 
PARAMETRIC_REPRESENTATION_CONTEXT() REPRESENTATION_CONTEXT('2D SPACE',''
  ) );
#2264 = ORIENTED_EDGE('',*,*,#2265,.T.);
#2265 = EDGE_CURVE('',#2243,#2190,#2266,.T.);
#2266 = SURFACE_CURVE('',#2267,(#2271,#2278),.PCURVE_S1.);
#2267 = LINE('',#2268,#2269);
#2268 = CARTESIAN_POINT('',(-5.339198,-38.5,-7.5));
#2269 = VECTOR('',#2270,1.);
#2270 = DIRECTION('',(1.,-0.,-0.));
#2271 = PCURVE('',#2200,#2272);
#2272 = DEFINITIONAL_REPRESENTATION('',(#2273),#2277);
#2273 = LINE('',#2274,#2275);
#2274 = CARTESIAN_POINT('',(24.3,2.95));
#2275 = VECTOR('',#2276,1.);
#2276 = DIRECTION('',(0.,-1.));
#2277 = ( GEOMETRIC_REPRESENTATION_CONTEXT(2) 
PARAMETRIC_REPRESENTATION_CONTEXT() REPRESENTATION_CONTEXT('2D SPACE',''
  ) );
#2278 = PCURVE('',#1584,#2279);
#2279 = DEFINITIONAL_REPRESENTATION('',(#2280),#2284);
#2280 = LINE('',#2281,#2282);
#2281 = CARTESIAN_POINT('',(1.5,2.95));
#2282 = VECTOR('',#2283,1.);
#2283 = DIRECTION('',(0.,-1.));
#2284 = ( GEOMETRIC_REPRESENTATION_CONTEXT(2) 
PARAMETRIC_REPRESENTATION_CONTEXT() REPRESENTATION_CONTEXT('2D SPACE',''
  ) );
#2285 = ADVANCED_FACE('',(#2286),#1946,.T.);
#2286 = FACE_BOUND('',#2287,.T.);
#2287 = EDGE_LOOP('',(#2288,#2313,#2395,#2423,#2498,#2499,#2528,#2556));
#2288 = ORIENTED_EDGE('',*,*,#2289,.F.);
#2289 = EDGE_CURVE('',#2290,#2292,#2294,.T.);
#2290 = VERTEX_POINT('',#2291);
#2291 = CARTESIAN_POINT('',(-9.446820,-43.4,-6.799998088));
#2292 = VERTEX_POINT('',#2293);
#2293 = CARTESIAN_POINT('',(-15.862584,-43.4,-6.8));
#2294 = SURFACE_CURVE('',#2295,(#2299,#2306),.PCURVE_S1.);
#2295 = LINE('',#2296,#2297);
#2296 = CARTESIAN_POINT('',(-9.446820,-43.4,-6.8));
#2297 = VECTOR('',#2298,1.);
#2298 = DIRECTION('',(-1.,0.,0.));
#2299 = PCURVE('',#1946,#2300);
#2300 = DEFINITIONAL_REPRESENTATION('',(#2301),#2305);
#2301 = LINE('',#2302,#2303);
#2302 = CARTESIAN_POINT('',(4.712388980385,-5.877495719));
#2303 = VECTOR('',#2304,1.);
#2304 = DIRECTION('',(0.,-1.));
#2305 = ( GEOMETRIC_REPRESENTATION_CONTEXT(2) 
PARAMETRIC_REPRESENTATION_CONTEXT() REPRESENTATION_CONTEXT('2D SPACE',''
  ) );
#2306 = PCURVE('',#1833,#2307);
#2307 = DEFINITIONAL_REPRESENTATION('',(#2308),#2312);
#2308 = LINE('',#2309,#2310);
#2309 = CARTESIAN_POINT('',(2.2,5.877495719));
#2310 = VECTOR('',#2311,1.);
#2311 = DIRECTION('',(0.,1.));
#2312 = ( GEOMETRIC_REPRESENTATION_CONTEXT(2) 
PARAMETRIC_REPRESENTATION_CONTEXT() REPRESENTATION_CONTEXT('2D SPACE',''
  ) );
#2313 = ORIENTED_EDGE('',*,*,#2314,.T.);
#2314 = EDGE_CURVE('',#2290,#2315,#2317,.T.);
#2315 = VERTEX_POINT('',#2316);
#2316 = CARTESIAN_POINT('',(-7.514026,-43.349152421,-6.25));
#2317 = SURFACE_CURVE('',#2318,(#2332,#2361),.PCURVE_S1.);
#2318 = B_SPLINE_CURVE_WITH_KNOTS('',3,(#2319,#2320,#2321,#2322,#2323,
    #2324,#2325,#2326,#2327,#2328,#2329,#2330,#2331),.UNSPECIFIED.,.F.,
  .F.,(4,3,3,3,4),(0.,3.77918E-04,7.55836E-04,1.133754E-03,1.511672E-03)
  ,.PIECEWISE_BEZIER_KNOTS.);
#2319 = CARTESIAN_POINT('',(-9.446820,-43.4,-6.799998088));
#2320 = CARTESIAN_POINT('',(-9.316767,-43.399999944,-6.711944418));
#2321 = CARTESIAN_POINT('',(-9.177212,-43.396190026,-6.634201765));
#2322 = CARTESIAN_POINT('',(-9.028500,-43.390880359,-6.566259383));
#2323 = CARTESIAN_POINT('',(-8.879789,-43.385570693,-6.498317001));
#2324 = CARTESIAN_POINT('',(-8.720274,-43.37866944,-6.439747038));
#2325 = CARTESIAN_POINT('',(-8.555057,-43.372223772,-6.392709137));
#2326 = CARTESIAN_POINT('',(-8.389839,-43.365778105,-6.345671237));
#2327 = CARTESIAN_POINT('',(-8.220313,-43.359857391,-6.310271442));
#2328 = CARTESIAN_POINT('',(-8.046474,-43.355696641,-6.286329515));
#2329 = CARTESIAN_POINT('',(-7.872635,-43.351535891,-6.262387589));
#2330 = CARTESIAN_POINT('',(-7.693358,-43.349152378,-6.249999774));
#2331 = CARTESIAN_POINT('',(-7.514026,-43.349152421,-6.25));
#2332 = PCURVE('',#1946,#2333);
#2333 = DEFINITIONAL_REPRESENTATION('',(#2334),#2360);
#2334 = B_SPLINE_CURVE_WITH_KNOTS('',3,(#2335,#2336,#2337,#2338,#2339,
    #2340,#2341,#2342,#2343,#2344,#2345,#2346,#2347,#2348,#2349,#2350,
    #2351,#2352,#2353,#2354,#2355,#2356,#2357,#2358,#2359),
  .UNSPECIFIED.,.F.,.F.,(4,1,1,1,1,1,1,1,1,1,1,1,1,1,1,1,1,1,1,1,1,1,4),
  (0.,6.871236363636E-05,1.374247272727E-04,2.061370909091E-04,
    2.748494545455E-04,3.435618181818E-04,4.122741818182E-04,
    4.809865454545E-04,5.496989090909E-04,6.184112727273E-04,
    6.871236363636E-04,7.55836E-04,8.245483636364E-04,8.932607272727E-04
    ,9.619730909091E-04,1.030685454545E-03,1.099397818182E-03,
    1.168110181818E-03,1.236822545455E-03,1.305534909091E-03,
    1.374247272727E-03,1.442959636364E-03,1.511672E-03),
  .QUASI_UNIFORM_KNOTS.);
#2335 = CARTESIAN_POINT('',(4.712388343051,-5.877495719));
#2336 = CARTESIAN_POINT('',(4.707051820741,-5.860643267182));
#2337 = CARTESIAN_POINT('',(4.696605775011,-5.826490596057));
#2338 = CARTESIAN_POINT('',(4.68160887524,-5.773927272219));
#2339 = CARTESIAN_POINT('',(4.667275004881,-5.720038230346));
#2340 = CARTESIAN_POINT('',(4.653596115021,-5.664833421237));
#2341 = CARTESIAN_POINT('',(4.640564834293,-5.608317775162));
#2342 = CARTESIAN_POINT('',(4.628174818247,-5.550514952823));
#2343 = CARTESIAN_POINT('',(4.616402226003,-5.49121943325));
#2344 = CARTESIAN_POINT('',(4.605280034378,-5.430602233218));
#2345 = CARTESIAN_POINT('',(4.594833349917,-5.368781514738));
#2346 = CARTESIAN_POINT('',(4.585090393179,-5.305900155269));
#2347 = CARTESIAN_POINT('',(4.57607759268,-5.242055025246));
#2348 = CARTESIAN_POINT('',(4.567828043792,-5.177502307749));
#2349 = CARTESIAN_POINT('',(4.560345959786,-5.112366769861));
#2350 = CARTESIAN_POINT('',(4.553629695689,-5.046614774395));
#2351 = CARTESIAN_POINT('',(4.547679274094,-4.98025551187));
#2352 = CARTESIAN_POINT('',(4.542495105968,-4.913285266249));
#2353 = CARTESIAN_POINT('',(4.538075601612,-4.845709120011));
#2354 = CARTESIAN_POINT('',(4.534434131013,-4.777407923623));
#2355 = CARTESIAN_POINT('',(4.531582121659,-4.70855242258));
#2356 = CARTESIAN_POINT('',(4.529530606948,-4.639272273837));
#2357 = CARTESIAN_POINT('',(4.528290765378,-4.569708147773));
#2358 = CARTESIAN_POINT('',(4.528012776707,-4.523234549));
#2359 = CARTESIAN_POINT('',(4.528012789372,-4.499996463));
#2360 = ( GEOMETRIC_REPRESENTATION_CONTEXT(2) 
PARAMETRIC_REPRESENTATION_CONTEXT() REPRESENTATION_CONTEXT('2D SPACE',''
  ) );
#2361 = PCURVE('',#2362,#2367);
#2362 = CYLINDRICAL_SURFACE('',#2363,2.);
#2363 = AXIS2_PLACEMENT_3D('',#2364,#2365,#2366);
#2364 = CARTESIAN_POINT('',(-7.514031,-40.4,-8.25));
#2365 = DIRECTION('',(0.,-1.,0.));
#2366 = DIRECTION('',(0.,0.,1.));
#2367 = DEFINITIONAL_REPRESENTATION('',(#2368),#2394);
#2368 = B_SPLINE_CURVE_WITH_KNOTS('',3,(#2369,#2370,#2371,#2372,#2373,
    #2374,#2375,#2376,#2377,#2378,#2379,#2380,#2381,#2382,#2383,#2384,
    #2385,#2386,#2387,#2388,#2389,#2390,#2391,#2392,#2393),
  .UNSPECIFIED.,.F.,.F.,(4,1,1,1,1,1,1,1,1,1,1,1,1,1,1,1,1,1,1,1,1,1,4),
  (0.,6.871236363636E-05,1.374247272727E-04,2.061370909091E-04,
    2.748494545455E-04,3.435618181818E-04,4.122741818182E-04,
    4.809865454545E-04,5.496989090909E-04,6.184112727273E-04,
    6.871236363636E-04,7.55836E-04,8.245483636364E-04,8.932607272727E-04
    ,9.619730909091E-04,1.030685454545E-03,1.099397818182E-03,
    1.168110181818E-03,1.236822545455E-03,1.305534909091E-03,
    1.374247272727E-03,1.442959636364E-03,1.511672E-03),
  .QUASI_UNIFORM_KNOTS.);
#2369 = CARTESIAN_POINT('',(0.75976054457,3.));
#2370 = CARTESIAN_POINT('',(0.748138194829,2.999999989818));
#2371 = CARTESIAN_POINT('',(0.724965896028,2.999748075523));
#2372 = CARTESIAN_POINT('',(0.690380535453,2.998697852209));
#2373 = CARTESIAN_POINT('',(0.655923826125,2.997058526689));
#2374 = CARTESIAN_POINT('',(0.621552458546,2.994913629542));
#2375 = CARTESIAN_POINT('',(0.587221655428,2.992345647951));
#2376 = CARTESIAN_POINT('',(0.552896026769,2.989440961766));
#2377 = CARTESIAN_POINT('',(0.518429276218,2.986256578037));
#2378 = CARTESIAN_POINT('',(0.483878420486,2.982867529362));
#2379 = CARTESIAN_POINT('',(0.449272152518,2.97934716446));
#2380 = CARTESIAN_POINT('',(0.414651811019,2.975770020193));
#2381 = CARTESIAN_POINT('',(0.380035475646,2.972207564734));
#2382 = CARTESIAN_POINT('',(0.345516913236,2.968742352872));
#2383 = CARTESIAN_POINT('',(0.3111147573,2.965427652661));
#2384 = CARTESIAN_POINT('',(0.27677072508,2.962305629735));
#2385 = CARTESIAN_POINT('',(0.242447211069,2.959421583528));
#2386 = CARTESIAN_POINT('',(0.208100750705,2.956819380702));
#2387 = CARTESIAN_POINT('',(0.173692372384,2.954545485199));
#2388 = CARTESIAN_POINT('',(0.139125937791,2.952637140084));
#2389 = CARTESIAN_POINT('',(0.10444651586,2.951113538641));
#2390 = CARTESIAN_POINT('',(6.967920764201E-02,2.949997262771));
#2391 = CARTESIAN_POINT('',(3.485418219424E-02,2.949309986084));
#2392 = CARTESIAN_POINT('',(1.161715554245E-02,2.949152413182));
#2393 = CARTESIAN_POINT('',(-1.768499999777E-06,2.949152421));
#2394 = ( GEOMETRIC_REPRESENTATION_CONTEXT(2) 
PARAMETRIC_REPRESENTATION_CONTEXT() REPRESENTATION_CONTEXT('2D SPACE',''
  ) );
#2395 = ORIENTED_EDGE('',*,*,#2396,.T.);
#2396 = EDGE_CURVE('',#2315,#2397,#2399,.T.);
#2397 = VERTEX_POINT('',#2398);
#2398 = CARTESIAN_POINT('',(5.114031,-43.349152421,-6.25));
#2399 = SURFACE_CURVE('',#2400,(#2404,#2411),.PCURVE_S1.);
#2400 = LINE('',#2401,#2402);
#2401 = CARTESIAN_POINT('',(-7.514026,-43.349152421,-6.25));
#2402 = VECTOR('',#2403,1.);
#2403 = DIRECTION('',(1.,-0.,-0.));
#2404 = PCURVE('',#1946,#2405);
#2405 = DEFINITIONAL_REPRESENTATION('',(#2406),#2410);
#2406 = LINE('',#2407,#2408);
#2407 = CARTESIAN_POINT('',(4.528012789372,-4.499996463));
#2408 = VECTOR('',#2409,1.);
#2409 = DIRECTION('',(0.,1.));
#2410 = ( GEOMETRIC_REPRESENTATION_CONTEXT(2) 
PARAMETRIC_REPRESENTATION_CONTEXT() REPRESENTATION_CONTEXT('2D SPACE',''
  ) );
#2411 = PCURVE('',#2412,#2417);
#2412 = PLANE('',#2413);
#2413 = AXIS2_PLACEMENT_3D('',#2414,#2415,#2416);
#2414 = CARTESIAN_POINT('',(-1.200000,-40.4,-6.25));
#2415 = DIRECTION('',(-0.,-0.,-1.));
#2416 = DIRECTION('',(-0.999964336011,8.44551400009E-03,0.));
#2417 = DEFINITIONAL_REPRESENTATION('',(#2418),#2422);
#2418 = LINE('',#2419,#2420);
#2419 = CARTESIAN_POINT('',(4.474928867114,-2.987052025588));
#2420 = VECTOR('',#2421,1.);
#2421 = DIRECTION('',(-0.999964336011,8.44551400009E-03));
#2422 = ( GEOMETRIC_REPRESENTATION_CONTEXT(2) 
PARAMETRIC_REPRESENTATION_CONTEXT() REPRESENTATION_CONTEXT('2D SPACE',''
  ) );
#2423 = ORIENTED_EDGE('',*,*,#2424,.T.);
#2424 = EDGE_CURVE('',#2397,#1931,#2425,.T.);
#2425 = SURFACE_CURVE('',#2426,(#2440,#2469),.PCURVE_S1.);
#2426 = B_SPLINE_CURVE_WITH_KNOTS('',3,(#2427,#2428,#2429,#2430,#2431,
    #2432,#2433,#2434,#2435,#2436,#2437,#2438,#2439),.UNSPECIFIED.,.F.,
  .F.,(4,3,3,3,4),(0.,3.77893E-04,7.55786E-04,1.133678E-03,1.511571E-03)
  ,.UNSPECIFIED.);
#2427 = CARTESIAN_POINT('',(5.114031,-43.349152421,-6.25));
#2428 = CARTESIAN_POINT('',(5.293366,-43.349152421,-6.25));
#2429 = CARTESIAN_POINT('',(5.469720,-43.351488869,-6.262138063));
#2430 = CARTESIAN_POINT('',(5.643242,-43.355619493,-6.285885795));
#2431 = CARTESIAN_POINT('',(5.816763,-43.359750116,-6.309633528));
#2432 = CARTESIAN_POINT('',(5.989063,-43.365749745,-6.345489427));
#2433 = CARTESIAN_POINT('',(6.154309,-43.37219461,-6.392496378));
#2434 = CARTESIAN_POINT('',(6.319555,-43.378639474,-6.439503328));
#2435 = CARTESIAN_POINT('',(6.476627,-43.38544261,-6.497048461));
#2436 = CARTESIAN_POINT('',(6.625753,-43.390782145,-6.565006046));
#2437 = CARTESIAN_POINT('',(6.774880,-43.396121681,-6.63296363));
#2438 = CARTESIAN_POINT('',(6.916799,-43.4,-6.711965861));
#2439 = CARTESIAN_POINT('',(7.046823,-43.4,-6.8));
#2440 = PCURVE('',#1946,#2441);
#2441 = DEFINITIONAL_REPRESENTATION('',(#2442),#2468);
#2442 = B_SPLINE_CURVE_WITH_KNOTS('',3,(#2443,#2444,#2445,#2446,#2447,
    #2448,#2449,#2450,#2451,#2452,#2453,#2454,#2455,#2456,#2457,#2458,
    #2459,#2460,#2461,#2462,#2463,#2464,#2465,#2466,#2467),
  .UNSPECIFIED.,.F.,.F.,(4,1,1,1,1,1,1,1,1,1,1,1,1,1,1,1,1,1,1,1,1,1,4),
  (0.,6.870777272727E-05,1.374155454545E-04,2.061233181818E-04,
    2.748310909091E-04,3.435388636364E-04,4.122466363636E-04,
    4.809544090909E-04,5.496621818182E-04,6.183699545455E-04,
    6.870777272727E-04,7.557855E-04,8.244932727273E-04,
    8.932010454545E-04,9.619088181818E-04,1.030616590909E-03,
    1.099324363636E-03,1.168032136364E-03,1.236739909091E-03,
    1.305447681818E-03,1.374155454545E-03,1.442863227273E-03,
    1.511571E-03),.QUASI_UNIFORM_KNOTS.);
#2443 = CARTESIAN_POINT('',(4.528012789372,4.5));
#2444 = CARTESIAN_POINT('',(4.528012790606,4.523238466081));
#2445 = CARTESIAN_POINT('',(4.528285202817,4.569574970203));
#2446 = CARTESIAN_POINT('',(4.529503599591,4.638662154632));
#2447 = CARTESIAN_POINT('',(4.531524396996,4.707335767891));
#2448 = CARTESIAN_POINT('',(4.534339961896,4.775598801794));
#2449 = CARTESIAN_POINT('',(4.537943776024,4.84345799502));
#2450 = CARTESIAN_POINT('',(4.542325305827,4.910906107548));
#2451 = CARTESIAN_POINT('',(4.547513221735,4.978139688955));
#2452 = CARTESIAN_POINT('',(4.553488761734,5.044966473955));
#2453 = CARTESIAN_POINT('',(4.560239768344,5.111249724398));
#2454 = CARTESIAN_POINT('',(4.567750380684,5.176829368597));
#2455 = CARTESIAN_POINT('',(4.576014159926,5.241583141871));
#2456 = CARTESIAN_POINT('',(4.584991914119,5.305260885059));
#2457 = CARTESIAN_POINT('',(4.594653928137,5.367767707107));
#2458 = CARTESIAN_POINT('',(4.605003956443,5.429136458174));
#2459 = CARTESIAN_POINT('',(4.616037144569,5.489365798422));
#2460 = CARTESIAN_POINT('',(4.627752332392,5.548463406793));
#2461 = CARTESIAN_POINT('',(4.640144953657,5.606435077105));
#2462 = CARTESIAN_POINT('',(4.653251398194,5.663347246811));
#2463 = CARTESIAN_POINT('',(4.667040721805,5.719054654628));
#2464 = CARTESIAN_POINT('',(4.68149179708,5.773443407773));
#2465 = CARTESIAN_POINT('',(4.696581769014,5.826391205413));
#2466 = CARTESIAN_POINT('',(4.70705365462,5.860649075419));
#2467 = CARTESIAN_POINT('',(4.712388980385,5.877497731));
#2468 = ( GEOMETRIC_REPRESENTATION_CONTEXT(2) 
PARAMETRIC_REPRESENTATION_CONTEXT() REPRESENTATION_CONTEXT('2D SPACE',''
  ) );
#2469 = PCURVE('',#1979,#2470);
#2470 = DEFINITIONAL_REPRESENTATION('',(#2471),#2497);
#2471 = B_SPLINE_CURVE_WITH_KNOTS('',3,(#2472,#2473,#2474,#2475,#2476,
    #2477,#2478,#2479,#2480,#2481,#2482,#2483,#2484,#2485,#2486,#2487,
    #2488,#2489,#2490,#2491,#2492,#2493,#2494,#2495,#2496),
  .UNSPECIFIED.,.F.,.F.,(4,1,1,1,1,1,1,1,1,1,1,1,1,1,1,1,1,1,1,1,1,1,4),
  (0.,6.870777272727E-05,1.374155454545E-04,2.061233181818E-04,
    2.748310909091E-04,3.435388636364E-04,4.122466363636E-04,
    4.809544090909E-04,5.496621818182E-04,6.183699545455E-04,
    6.870777272727E-04,7.557855E-04,8.244932727273E-04,
    8.932010454545E-04,9.619088181818E-04,1.030616590909E-03,
    1.099324363636E-03,1.168032136364E-03,1.236739909091E-03,
    1.305447681818E-03,1.374155454545E-03,1.442863227273E-03,
    1.511571E-03),.QUASI_UNIFORM_KNOTS.);
#2472 = CARTESIAN_POINT('',(6.28318530718,2.949152421));
#2473 = CARTESIAN_POINT('',(6.271566089707,2.949152421));
#2474 = CARTESIAN_POINT('',(6.248397817876,2.949306895631));
#2475 = CARTESIAN_POINT('',(6.213813009545,2.949982485085));
#2476 = CARTESIAN_POINT('',(6.179352589422,2.951082367293));
#2477 = CARTESIAN_POINT('',(6.144974470793,2.952587091796));
#2478 = CARTESIAN_POINT('',(6.110635045317,2.954476709331));
#2479 = CARTESIAN_POINT('',(6.076300161261,2.956733131551));
#2480 = CARTESIAN_POINT('',(6.041824020266,2.95933848157));
#2481 = CARTESIAN_POINT('',(6.00726424149,2.962236441779));
#2482 = CARTESIAN_POINT('',(5.97265016034,2.965377193953));
#2483 = CARTESIAN_POINT('',(5.938023790214,2.968708255763));
#2484 = CARTESIAN_POINT('',(5.903403807599,2.972181301918));
#2485 = CARTESIAN_POINT('',(5.868884897291,2.975734043072));
#2486 = CARTESIAN_POINT('',(5.834485731502,2.979289839368));
#2487 = CARTESIAN_POINT('',(5.80014722986,2.982785881156));
#2488 = CARTESIAN_POINT('',(5.765831249796,2.986155830106));
#2489 = CARTESIAN_POINT('',(5.73149366861,2.989333632396));
#2490 = CARTESIAN_POINT('',(5.697095207161,2.992255624852));
#2491 = CARTESIAN_POINT('',(5.662537428933,2.994845948303));
#2492 = CARTESIAN_POINT('',(5.627865094254,2.997015224511));
#2493 = CARTESIAN_POINT('',(5.593102824456,2.998676877709));
#2494 = CARTESIAN_POINT('',(5.558280336081,2.999743580949));
#2495 = CARTESIAN_POINT('',(5.535043018061,3.));
#2496 = CARTESIAN_POINT('',(5.523423374816,3.));
#2497 = ( GEOMETRIC_REPRESENTATION_CONTEXT(2) 
PARAMETRIC_REPRESENTATION_CONTEXT() REPRESENTATION_CONTEXT('2D SPACE',''
  ) );
#2498 = ORIENTED_EDGE('',*,*,#1928,.F.);
#2499 = ORIENTED_EDGE('',*,*,#2500,.T.);
#2500 = EDGE_CURVE('',#1929,#2501,#2503,.T.);
#2501 = VERTEX_POINT('',#2502);
#2502 = CARTESIAN_POINT('',(13.462583,-40.4,-3.8));
#2503 = SURFACE_CURVE('',#2504,(#2509,#2516),.PCURVE_S1.);
#2504 = CIRCLE('',#2505,3.);
#2505 = AXIS2_PLACEMENT_3D('',#2506,#2507,#2508);
#2506 = CARTESIAN_POINT('',(13.462583,-40.4,-6.8));
#2507 = DIRECTION('',(-1.,0.,0.));
#2508 = DIRECTION('',(0.,0.,1.));
#2509 = PCURVE('',#1946,#2510);
#2510 = DEFINITIONAL_REPRESENTATION('',(#2511),#2515);
#2511 = LINE('',#2512,#2513);
#2512 = CARTESIAN_POINT('',(9.424777960769,10.45));
#2513 = VECTOR('',#2514,1.);
#2514 = DIRECTION('',(-1.,0.));
#2515 = ( GEOMETRIC_REPRESENTATION_CONTEXT(2) 
PARAMETRIC_REPRESENTATION_CONTEXT() REPRESENTATION_CONTEXT('2D SPACE',''
  ) );
#2516 = PCURVE('',#2517,#2522);
#2517 = TOROIDAL_SURFACE('',#2518,9.,3.);
#2518 = AXIS2_PLACEMENT_3D('',#2519,#2520,#2521);
#2519 = CARTESIAN_POINT('',(13.462583,-31.4,-6.8));
#2520 = DIRECTION('',(0.,0.,1.));
#2521 = DIRECTION('',(1.,0.,-0.));
#2522 = DEFINITIONAL_REPRESENTATION('',(#2523),#2527);
#2523 = LINE('',#2524,#2525);
#2524 = CARTESIAN_POINT('',(4.712388980385,-4.712388980385));
#2525 = VECTOR('',#2526,1.);
#2526 = DIRECTION('',(0.,1.));
#2527 = ( GEOMETRIC_REPRESENTATION_CONTEXT(2) 
PARAMETRIC_REPRESENTATION_CONTEXT() REPRESENTATION_CONTEXT('2D SPACE',''
  ) );
#2528 = ORIENTED_EDGE('',*,*,#2529,.F.);
#2529 = EDGE_CURVE('',#2530,#2501,#2532,.T.);
#2530 = VERTEX_POINT('',#2531);
#2531 = CARTESIAN_POINT('',(-15.862584,-40.4,-3.8));
#2532 = SURFACE_CURVE('',#2533,(#2537,#2544),.PCURVE_S1.);
#2533 = LINE('',#2534,#2535);
#2534 = CARTESIAN_POINT('',(-15.862584,-40.4,-3.8));
#2535 = VECTOR('',#2536,1.);
#2536 = DIRECTION('',(1.,-0.,-0.));
#2537 = PCURVE('',#1946,#2538);
#2538 = DEFINITIONAL_REPRESENTATION('',(#2539),#2543);
#2539 = LINE('',#2540,#2541);
#2540 = CARTESIAN_POINT('',(3.14159265359,-10.45));
#2541 = VECTOR('',#2542,1.);
#2542 = DIRECTION('',(0.,1.));
#2543 = ( GEOMETRIC_REPRESENTATION_CONTEXT(2) 
PARAMETRIC_REPRESENTATION_CONTEXT() REPRESENTATION_CONTEXT('2D SPACE',''
  ) );
#2544 = PCURVE('',#2545,#2550);
#2545 = PLANE('',#2546);
#2546 = AXIS2_PLACEMENT_3D('',#2547,#2548,#2549);
#2547 = CARTESIAN_POINT('',(-1.200000,-14.2,-3.8));
#2548 = DIRECTION('',(0.,0.,1.));
#2549 = DIRECTION('',(1.,0.,-0.));
#2550 = DEFINITIONAL_REPRESENTATION('',(#2551),#2555);
#2551 = LINE('',#2552,#2553);
#2552 = CARTESIAN_POINT('',(-10.45,-26.2));
#2553 = VECTOR('',#2554,1.);
#2554 = DIRECTION('',(1.,-0.));
#2555 = ( GEOMETRIC_REPRESENTATION_CONTEXT(2) 
PARAMETRIC_REPRESENTATION_CONTEXT() REPRESENTATION_CONTEXT('2D SPACE',''
  ) );
#2556 = ORIENTED_EDGE('',*,*,#2557,.T.);
#2557 = EDGE_CURVE('',#2530,#2292,#2558,.T.);
#2558 = SURFACE_CURVE('',#2559,(#2564,#2571),.PCURVE_S1.);
#2559 = CIRCLE('',#2560,3.);
#2560 = AXIS2_PLACEMENT_3D('',#2561,#2562,#2563);
#2561 = CARTESIAN_POINT('',(-15.862584,-40.4,-6.8));
#2562 = DIRECTION('',(1.,-0.,0.));
#2563 = DIRECTION('',(-0.,-0.,-1.));
#2564 = PCURVE('',#1946,#2565);
#2565 = DEFINITIONAL_REPRESENTATION('',(#2566),#2570);
#2566 = LINE('',#2567,#2568);
#2567 = CARTESIAN_POINT('',(0.,-10.45));
#2568 = VECTOR('',#2569,1.);
#2569 = DIRECTION('',(1.,0.));
#2570 = ( GEOMETRIC_REPRESENTATION_CONTEXT(2) 
PARAMETRIC_REPRESENTATION_CONTEXT() REPRESENTATION_CONTEXT('2D SPACE',''
  ) );
#2571 = PCURVE('',#2572,#2577);
#2572 = TOROIDAL_SURFACE('',#2573,9.,3.);
#2573 = AXIS2_PLACEMENT_3D('',#2574,#2575,#2576);
#2574 = CARTESIAN_POINT('',(-15.862584,-31.4,-6.8));
#2575 = DIRECTION('',(0.,0.,1.));
#2576 = DIRECTION('',(1.,0.,-0.));
#2577 = DEFINITIONAL_REPRESENTATION('',(#2578),#2582);
#2578 = LINE('',#2579,#2580);
#2579 = CARTESIAN_POINT('',(4.712388980385,4.712388980385));
#2580 = VECTOR('',#2581,1.);
#2581 = DIRECTION('',(0.,-1.));
#2582 = ( GEOMETRIC_REPRESENTATION_CONTEXT(2) 
PARAMETRIC_REPRESENTATION_CONTEXT() REPRESENTATION_CONTEXT('2D SPACE',''
  ) );
#2583 = ADVANCED_FACE('',(#2584),#2153,.F.);
#2584 = FACE_BOUND('',#2585,.F.);
#2585 = EDGE_LOOP('',(#2586,#2608,#2609,#2631));
#2586 = ORIENTED_EDGE('',*,*,#2587,.T.);
#2587 = EDGE_CURVE('',#2138,#2190,#2588,.T.);
#2588 = SURFACE_CURVE('',#2589,(#2594,#2601),.PCURVE_S1.);
#2589 = CIRCLE('',#2590,2.);
#2590 = AXIS2_PLACEMENT_3D('',#2591,#2592,#2593);
#2591 = CARTESIAN_POINT('',(2.939198,-38.5,-9.5));
#2592 = DIRECTION('',(-0.,-1.,0.));
#2593 = DIRECTION('',(0.,-0.,1.));
#2594 = PCURVE('',#2153,#2595);
#2595 = DEFINITIONAL_REPRESENTATION('',(#2596),#2600);
#2596 = LINE('',#2597,#2598);
#2597 = CARTESIAN_POINT('',(10.995574287564,1.3));
#2598 = VECTOR('',#2599,1.);
#2599 = DIRECTION('',(-1.,0.));
#2600 = ( GEOMETRIC_REPRESENTATION_CONTEXT(2) 
PARAMETRIC_REPRESENTATION_CONTEXT() REPRESENTATION_CONTEXT('2D SPACE',''
  ) );
#2601 = PCURVE('',#1584,#2602);
#2602 = DEFINITIONAL_REPRESENTATION('',(#2603),#2607);
#2603 = CIRCLE('',#2604,2.);
#2604 = AXIS2_PLACEMENT_2D('',#2605,#2606);
#2605 = CARTESIAN_POINT('',(-0.5,-2.95));
#2606 = DIRECTION('',(1.,0.));
#2607 = ( GEOMETRIC_REPRESENTATION_CONTEXT(2) 
PARAMETRIC_REPRESENTATION_CONTEXT() REPRESENTATION_CONTEXT('2D SPACE',''
  ) );
#2608 = ORIENTED_EDGE('',*,*,#2189,.T.);
#2609 = ORIENTED_EDGE('',*,*,#2610,.F.);
#2610 = EDGE_CURVE('',#2115,#2192,#2611,.T.);
#2611 = SURFACE_CURVE('',#2612,(#2617,#2624),.PCURVE_S1.);
#2612 = CIRCLE('',#2613,2.);
#2613 = AXIS2_PLACEMENT_3D('',#2614,#2615,#2616);
#2614 = CARTESIAN_POINT('',(2.939198,-39.5,-9.5));
#2615 = DIRECTION('',(-0.,-1.,0.));
#2616 = DIRECTION('',(-1.,0.,0.));
#2617 = PCURVE('',#2153,#2618);
#2618 = DEFINITIONAL_REPRESENTATION('',(#2619),#2623);
#2619 = LINE('',#2620,#2621);
#2620 = CARTESIAN_POINT('',(9.424777960769,0.3));
#2621 = VECTOR('',#2622,1.);
#2622 = DIRECTION('',(-1.,0.));
#2623 = ( GEOMETRIC_REPRESENTATION_CONTEXT(2) 
PARAMETRIC_REPRESENTATION_CONTEXT() REPRESENTATION_CONTEXT('2D SPACE',''
  ) );
#2624 = PCURVE('',#1530,#2625);
#2625 = DEFINITIONAL_REPRESENTATION('',(#2626),#2630);
#2626 = CIRCLE('',#2627,2.);
#2627 = AXIS2_PLACEMENT_2D('',#2628,#2629);
#2628 = CARTESIAN_POINT('',(2.546677108,97.5));
#2629 = DIRECTION('',(-1.,0.));
#2630 = ( GEOMETRIC_REPRESENTATION_CONTEXT(2) 
PARAMETRIC_REPRESENTATION_CONTEXT() REPRESENTATION_CONTEXT('2D SPACE',''
  ) );
#2631 = ORIENTED_EDGE('',*,*,#2137,.T.);
#2632 = ADVANCED_FACE('',(#2633),#2055,.F.);
#2633 = FACE_BOUND('',#2634,.F.);
#2634 = EDGE_LOOP('',(#2635,#2657,#2658,#2680));
#2635 = ORIENTED_EDGE('',*,*,#2636,.T.);
#2636 = EDGE_CURVE('',#2243,#2038,#2637,.T.);
#2637 = SURFACE_CURVE('',#2638,(#2643,#2650),.PCURVE_S1.);
#2638 = CIRCLE('',#2639,2.);
#2639 = AXIS2_PLACEMENT_3D('',#2640,#2641,#2642);
#2640 = CARTESIAN_POINT('',(-5.339198,-38.5,-9.5));
#2641 = DIRECTION('',(-0.,-1.,0.));
#2642 = DIRECTION('',(0.,-0.,1.));
#2643 = PCURVE('',#2055,#2644);
#2644 = DEFINITIONAL_REPRESENTATION('',(#2645),#2649);
#2645 = LINE('',#2646,#2647);
#2646 = CARTESIAN_POINT('',(4.712388980385,24.3));
#2647 = VECTOR('',#2648,1.);
#2648 = DIRECTION('',(1.,0.));
#2649 = ( GEOMETRIC_REPRESENTATION_CONTEXT(2) 
PARAMETRIC_REPRESENTATION_CONTEXT() REPRESENTATION_CONTEXT('2D SPACE',''
  ) );
#2650 = PCURVE('',#1584,#2651);
#2651 = DEFINITIONAL_REPRESENTATION('',(#2652),#2656);
#2652 = CIRCLE('',#2653,2.);
#2653 = AXIS2_PLACEMENT_2D('',#2654,#2655);
#2654 = CARTESIAN_POINT('',(-0.5,2.95));
#2655 = DIRECTION('',(1.,0.));
#2656 = ( GEOMETRIC_REPRESENTATION_CONTEXT(2) 
PARAMETRIC_REPRESENTATION_CONTEXT() REPRESENTATION_CONTEXT('2D SPACE',''
  ) );
#2657 = ORIENTED_EDGE('',*,*,#2037,.T.);
#2658 = ORIENTED_EDGE('',*,*,#2659,.F.);
#2659 = EDGE_CURVE('',#2220,#2040,#2660,.T.);
#2660 = SURFACE_CURVE('',#2661,(#2666,#2673),.PCURVE_S1.);
#2661 = CIRCLE('',#2662,2.);
#2662 = AXIS2_PLACEMENT_3D('',#2663,#2664,#2665);
#2663 = CARTESIAN_POINT('',(-5.339198,-39.5,-9.5));
#2664 = DIRECTION('',(-0.,-1.,0.));
#2665 = DIRECTION('',(-1.,0.,0.));
#2666 = PCURVE('',#2055,#2667);
#2667 = DEFINITIONAL_REPRESENTATION('',(#2668),#2672);
#2668 = LINE('',#2669,#2670);
#2669 = CARTESIAN_POINT('',(0.,25.3));
#2670 = VECTOR('',#2671,1.);
#2671 = DIRECTION('',(1.,0.));
#2672 = ( GEOMETRIC_REPRESENTATION_CONTEXT(2) 
PARAMETRIC_REPRESENTATION_CONTEXT() REPRESENTATION_CONTEXT('2D SPACE',''
  ) );
#2673 = PCURVE('',#1530,#2674);
#2674 = DEFINITIONAL_REPRESENTATION('',(#2675),#2679);
#2675 = CIRCLE('',#2676,2.);
#2676 = AXIS2_PLACEMENT_2D('',#2677,#2678);
#2677 = CARTESIAN_POINT('',(-3.353322892,97.5));
#2678 = DIRECTION('',(-1.,0.));
#2679 = ( GEOMETRIC_REPRESENTATION_CONTEXT(2) 
PARAMETRIC_REPRESENTATION_CONTEXT() REPRESENTATION_CONTEXT('2D SPACE',''
  ) );
#2680 = ORIENTED_EDGE('',*,*,#2242,.T.);
#2681 = ADVANCED_FACE('',(#2682),#338,.F.);
#2682 = FACE_BOUND('',#2683,.T.);
#2683 = EDGE_LOOP('',(#2684,#2685,#2706,#2707));
#2684 = ORIENTED_EDGE('',*,*,#322,.T.);
#2685 = ORIENTED_EDGE('',*,*,#2686,.T.);
#2686 = EDGE_CURVE('',#290,#929,#2687,.T.);
#2687 = SURFACE_CURVE('',#2688,(#2692,#2699),.PCURVE_S1.);
#2688 = LINE('',#2689,#2690);
#2689 = CARTESIAN_POINT('',(30.300000,2.9,-11.0));
#2690 = VECTOR('',#2691,1.);
#2691 = DIRECTION('',(-1.,0.,0.));
#2692 = PCURVE('',#338,#2693);
#2693 = DEFINITIONAL_REPRESENTATION('',(#2694),#2698);
#2694 = LINE('',#2695,#2696);
#2695 = CARTESIAN_POINT('',(5.,-1.));
#2696 = VECTOR('',#2697,1.);
#2697 = DIRECTION('',(-1.,0.));
#2698 = ( GEOMETRIC_REPRESENTATION_CONTEXT(2) 
PARAMETRIC_REPRESENTATION_CONTEXT() REPRESENTATION_CONTEXT('2D SPACE',''
  ) );
#2699 = PCURVE('',#310,#2700);
#2700 = DEFINITIONAL_REPRESENTATION('',(#2701),#2705);
#2701 = LINE('',#2702,#2703);
#2702 = CARTESIAN_POINT('',(1.570796326795,22.45));
#2703 = VECTOR('',#2704,1.);
#2704 = DIRECTION('',(0.,-1.));
#2705 = ( GEOMETRIC_REPRESENTATION_CONTEXT(2) 
PARAMETRIC_REPRESENTATION_CONTEXT() REPRESENTATION_CONTEXT('2D SPACE',''
  ) );
#2706 = ORIENTED_EDGE('',*,*,#928,.F.);
#2707 = ORIENTED_EDGE('',*,*,#2708,.T.);
#2708 = EDGE_CURVE('',#906,#323,#2709,.T.);
#2709 = SURFACE_CURVE('',#2710,(#2714,#2721),.PCURVE_S1.);
#2710 = LINE('',#2711,#2712);
#2711 = CARTESIAN_POINT('',(23.284410,2.9,-12.0));
#2712 = VECTOR('',#2713,1.);
#2713 = DIRECTION('',(1.,-0.,-0.));
#2714 = PCURVE('',#338,#2715);
#2715 = DEFINITIONAL_REPRESENTATION('',(#2716),#2720);
#2716 = LINE('',#2717,#2718);
#2717 = CARTESIAN_POINT('',(0.,0.));
#2718 = VECTOR('',#2719,1.);
#2719 = DIRECTION('',(1.,0.));
#2720 = ( GEOMETRIC_REPRESENTATION_CONTEXT(2) 
PARAMETRIC_REPRESENTATION_CONTEXT() REPRESENTATION_CONTEXT('2D SPACE',''
  ) );
#2721 = PCURVE('',#366,#2722);
#2722 = DEFINITIONAL_REPRESENTATION('',(#2723),#2727);
#2723 = LINE('',#2724,#2725);
#2724 = CARTESIAN_POINT('',(-17.45,17.1));
#2725 = VECTOR('',#2726,1.);
#2726 = DIRECTION('',(-1.,0.));
#2727 = ( GEOMETRIC_REPRESENTATION_CONTEXT(2) 
PARAMETRIC_REPRESENTATION_CONTEXT() REPRESENTATION_CONTEXT('2D SPACE',''
  ) );
#2728 = ADVANCED_FACE('',(#2729),#277,.T.);
#2729 = FACE_BOUND('',#2730,.T.);
#2730 = EDGE_LOOP('',(#2731,#2732,#2753,#2754));
#2731 = ORIENTED_EDGE('',*,*,#975,.F.);
#2732 = ORIENTED_EDGE('',*,*,#2733,.T.);
#2733 = EDGE_CURVE('',#952,#262,#2734,.T.);
#2734 = SURFACE_CURVE('',#2735,(#2739,#2746),.PCURVE_S1.);
#2735 = LINE('',#2736,#2737);
#2736 = CARTESIAN_POINT('',(23.284410,1.9,-10.0));
#2737 = VECTOR('',#2738,1.);
#2738 = DIRECTION('',(1.,-0.,-0.));
#2739 = PCURVE('',#277,#2740);
#2740 = DEFINITIONAL_REPRESENTATION('',(#2741),#2745);
#2741 = LINE('',#2742,#2743);
#2742 = CARTESIAN_POINT('',(-17.45,16.1));
#2743 = VECTOR('',#2744,1.);
#2744 = DIRECTION('',(-1.,0.));
#2745 = ( GEOMETRIC_REPRESENTATION_CONTEXT(2) 
PARAMETRIC_REPRESENTATION_CONTEXT() REPRESENTATION_CONTEXT('2D SPACE',''
  ) );
#2746 = PCURVE('',#310,#2747);
#2747 = DEFINITIONAL_REPRESENTATION('',(#2748),#2752);
#2748 = LINE('',#2749,#2750);
#2749 = CARTESIAN_POINT('',(3.14159265359,17.45));
#2750 = VECTOR('',#2751,1.);
#2751 = DIRECTION('',(0.,1.));
#2752 = ( GEOMETRIC_REPRESENTATION_CONTEXT(2) 
PARAMETRIC_REPRESENTATION_CONTEXT() REPRESENTATION_CONTEXT('2D SPACE',''
  ) );
#2753 = ORIENTED_EDGE('',*,*,#261,.T.);
#2754 = ORIENTED_EDGE('',*,*,#2755,.T.);
#2755 = EDGE_CURVE('',#229,#976,#2756,.T.);
#2756 = SURFACE_CURVE('',#2757,(#2761,#2768),.PCURVE_S1.);
#2757 = LINE('',#2758,#2759);
#2758 = CARTESIAN_POINT('',(30.300000,-10.3,-10.0));
#2759 = VECTOR('',#2760,1.);
#2760 = DIRECTION('',(-1.,0.,0.));
#2761 = PCURVE('',#277,#2762);
#2762 = DEFINITIONAL_REPRESENTATION('',(#2763),#2767);
#2763 = LINE('',#2764,#2765);
#2764 = CARTESIAN_POINT('',(-22.45,3.9));
#2765 = VECTOR('',#2766,1.);
#2766 = DIRECTION('',(1.,0.));
#2767 = ( GEOMETRIC_REPRESENTATION_CONTEXT(2) 
PARAMETRIC_REPRESENTATION_CONTEXT() REPRESENTATION_CONTEXT('2D SPACE',''
  ) );
#2768 = PCURVE('',#249,#2769);
#2769 = DEFINITIONAL_REPRESENTATION('',(#2770),#2774);
#2770 = LINE('',#2771,#2772);
#2771 = CARTESIAN_POINT('',(4.712388980385,-22.45));
#2772 = VECTOR('',#2773,1.);
#2773 = DIRECTION('',(0.,1.));
#2774 = ( GEOMETRIC_REPRESENTATION_CONTEXT(2) 
PARAMETRIC_REPRESENTATION_CONTEXT() REPRESENTATION_CONTEXT('2D SPACE',''
  ) );
#2775 = ADVANCED_FACE('',(#2776),#1394,.F.);
#2776 = FACE_BOUND('',#2777,.F.);
#2777 = EDGE_LOOP('',(#2778,#2779,#2802,#2831));
#2778 = ORIENTED_EDGE('',*,*,#1377,.T.);
#2779 = ORIENTED_EDGE('',*,*,#2780,.F.);
#2780 = EDGE_CURVE('',#2781,#1378,#2783,.T.);
#2781 = VERTEX_POINT('',#2782);
#2782 = CARTESIAN_POINT('',(16.268820,-41.197958971,-14.1755002));
#2783 = SURFACE_CURVE('',#2784,(#2788,#2795),.PCURVE_S1.);
#2784 = LINE('',#2785,#2786);
#2785 = CARTESIAN_POINT('',(16.268820,-41.197958971,-14.1755002));
#2786 = VECTOR('',#2787,1.);
#2787 = DIRECTION('',(0.,0.,1.));
#2788 = PCURVE('',#1394,#2789);
#2789 = DEFINITIONAL_REPRESENTATION('',(#2790),#2794);
#2790 = LINE('',#2791,#2792);
#2791 = CARTESIAN_POINT('',(4.913746901178,0.8244998));
#2792 = VECTOR('',#2793,1.);
#2793 = DIRECTION('',(0.,1.));
#2794 = ( GEOMETRIC_REPRESENTATION_CONTEXT(2) 
PARAMETRIC_REPRESENTATION_CONTEXT() REPRESENTATION_CONTEXT('2D SPACE',''
  ) );
#2795 = PCURVE('',#1422,#2796);
#2796 = DEFINITIONAL_REPRESENTATION('',(#2797),#2801);
#2797 = LINE('',#2798,#2799);
#2798 = CARTESIAN_POINT('',(0.8244998,1.202041029));
#2799 = VECTOR('',#2800,1.);
#2800 = DIRECTION('',(1.,0.));
#2801 = ( GEOMETRIC_REPRESENTATION_CONTEXT(2) 
PARAMETRIC_REPRESENTATION_CONTEXT() REPRESENTATION_CONTEXT('2D SPACE',''
  ) );
#2802 = ORIENTED_EDGE('',*,*,#2803,.F.);
#2803 = EDGE_CURVE('',#2804,#2781,#2806,.T.);
#2804 = VERTEX_POINT('',#2805);
#2805 = CARTESIAN_POINT('',(27.210276,-33.4,-14.1755002));
#2806 = SURFACE_CURVE('',#2807,(#2812,#2819),.PCURVE_S1.);
#2807 = CIRCLE('',#2808,10.);
#2808 = AXIS2_PLACEMENT_3D('',#2809,#2810,#2811);
#2809 = CARTESIAN_POINT('',(13.462583,-31.4,-14.1755002));
#2810 = DIRECTION('',(-0.,0.,-1.));
#2811 = DIRECTION('',(-1.,0.,0.));
#2812 = PCURVE('',#1394,#2813);
#2813 = DEFINITIONAL_REPRESENTATION('',(#2814),#2818);
#2814 = LINE('',#2815,#2816);
#2815 = CARTESIAN_POINT('',(9.424777960769,0.8244998));
#2816 = VECTOR('',#2817,1.);
#2817 = DIRECTION('',(-1.,0.));
#2818 = ( GEOMETRIC_REPRESENTATION_CONTEXT(2) 
PARAMETRIC_REPRESENTATION_CONTEXT() REPRESENTATION_CONTEXT('2D SPACE',''
  ) );
#2819 = PCURVE('',#2820,#2825);
#2820 = TOROIDAL_SURFACE('',#2821,9.5,0.5);
#2821 = AXIS2_PLACEMENT_3D('',#2822,#2823,#2824);
#2822 = CARTESIAN_POINT('',(13.462583,-31.4,-14.1755002));
#2823 = DIRECTION('',(-0.,-0.,-1.));
#2824 = DIRECTION('',(-1.,0.,0.));
#2825 = DEFINITIONAL_REPRESENTATION('',(#2826),#2830);
#2826 = LINE('',#2827,#2828);
#2827 = CARTESIAN_POINT('',(-4.440892098501E-16,0.));
#2828 = VECTOR('',#2829,1.);
#2829 = DIRECTION('',(1.,0.));
#2830 = ( GEOMETRIC_REPRESENTATION_CONTEXT(2) 
PARAMETRIC_REPRESENTATION_CONTEXT() REPRESENTATION_CONTEXT('2D SPACE',''
  ) );
#2831 = ORIENTED_EDGE('',*,*,#2832,.T.);
#2832 = EDGE_CURVE('',#2804,#1350,#2833,.T.);
#2833 = SURFACE_CURVE('',#2834,(#2838,#2845),.PCURVE_S1.);
#2834 = LINE('',#2835,#2836);
#2835 = CARTESIAN_POINT('',(27.210276,-33.4,-14.1755002));
#2836 = VECTOR('',#2837,1.);
#2837 = DIRECTION('',(0.,0.,1.));
#2838 = PCURVE('',#1394,#2839);
#2839 = DEFINITIONAL_REPRESENTATION('',(#2840),#2844);
#2840 = LINE('',#2841,#2842);
#2841 = CARTESIAN_POINT('',(6.081827386387,0.8244998));
#2842 = VECTOR('',#2843,1.);
#2843 = DIRECTION('',(0.,1.));
#2844 = ( GEOMETRIC_REPRESENTATION_CONTEXT(2) 
PARAMETRIC_REPRESENTATION_CONTEXT() REPRESENTATION_CONTEXT('2D SPACE',''
  ) );
#2845 = PCURVE('',#1365,#2846);
#2846 = DEFINITIONAL_REPRESENTATION('',(#2847),#2851);
#2847 = LINE('',#2848,#2849);
#2848 = CARTESIAN_POINT('',(0.8244998,1.202041029));
#2849 = VECTOR('',#2850,1.);
#2850 = DIRECTION('',(1.,0.));
#2851 = ( GEOMETRIC_REPRESENTATION_CONTEXT(2) 
PARAMETRIC_REPRESENTATION_CONTEXT() REPRESENTATION_CONTEXT('2D SPACE',''
  ) );
#2852 = ADVANCED_FACE('',(#2853),#2868,.F.);
#2853 = FACE_BOUND('',#2854,.F.);
#2854 = EDGE_LOOP('',(#2855,#2886,#2914,#2943));
#2855 = ORIENTED_EDGE('',*,*,#2856,.T.);
#2856 = EDGE_CURVE('',#2857,#2859,#2861,.T.);
#2857 = VERTEX_POINT('',#2858);
#2858 = CARTESIAN_POINT('',(-18.809131,-41.177013859,-12.0));
#2859 = VERTEX_POINT('',#2860);
#2860 = CARTESIAN_POINT('',(-29.610277,-33.4,-12.0));
#2861 = SURFACE_CURVE('',#2862,(#2867,#2879),.PCURVE_S1.);
#2862 = CIRCLE('',#2863,10.);
#2863 = AXIS2_PLACEMENT_3D('',#2864,#2865,#2866);
#2864 = CARTESIAN_POINT('',(-15.862584,-31.4,-12.0));
#2865 = DIRECTION('',(-0.,0.,-1.));
#2866 = DIRECTION('',(-1.,0.,0.));
#2867 = PCURVE('',#2868,#2873);
#2868 = CYLINDRICAL_SURFACE('',#2869,10.);
#2869 = AXIS2_PLACEMENT_3D('',#2870,#2871,#2872);
#2870 = CARTESIAN_POINT('',(-15.862584,-31.4,-15.0));
#2871 = DIRECTION('',(0.,0.,1.));
#2872 = DIRECTION('',(1.,0.,-0.));
#2873 = DEFINITIONAL_REPRESENTATION('',(#2874),#2878);
#2874 = LINE('',#2875,#2876);
#2875 = CARTESIAN_POINT('',(9.424777960769,3.));
#2876 = VECTOR('',#2877,1.);
#2877 = DIRECTION('',(-1.,0.));
#2878 = ( GEOMETRIC_REPRESENTATION_CONTEXT(2) 
PARAMETRIC_REPRESENTATION_CONTEXT() REPRESENTATION_CONTEXT('2D SPACE',''
  ) );
#2879 = PCURVE('',#366,#2880);
#2880 = DEFINITIONAL_REPRESENTATION('',(#2881),#2885);
#2881 = CIRCLE('',#2882,10.);
#2882 = AXIS2_PLACEMENT_2D('',#2883,#2884);
#2883 = CARTESIAN_POINT('',(10.45,-17.2));
#2884 = DIRECTION('',(1.,0.));
#2885 = ( GEOMETRIC_REPRESENTATION_CONTEXT(2) 
PARAMETRIC_REPRESENTATION_CONTEXT() REPRESENTATION_CONTEXT('2D SPACE',''
  ) );
#2886 = ORIENTED_EDGE('',*,*,#2887,.F.);
#2887 = EDGE_CURVE('',#2888,#2859,#2890,.T.);
#2888 = VERTEX_POINT('',#2889);
#2889 = CARTESIAN_POINT('',(-29.610277,-33.4,-14.1755002));
#2890 = SURFACE_CURVE('',#2891,(#2895,#2902),.PCURVE_S1.);
#2891 = LINE('',#2892,#2893);
#2892 = CARTESIAN_POINT('',(-29.610277,-33.4,-14.1755002));
#2893 = VECTOR('',#2894,1.);
#2894 = DIRECTION('',(0.,0.,1.));
#2895 = PCURVE('',#2868,#2896);
#2896 = DEFINITIONAL_REPRESENTATION('',(#2897),#2901);
#2897 = LINE('',#2898,#2899);
#2898 = CARTESIAN_POINT('',(3.342950574383,0.8244998));
#2899 = VECTOR('',#2900,1.);
#2900 = DIRECTION('',(0.,1.));
#2901 = ( GEOMETRIC_REPRESENTATION_CONTEXT(2) 
PARAMETRIC_REPRESENTATION_CONTEXT() REPRESENTATION_CONTEXT('2D SPACE',''
  ) );
#2902 = PCURVE('',#2903,#2908);
#2903 = PLANE('',#2904);
#2904 = AXIS2_PLACEMENT_3D('',#2905,#2906,#2907);
#2905 = CARTESIAN_POINT('',(-31.296882,-33.4,-15.0));
#2906 = DIRECTION('',(0.,1.,0.));
#2907 = DIRECTION('',(-0.,0.,-1.));
#2908 = DEFINITIONAL_REPRESENTATION('',(#2909),#2913);
#2909 = LINE('',#2910,#2911);
#2910 = CARTESIAN_POINT('',(-0.8244998,-1.202041029));
#2911 = VECTOR('',#2912,1.);
#2912 = DIRECTION('',(-1.,0.));
#2913 = ( GEOMETRIC_REPRESENTATION_CONTEXT(2) 
PARAMETRIC_REPRESENTATION_CONTEXT() REPRESENTATION_CONTEXT('2D SPACE',''
  ) );
#2914 = ORIENTED_EDGE('',*,*,#2915,.F.);
#2915 = EDGE_CURVE('',#2916,#2888,#2918,.T.);
#2916 = VERTEX_POINT('',#2917);
#2917 = CARTESIAN_POINT('',(-18.809131,-41.177013859,-14.1755002));
#2918 = SURFACE_CURVE('',#2919,(#2924,#2931),.PCURVE_S1.);
#2919 = CIRCLE('',#2920,10.);
#2920 = AXIS2_PLACEMENT_3D('',#2921,#2922,#2923);
#2921 = CARTESIAN_POINT('',(-15.862584,-31.4,-14.1755002));
#2922 = DIRECTION('',(-0.,0.,-1.));
#2923 = DIRECTION('',(-1.,0.,0.));
#2924 = PCURVE('',#2868,#2925);
#2925 = DEFINITIONAL_REPRESENTATION('',(#2926),#2930);
#2926 = LINE('',#2927,#2928);
#2927 = CARTESIAN_POINT('',(9.424777960769,0.8244998));
#2928 = VECTOR('',#2929,1.);
#2929 = DIRECTION('',(-1.,0.));
#2930 = ( GEOMETRIC_REPRESENTATION_CONTEXT(2) 
PARAMETRIC_REPRESENTATION_CONTEXT() REPRESENTATION_CONTEXT('2D SPACE',''
  ) );
#2931 = PCURVE('',#2932,#2937);
#2932 = TOROIDAL_SURFACE('',#2933,9.5,0.5);
#2933 = AXIS2_PLACEMENT_3D('',#2934,#2935,#2936);
#2934 = CARTESIAN_POINT('',(-15.862584,-31.4,-14.1755002));
#2935 = DIRECTION('',(-0.,-0.,-1.));
#2936 = DIRECTION('',(-1.,0.,0.));
#2937 = DEFINITIONAL_REPRESENTATION('',(#2938),#2942);
#2938 = LINE('',#2939,#2940);
#2939 = CARTESIAN_POINT('',(0.,0.));
#2940 = VECTOR('',#2941,1.);
#2941 = DIRECTION('',(1.,0.));
#2942 = ( GEOMETRIC_REPRESENTATION_CONTEXT(2) 
PARAMETRIC_REPRESENTATION_CONTEXT() REPRESENTATION_CONTEXT('2D SPACE',''
  ) );
#2943 = ORIENTED_EDGE('',*,*,#2944,.T.);
#2944 = EDGE_CURVE('',#2916,#2857,#2945,.T.);
#2945 = SURFACE_CURVE('',#2946,(#2950,#2957),.PCURVE_S1.);
#2946 = LINE('',#2947,#2948);
#2947 = CARTESIAN_POINT('',(-18.809131,-41.177013859,-14.1755002));
#2948 = VECTOR('',#2949,1.);
#2949 = DIRECTION('',(0.,0.,1.));
#2950 = PCURVE('',#2868,#2951);
#2951 = DEFINITIONAL_REPRESENTATION('',(#2952),#2956);
#2952 = LINE('',#2953,#2954);
#2953 = CARTESIAN_POINT('',(4.500814020626,0.8244998));
#2954 = VECTOR('',#2955,1.);
#2955 = DIRECTION('',(0.,1.));
#2956 = ( GEOMETRIC_REPRESENTATION_CONTEXT(2) 
PARAMETRIC_REPRESENTATION_CONTEXT() REPRESENTATION_CONTEXT('2D SPACE',''
  ) );
#2957 = PCURVE('',#2958,#2963);
#2958 = PLANE('',#2959);
#2959 = AXIS2_PLACEMENT_3D('',#2960,#2961,#2962);
#2960 = CARTESIAN_POINT('',(-18.809131,-42.4,-15.0));
#2961 = DIRECTION('',(-1.,0.,0.));
#2962 = DIRECTION('',(0.,1.,-0.));
#2963 = DEFINITIONAL_REPRESENTATION('',(#2964),#2968);
#2964 = LINE('',#2965,#2966);
#2965 = CARTESIAN_POINT('',(1.222986141,-0.8244998));
#2966 = VECTOR('',#2967,1.);
#2967 = DIRECTION('',(0.,-1.));
#2968 = ( GEOMETRIC_REPRESENTATION_CONTEXT(2) 
PARAMETRIC_REPRESENTATION_CONTEXT() REPRESENTATION_CONTEXT('2D SPACE',''
  ) );
#2969 = ADVANCED_FACE('',(#2970),#2985,.F.);
#2970 = FACE_BOUND('',#2971,.F.);
#2971 = EDGE_LOOP('',(#2972,#3003,#3031,#3060));
#2972 = ORIENTED_EDGE('',*,*,#2973,.T.);
#2973 = EDGE_CURVE('',#2974,#2976,#2978,.T.);
#2974 = VERTEX_POINT('',#2975);
#2975 = CARTESIAN_POINT('',(-29.610277,5.0,-12.0));
#2976 = VERTEX_POINT('',#2977);
#2977 = CARTESIAN_POINT('',(-18.668820,12.797958971,-12.0));
#2978 = SURFACE_CURVE('',#2979,(#2984,#2996),.PCURVE_S1.);
#2979 = CIRCLE('',#2980,10.);
#2980 = AXIS2_PLACEMENT_3D('',#2981,#2982,#2983);
#2981 = CARTESIAN_POINT('',(-15.862584,3.0,-12.0));
#2982 = DIRECTION('',(-0.,0.,-1.));
#2983 = DIRECTION('',(-1.,0.,0.));
#2984 = PCURVE('',#2985,#2990);
#2985 = CYLINDRICAL_SURFACE('',#2986,10.);
#2986 = AXIS2_PLACEMENT_3D('',#2987,#2988,#2989);
#2987 = CARTESIAN_POINT('',(-15.862584,3.0,-15.0));
#2988 = DIRECTION('',(0.,0.,1.));
#2989 = DIRECTION('',(1.,0.,-0.));
#2990 = DEFINITIONAL_REPRESENTATION('',(#2991),#2995);
#2991 = LINE('',#2992,#2993);
#2992 = CARTESIAN_POINT('',(3.14159265359,3.));
#2993 = VECTOR('',#2994,1.);
#2994 = DIRECTION('',(-1.,0.));
#2995 = ( GEOMETRIC_REPRESENTATION_CONTEXT(2) 
PARAMETRIC_REPRESENTATION_CONTEXT() REPRESENTATION_CONTEXT('2D SPACE',''
  ) );
#2996 = PCURVE('',#366,#2997);
#2997 = DEFINITIONAL_REPRESENTATION('',(#2998),#3002);
#2998 = CIRCLE('',#2999,10.);
#2999 = AXIS2_PLACEMENT_2D('',#3000,#3001);
#3000 = CARTESIAN_POINT('',(10.45,17.2));
#3001 = DIRECTION('',(1.,0.));
#3002 = ( GEOMETRIC_REPRESENTATION_CONTEXT(2) 
PARAMETRIC_REPRESENTATION_CONTEXT() REPRESENTATION_CONTEXT('2D SPACE',''
  ) );
#3003 = ORIENTED_EDGE('',*,*,#3004,.F.);
#3004 = EDGE_CURVE('',#3005,#2976,#3007,.T.);
#3005 = VERTEX_POINT('',#3006);
#3006 = CARTESIAN_POINT('',(-18.668820,12.797958971,-14.1755002));
#3007 = SURFACE_CURVE('',#3008,(#3012,#3019),.PCURVE_S1.);
#3008 = LINE('',#3009,#3010);
#3009 = CARTESIAN_POINT('',(-18.668820,12.797958971,-14.1755002));
#3010 = VECTOR('',#3011,1.);
#3011 = DIRECTION('',(0.,0.,1.));
#3012 = PCURVE('',#2985,#3013);
#3013 = DEFINITIONAL_REPRESENTATION('',(#3014),#3018);
#3014 = LINE('',#3015,#3016);
#3015 = CARTESIAN_POINT('',(1.772154247588,0.8244998));
#3016 = VECTOR('',#3017,1.);
#3017 = DIRECTION('',(0.,1.));
#3018 = ( GEOMETRIC_REPRESENTATION_CONTEXT(2) 
PARAMETRIC_REPRESENTATION_CONTEXT() REPRESENTATION_CONTEXT('2D SPACE',''
  ) );
#3019 = PCURVE('',#3020,#3025);
#3020 = PLANE('',#3021);
#3021 = AXIS2_PLACEMENT_3D('',#3022,#3023,#3024);
#3022 = CARTESIAN_POINT('',(-18.668820,14.0,-15.0));
#3023 = DIRECTION('',(1.,-0.,-0.));
#3024 = DIRECTION('',(-0.,-0.,-1.));
#3025 = DEFINITIONAL_REPRESENTATION('',(#3026),#3030);
#3026 = LINE('',#3027,#3028);
#3027 = CARTESIAN_POINT('',(-0.8244998,-1.202041029));
#3028 = VECTOR('',#3029,1.);
#3029 = DIRECTION('',(-1.,0.));
#3030 = ( GEOMETRIC_REPRESENTATION_CONTEXT(2) 
PARAMETRIC_REPRESENTATION_CONTEXT() REPRESENTATION_CONTEXT('2D SPACE',''
  ) );
#3031 = ORIENTED_EDGE('',*,*,#3032,.F.);
#3032 = EDGE_CURVE('',#3033,#3005,#3035,.T.);
#3033 = VERTEX_POINT('',#3034);
#3034 = CARTESIAN_POINT('',(-29.610277,5.0,-14.1755002));
#3035 = SURFACE_CURVE('',#3036,(#3041,#3048),.PCURVE_S1.);
#3036 = CIRCLE('',#3037,10.);
#3037 = AXIS2_PLACEMENT_3D('',#3038,#3039,#3040);
#3038 = CARTESIAN_POINT('',(-15.862584,3.0,-14.1755002));
#3039 = DIRECTION('',(-0.,0.,-1.));
#3040 = DIRECTION('',(-1.,0.,0.));
#3041 = PCURVE('',#2985,#3042);
#3042 = DEFINITIONAL_REPRESENTATION('',(#3043),#3047);
#3043 = LINE('',#3044,#3045);
#3044 = CARTESIAN_POINT('',(3.14159265359,0.8244998));
#3045 = VECTOR('',#3046,1.);
#3046 = DIRECTION('',(-1.,0.));
#3047 = ( GEOMETRIC_REPRESENTATION_CONTEXT(2) 
PARAMETRIC_REPRESENTATION_CONTEXT() REPRESENTATION_CONTEXT('2D SPACE',''
  ) );
#3048 = PCURVE('',#3049,#3054);
#3049 = TOROIDAL_SURFACE('',#3050,9.5,0.5);
#3050 = AXIS2_PLACEMENT_3D('',#3051,#3052,#3053);
#3051 = CARTESIAN_POINT('',(-15.862584,3.0,-14.1755002));
#3052 = DIRECTION('',(-0.,-0.,-1.));
#3053 = DIRECTION('',(-1.,0.,0.));
#3054 = DEFINITIONAL_REPRESENTATION('',(#3055),#3059);
#3055 = LINE('',#3056,#3057);
#3056 = CARTESIAN_POINT('',(0.,0.));
#3057 = VECTOR('',#3058,1.);
#3058 = DIRECTION('',(1.,0.));
#3059 = ( GEOMETRIC_REPRESENTATION_CONTEXT(2) 
PARAMETRIC_REPRESENTATION_CONTEXT() REPRESENTATION_CONTEXT('2D SPACE',''
  ) );
#3060 = ORIENTED_EDGE('',*,*,#3061,.T.);
#3061 = EDGE_CURVE('',#3033,#2974,#3062,.T.);
#3062 = SURFACE_CURVE('',#3063,(#3067,#3074),.PCURVE_S1.);
#3063 = LINE('',#3064,#3065);
#3064 = CARTESIAN_POINT('',(-29.610277,5.0,-14.1755002));
#3065 = VECTOR('',#3066,1.);
#3066 = DIRECTION('',(0.,0.,1.));
#3067 = PCURVE('',#2985,#3068);
#3068 = DEFINITIONAL_REPRESENTATION('',(#3069),#3073);
#3069 = LINE('',#3070,#3071);
#3070 = CARTESIAN_POINT('',(2.940234732797,0.8244998));
#3071 = VECTOR('',#3072,1.);
#3072 = DIRECTION('',(0.,1.));
#3073 = ( GEOMETRIC_REPRESENTATION_CONTEXT(2) 
PARAMETRIC_REPRESENTATION_CONTEXT() REPRESENTATION_CONTEXT('2D SPACE',''
  ) );
#3074 = PCURVE('',#3075,#3080);
#3075 = PLANE('',#3076);
#3076 = AXIS2_PLACEMENT_3D('',#3077,#3078,#3079);
#3077 = CARTESIAN_POINT('',(-31.296882,5.0,-15.0));
#3078 = DIRECTION('',(0.,1.,0.));
#3079 = DIRECTION('',(-0.,0.,-1.));
#3080 = DEFINITIONAL_REPRESENTATION('',(#3081),#3085);
#3081 = LINE('',#3082,#3083);
#3082 = CARTESIAN_POINT('',(-0.8244998,-1.202041029));
#3083 = VECTOR('',#3084,1.);
#3084 = DIRECTION('',(-1.,0.));
#3085 = ( GEOMETRIC_REPRESENTATION_CONTEXT(2) 
PARAMETRIC_REPRESENTATION_CONTEXT() REPRESENTATION_CONTEXT('2D SPACE',''
  ) );
#3086 = ADVANCED_FACE('',(#3087),#3102,.F.);
#3087 = FACE_BOUND('',#3088,.F.);
#3088 = EDGE_LOOP('',(#3089,#3120,#3148,#3177));
#3089 = ORIENTED_EDGE('',*,*,#3090,.T.);
#3090 = EDGE_CURVE('',#3091,#3093,#3095,.T.);
#3091 = VERTEX_POINT('',#3092);
#3092 = CARTESIAN_POINT('',(16.268820,12.797958971,-12.0));
#3093 = VERTEX_POINT('',#3094);
#3094 = CARTESIAN_POINT('',(27.238173,4.9,-12.0));
#3095 = SURFACE_CURVE('',#3096,(#3101,#3113),.PCURVE_S1.);
#3096 = CIRCLE('',#3097,10.);
#3097 = AXIS2_PLACEMENT_3D('',#3098,#3099,#3100);
#3098 = CARTESIAN_POINT('',(13.462583,3.0,-12.0));
#3099 = DIRECTION('',(-0.,0.,-1.));
#3100 = DIRECTION('',(-1.,0.,0.));
#3101 = PCURVE('',#3102,#3107);
#3102 = CYLINDRICAL_SURFACE('',#3103,10.);
#3103 = AXIS2_PLACEMENT_3D('',#3104,#3105,#3106);
#3104 = CARTESIAN_POINT('',(13.462583,3.0,-15.0));
#3105 = DIRECTION('',(0.,0.,1.));
#3106 = DIRECTION('',(1.,0.,-0.));
#3107 = DEFINITIONAL_REPRESENTATION('',(#3108),#3112);
#3108 = LINE('',#3109,#3110);
#3109 = CARTESIAN_POINT('',(3.14159265359,3.));
#3110 = VECTOR('',#3111,1.);
#3111 = DIRECTION('',(-1.,0.));
#3112 = ( GEOMETRIC_REPRESENTATION_CONTEXT(2) 
PARAMETRIC_REPRESENTATION_CONTEXT() REPRESENTATION_CONTEXT('2D SPACE',''
  ) );
#3113 = PCURVE('',#366,#3114);
#3114 = DEFINITIONAL_REPRESENTATION('',(#3115),#3119);
#3115 = CIRCLE('',#3116,10.);
#3116 = AXIS2_PLACEMENT_2D('',#3117,#3118);
#3117 = CARTESIAN_POINT('',(-10.45,17.2));
#3118 = DIRECTION('',(1.,0.));
#3119 = ( GEOMETRIC_REPRESENTATION_CONTEXT(2) 
PARAMETRIC_REPRESENTATION_CONTEXT() REPRESENTATION_CONTEXT('2D SPACE',''
  ) );
#3120 = ORIENTED_EDGE('',*,*,#3121,.T.);
#3121 = EDGE_CURVE('',#3093,#3122,#3124,.T.);
#3122 = VERTEX_POINT('',#3123);
#3123 = CARTESIAN_POINT('',(27.238173,4.9,-14.1755002));
#3124 = SURFACE_CURVE('',#3125,(#3129,#3136),.PCURVE_S1.);
#3125 = LINE('',#3126,#3127);
#3126 = CARTESIAN_POINT('',(27.238173,4.9,-12.0));
#3127 = VECTOR('',#3128,1.);
#3128 = DIRECTION('',(-0.,-0.,-1.));
#3129 = PCURVE('',#3102,#3130);
#3130 = DEFINITIONAL_REPRESENTATION('',(#3131),#3135);
#3131 = LINE('',#3132,#3133);
#3132 = CARTESIAN_POINT('',(0.191162146534,3.));
#3133 = VECTOR('',#3134,1.);
#3134 = DIRECTION('',(0.,-1.));
#3135 = ( GEOMETRIC_REPRESENTATION_CONTEXT(2) 
PARAMETRIC_REPRESENTATION_CONTEXT() REPRESENTATION_CONTEXT('2D SPACE',''
  ) );
#3136 = PCURVE('',#3137,#3142);
#3137 = PLANE('',#3138);
#3138 = AXIS2_PLACEMENT_3D('',#3139,#3140,#3141);
#3139 = CARTESIAN_POINT('',(25.108463,4.9,-9.0));
#3140 = DIRECTION('',(0.,1.,0.));
#3141 = DIRECTION('',(-0.,0.,-1.));
#3142 = DEFINITIONAL_REPRESENTATION('',(#3143),#3147);
#3143 = LINE('',#3144,#3145);
#3144 = CARTESIAN_POINT('',(3.,-1.517840903));
#3145 = VECTOR('',#3146,1.);
#3146 = DIRECTION('',(1.,0.));
#3147 = ( GEOMETRIC_REPRESENTATION_CONTEXT(2) 
PARAMETRIC_REPRESENTATION_CONTEXT() REPRESENTATION_CONTEXT('2D SPACE',''
  ) );
#3148 = ORIENTED_EDGE('',*,*,#3149,.F.);
#3149 = EDGE_CURVE('',#3150,#3122,#3152,.T.);
#3150 = VERTEX_POINT('',#3151);
#3151 = CARTESIAN_POINT('',(16.268820,12.797958971,-14.1755002));
#3152 = SURFACE_CURVE('',#3153,(#3158,#3165),.PCURVE_S1.);
#3153 = CIRCLE('',#3154,10.);
#3154 = AXIS2_PLACEMENT_3D('',#3155,#3156,#3157);
#3155 = CARTESIAN_POINT('',(13.462583,3.0,-14.1755002));
#3156 = DIRECTION('',(-0.,0.,-1.));
#3157 = DIRECTION('',(-1.,0.,0.));
#3158 = PCURVE('',#3102,#3159);
#3159 = DEFINITIONAL_REPRESENTATION('',(#3160),#3164);
#3160 = LINE('',#3161,#3162);
#3161 = CARTESIAN_POINT('',(3.14159265359,0.8244998));
#3162 = VECTOR('',#3163,1.);
#3163 = DIRECTION('',(-1.,0.));
#3164 = ( GEOMETRIC_REPRESENTATION_CONTEXT(2) 
PARAMETRIC_REPRESENTATION_CONTEXT() REPRESENTATION_CONTEXT('2D SPACE',''
  ) );
#3165 = PCURVE('',#3166,#3171);
#3166 = TOROIDAL_SURFACE('',#3167,9.5,0.5);
#3167 = AXIS2_PLACEMENT_3D('',#3168,#3169,#3170);
#3168 = CARTESIAN_POINT('',(13.462583,3.0,-14.1755002));
#3169 = DIRECTION('',(-0.,-0.,-1.));
#3170 = DIRECTION('',(-1.,0.,0.));
#3171 = DEFINITIONAL_REPRESENTATION('',(#3172),#3176);
#3172 = LINE('',#3173,#3174);
#3173 = CARTESIAN_POINT('',(0.,0.));
#3174 = VECTOR('',#3175,1.);
#3175 = DIRECTION('',(1.,0.));
#3176 = ( GEOMETRIC_REPRESENTATION_CONTEXT(2) 
PARAMETRIC_REPRESENTATION_CONTEXT() REPRESENTATION_CONTEXT('2D SPACE',''
  ) );
#3177 = ORIENTED_EDGE('',*,*,#3178,.T.);
#3178 = EDGE_CURVE('',#3150,#3091,#3179,.T.);
#3179 = SURFACE_CURVE('',#3180,(#3184,#3191),.PCURVE_S1.);
#3180 = LINE('',#3181,#3182);
#3181 = CARTESIAN_POINT('',(16.268820,12.797958971,-14.1755002));
#3182 = VECTOR('',#3183,1.);
#3183 = DIRECTION('',(0.,0.,1.));
#3184 = PCURVE('',#3102,#3185);
#3185 = DEFINITIONAL_REPRESENTATION('',(#3186),#3190);
#3186 = LINE('',#3187,#3188);
#3187 = CARTESIAN_POINT('',(1.369438406002,0.8244998));
#3188 = VECTOR('',#3189,1.);
#3189 = DIRECTION('',(0.,1.));
#3190 = ( GEOMETRIC_REPRESENTATION_CONTEXT(2) 
PARAMETRIC_REPRESENTATION_CONTEXT() REPRESENTATION_CONTEXT('2D SPACE',''
  ) );
#3191 = PCURVE('',#3192,#3197);
#3192 = PLANE('',#3193);
#3193 = AXIS2_PLACEMENT_3D('',#3194,#3195,#3196);
#3194 = CARTESIAN_POINT('',(16.268820,14.0,-15.0));
#3195 = DIRECTION('',(1.,-0.,-0.));
#3196 = DIRECTION('',(-0.,-0.,-1.));
#3197 = DEFINITIONAL_REPRESENTATION('',(#3198),#3202);
#3198 = LINE('',#3199,#3200);
#3199 = CARTESIAN_POINT('',(-0.8244998,-1.202041029));
#3200 = VECTOR('',#3201,1.);
#3201 = DIRECTION('',(-1.,0.));
#3202 = ( GEOMETRIC_REPRESENTATION_CONTEXT(2) 
PARAMETRIC_REPRESENTATION_CONTEXT() REPRESENTATION_CONTEXT('2D SPACE',''
  ) );
#3203 = ADVANCED_FACE('',(#3204),#366,.T.);
#3204 = FACE_BOUND('',#3205,.T.);
#3205 = EDGE_LOOP('',(#3206,#3229,#3230,#3253,#3279,#3280,#3281,#3282,
    #3305,#3333,#3361,#3389,#3417,#3445,#3468,#3496,#3519,#3548,#3569,
    #3570,#3593,#3617,#3645,#3674,#3695,#3696,#3719,#3743,#3771));
#3206 = ORIENTED_EDGE('',*,*,#3207,.F.);
#3207 = EDGE_CURVE('',#3091,#3208,#3210,.T.);
#3208 = VERTEX_POINT('',#3209);
#3209 = CARTESIAN_POINT('',(16.268820,14.832159566,-12.0));
#3210 = SURFACE_CURVE('',#3211,(#3215,#3222),.PCURVE_S1.);
#3211 = LINE('',#3212,#3213);
#3212 = CARTESIAN_POINT('',(16.268820,12.797958971,-12.0));
#3213 = VECTOR('',#3214,1.);
#3214 = DIRECTION('',(0.,1.,0.));
#3215 = PCURVE('',#366,#3216);
#3216 = DEFINITIONAL_REPRESENTATION('',(#3217),#3221);
#3217 = LINE('',#3218,#3219);
#3218 = CARTESIAN_POINT('',(-12.45,26.997958971));
#3219 = VECTOR('',#3220,1.);
#3220 = DIRECTION('',(0.,1.));
#3221 = ( GEOMETRIC_REPRESENTATION_CONTEXT(2) 
PARAMETRIC_REPRESENTATION_CONTEXT() REPRESENTATION_CONTEXT('2D SPACE',''
  ) );
#3222 = PCURVE('',#3192,#3223);
#3223 = DEFINITIONAL_REPRESENTATION('',(#3224),#3228);
#3224 = LINE('',#3225,#3226);
#3225 = CARTESIAN_POINT('',(-3.,-1.202041029));
#3226 = VECTOR('',#3227,1.);
#3227 = DIRECTION('',(-0.,1.));
#3228 = ( GEOMETRIC_REPRESENTATION_CONTEXT(2) 
PARAMETRIC_REPRESENTATION_CONTEXT() REPRESENTATION_CONTEXT('2D SPACE',''
  ) );
#3229 = ORIENTED_EDGE('',*,*,#3090,.T.);
#3230 = ORIENTED_EDGE('',*,*,#3231,.T.);
#3231 = EDGE_CURVE('',#3093,#3232,#3234,.T.);
#3232 = VERTEX_POINT('',#3233);
#3233 = CARTESIAN_POINT('',(30.087608,4.9,-12.0));
#3234 = SURFACE_CURVE('',#3235,(#3239,#3246),.PCURVE_S1.);
#3235 = LINE('',#3236,#3237);
#3236 = CARTESIAN_POINT('',(27.238173,4.9,-12.0));
#3237 = VECTOR('',#3238,1.);
#3238 = DIRECTION('',(1.,-0.,-0.));
#3239 = PCURVE('',#366,#3240);
#3240 = DEFINITIONAL_REPRESENTATION('',(#3241),#3245);
#3241 = LINE('',#3242,#3243);
#3242 = CARTESIAN_POINT('',(-20.267840903,19.1));
#3243 = VECTOR('',#3244,1.);
#3244 = DIRECTION('',(-1.,0.));
#3245 = ( GEOMETRIC_REPRESENTATION_CONTEXT(2) 
PARAMETRIC_REPRESENTATION_CONTEXT() REPRESENTATION_CONTEXT('2D SPACE',''
  ) );
#3246 = PCURVE('',#3137,#3247);
#3247 = DEFINITIONAL_REPRESENTATION('',(#3248),#3252);
#3248 = LINE('',#3249,#3250);
#3249 = CARTESIAN_POINT('',(3.,-1.517840903));
#3250 = VECTOR('',#3251,1.);
#3251 = DIRECTION('',(0.,-1.));
#3252 = ( GEOMETRIC_REPRESENTATION_CONTEXT(2) 
PARAMETRIC_REPRESENTATION_CONTEXT() REPRESENTATION_CONTEXT('2D SPACE',''
  ) );
#3253 = ORIENTED_EDGE('',*,*,#3254,.F.);
#3254 = EDGE_CURVE('',#351,#3232,#3255,.T.);
#3255 = SURFACE_CURVE('',#3256,(#3261,#3272),.PCURVE_S1.);
#3256 = CIRCLE('',#3257,12.);
#3257 = AXIS2_PLACEMENT_3D('',#3258,#3259,#3260);
#3258 = CARTESIAN_POINT('',(13.462583,3.0,-12.0));
#3259 = DIRECTION('',(0.,0.,1.));
#3260 = DIRECTION('',(-1.,0.,0.));
#3261 = PCURVE('',#366,#3262);
#3262 = DEFINITIONAL_REPRESENTATION('',(#3263),#3271);
#3263 = ( BOUNDED_CURVE() B_SPLINE_CURVE(2,(#3264,#3265,#3266,#3267,
#3268,#3269,#3270),.UNSPECIFIED.,.T.,.F.) B_SPLINE_CURVE_WITH_KNOTS((1,2
    ,2,2,2,1),(-2.094395102393,0.,2.094395102393,4.188790204786,
6.28318530718,8.377580409573),.UNSPECIFIED.) CURVE() 
GEOMETRIC_REPRESENTATION_ITEM() RATIONAL_B_SPLINE_CURVE((1.,0.5,1.,0.5,
1.,0.5,1.)) REPRESENTATION_ITEM('') );
#3264 = CARTESIAN_POINT('',(1.55,17.2));
#3265 = CARTESIAN_POINT('',(1.55,-3.584609690827));
#3266 = CARTESIAN_POINT('',(-16.45,6.807695154587));
#3267 = CARTESIAN_POINT('',(-34.45,17.2));
#3268 = CARTESIAN_POINT('',(-16.45,27.592304845413));
#3269 = CARTESIAN_POINT('',(1.55,37.984609690827));
#3270 = CARTESIAN_POINT('',(1.55,17.2));
#3271 = ( GEOMETRIC_REPRESENTATION_CONTEXT(2) 
PARAMETRIC_REPRESENTATION_CONTEXT() REPRESENTATION_CONTEXT('2D SPACE',''
  ) );
#3272 = PCURVE('',#394,#3273);
#3273 = DEFINITIONAL_REPRESENTATION('',(#3274),#3278);
#3274 = LINE('',#3275,#3276);
#3275 = CARTESIAN_POINT('',(6.28318530718,3.));
#3276 = VECTOR('',#3277,1.);
#3277 = DIRECTION('',(-1.,0.));
#3278 = ( GEOMETRIC_REPRESENTATION_CONTEXT(2) 
PARAMETRIC_REPRESENTATION_CONTEXT() REPRESENTATION_CONTEXT('2D SPACE',''
  ) );
#3279 = ORIENTED_EDGE('',*,*,#350,.T.);
#3280 = ORIENTED_EDGE('',*,*,#2708,.F.);
#3281 = ORIENTED_EDGE('',*,*,#905,.T.);
#3282 = ORIENTED_EDGE('',*,*,#3283,.T.);
#3283 = EDGE_CURVE('',#878,#3284,#3286,.T.);
#3284 = VERTEX_POINT('',#3285);
#3285 = CARTESIAN_POINT('',(10.024944,9.9,-12.0));
#3286 = SURFACE_CURVE('',#3287,(#3291,#3298),.PCURVE_S1.);
#3287 = LINE('',#3288,#3289);
#3288 = CARTESIAN_POINT('',(23.284410,9.9,-12.0));
#3289 = VECTOR('',#3290,1.);
#3290 = DIRECTION('',(-1.,0.,0.));
#3291 = PCURVE('',#366,#3292);
#3292 = DEFINITIONAL_REPRESENTATION('',(#3293),#3297);
#3293 = LINE('',#3294,#3295);
#3294 = CARTESIAN_POINT('',(-17.45,24.1));
#3295 = VECTOR('',#3296,1.);
#3296 = DIRECTION('',(1.,0.));
#3297 = ( GEOMETRIC_REPRESENTATION_CONTEXT(2) 
PARAMETRIC_REPRESENTATION_CONTEXT() REPRESENTATION_CONTEXT('2D SPACE',''
  ) );
#3298 = PCURVE('',#893,#3299);
#3299 = DEFINITIONAL_REPRESENTATION('',(#3300),#3304);
#3300 = LINE('',#3301,#3302);
#3301 = CARTESIAN_POINT('',(0.,-17.45));
#3302 = VECTOR('',#3303,1.);
#3303 = DIRECTION('',(0.,1.));
#3304 = ( GEOMETRIC_REPRESENTATION_CONTEXT(2) 
PARAMETRIC_REPRESENTATION_CONTEXT() REPRESENTATION_CONTEXT('2D SPACE',''
  ) );
#3305 = ORIENTED_EDGE('',*,*,#3306,.T.);
#3306 = EDGE_CURVE('',#3284,#3307,#3309,.T.);
#3307 = VERTEX_POINT('',#3308);
#3308 = CARTESIAN_POINT('',(10.024944,13.5,-12.0));
#3309 = SURFACE_CURVE('',#3310,(#3314,#3321),.PCURVE_S1.);
#3310 = LINE('',#3311,#3312);
#3311 = CARTESIAN_POINT('',(10.024944,9.9,-12.0));
#3312 = VECTOR('',#3313,1.);
#3313 = DIRECTION('',(0.,1.,-0.));
#3314 = PCURVE('',#366,#3315);
#3315 = DEFINITIONAL_REPRESENTATION('',(#3316),#3320);
#3316 = LINE('',#3317,#3318);
#3317 = CARTESIAN_POINT('',(-8.,24.1));
#3318 = VECTOR('',#3319,1.);
#3319 = DIRECTION('',(0.,1.));
#3320 = ( GEOMETRIC_REPRESENTATION_CONTEXT(2) 
PARAMETRIC_REPRESENTATION_CONTEXT() REPRESENTATION_CONTEXT('2D SPACE',''
  ) );
#3321 = PCURVE('',#3322,#3327);
#3322 = PLANE('',#3323);
#3323 = AXIS2_PLACEMENT_3D('',#3324,#3325,#3326);
#3324 = CARTESIAN_POINT('',(10.024944,11.0,-5.0));
#3325 = DIRECTION('',(-1.,0.,0.));
#3326 = DIRECTION('',(0.,1.,-0.));
#3327 = DEFINITIONAL_REPRESENTATION('',(#3328),#3332);
#3328 = LINE('',#3329,#3330);
#3329 = CARTESIAN_POINT('',(-1.1,7.));
#3330 = VECTOR('',#3331,1.);
#3331 = DIRECTION('',(1.,0.));
#3332 = ( GEOMETRIC_REPRESENTATION_CONTEXT(2) 
PARAMETRIC_REPRESENTATION_CONTEXT() REPRESENTATION_CONTEXT('2D SPACE',''
  ) );
#3333 = ORIENTED_EDGE('',*,*,#3334,.T.);
#3334 = EDGE_CURVE('',#3307,#3335,#3337,.T.);
#3335 = VERTEX_POINT('',#3336);
#3336 = CARTESIAN_POINT('',(-12.424944,13.5,-12.0));
#3337 = SURFACE_CURVE('',#3338,(#3342,#3349),.PCURVE_S1.);
#3338 = LINE('',#3339,#3340);
#3339 = CARTESIAN_POINT('',(10.024944,13.5,-12.0));
#3340 = VECTOR('',#3341,1.);
#3341 = DIRECTION('',(-1.,0.,0.));
#3342 = PCURVE('',#366,#3343);
#3343 = DEFINITIONAL_REPRESENTATION('',(#3344),#3348);
#3344 = LINE('',#3345,#3346);
#3345 = CARTESIAN_POINT('',(-8.,27.7));
#3346 = VECTOR('',#3347,1.);
#3347 = DIRECTION('',(1.,0.));
#3348 = ( GEOMETRIC_REPRESENTATION_CONTEXT(2) 
PARAMETRIC_REPRESENTATION_CONTEXT() REPRESENTATION_CONTEXT('2D SPACE',''
  ) );
#3349 = PCURVE('',#3350,#3355);
#3350 = PLANE('',#3351);
#3351 = AXIS2_PLACEMENT_3D('',#3352,#3353,#3354);
#3352 = CARTESIAN_POINT('',(-1.200000,13.5,-5.0));
#3353 = DIRECTION('',(-0.,-1.,-0.));
#3354 = DIRECTION('',(0.,-0.,1.));
#3355 = DEFINITIONAL_REPRESENTATION('',(#3356),#3360);
#3356 = LINE('',#3357,#3358);
#3357 = CARTESIAN_POINT('',(-7.,-8.));
#3358 = VECTOR('',#3359,1.);
#3359 = DIRECTION('',(0.,1.));
#3360 = ( GEOMETRIC_REPRESENTATION_CONTEXT(2) 
PARAMETRIC_REPRESENTATION_CONTEXT() REPRESENTATION_CONTEXT('2D SPACE',''
  ) );
#3361 = ORIENTED_EDGE('',*,*,#3362,.T.);
#3362 = EDGE_CURVE('',#3335,#3363,#3365,.T.);
#3363 = VERTEX_POINT('',#3364);
#3364 = CARTESIAN_POINT('',(-12.424944,9.9,-12.0));
#3365 = SURFACE_CURVE('',#3366,(#3370,#3377),.PCURVE_S1.);
#3366 = LINE('',#3367,#3368);
#3367 = CARTESIAN_POINT('',(-12.424944,13.5,-12.0));
#3368 = VECTOR('',#3369,1.);
#3369 = DIRECTION('',(-0.,-1.,-0.));
#3370 = PCURVE('',#366,#3371);
#3371 = DEFINITIONAL_REPRESENTATION('',(#3372),#3376);
#3372 = LINE('',#3373,#3374);
#3373 = CARTESIAN_POINT('',(8.,27.7));
#3374 = VECTOR('',#3375,1.);
#3375 = DIRECTION('',(0.,-1.));
#3376 = ( GEOMETRIC_REPRESENTATION_CONTEXT(2) 
PARAMETRIC_REPRESENTATION_CONTEXT() REPRESENTATION_CONTEXT('2D SPACE',''
  ) );
#3377 = PCURVE('',#3378,#3383);
#3378 = PLANE('',#3379);
#3379 = AXIS2_PLACEMENT_3D('',#3380,#3381,#3382);
#3380 = CARTESIAN_POINT('',(-12.424944,11.0,-5.0));
#3381 = DIRECTION('',(1.,-0.,-0.));
#3382 = DIRECTION('',(-0.,-0.,-1.));
#3383 = DEFINITIONAL_REPRESENTATION('',(#3384),#3388);
#3384 = LINE('',#3385,#3386);
#3385 = CARTESIAN_POINT('',(7.,2.5));
#3386 = VECTOR('',#3387,1.);
#3387 = DIRECTION('',(0.,-1.));
#3388 = ( GEOMETRIC_REPRESENTATION_CONTEXT(2) 
PARAMETRIC_REPRESENTATION_CONTEXT() REPRESENTATION_CONTEXT('2D SPACE',''
  ) );
#3389 = ORIENTED_EDGE('',*,*,#3390,.T.);
#3390 = EDGE_CURVE('',#3363,#3391,#3393,.T.);
#3391 = VERTEX_POINT('',#3392);
#3392 = CARTESIAN_POINT('',(-25.684410,9.9,-12.0));
#3393 = SURFACE_CURVE('',#3394,(#3398,#3405),.PCURVE_S1.);
#3394 = LINE('',#3395,#3396);
#3395 = CARTESIAN_POINT('',(-12.424944,9.9,-12.0));
#3396 = VECTOR('',#3397,1.);
#3397 = DIRECTION('',(-1.,0.,0.));
#3398 = PCURVE('',#366,#3399);
#3399 = DEFINITIONAL_REPRESENTATION('',(#3400),#3404);
#3400 = LINE('',#3401,#3402);
#3401 = CARTESIAN_POINT('',(8.,24.1));
#3402 = VECTOR('',#3403,1.);
#3403 = DIRECTION('',(1.,0.));
#3404 = ( GEOMETRIC_REPRESENTATION_CONTEXT(2) 
PARAMETRIC_REPRESENTATION_CONTEXT() REPRESENTATION_CONTEXT('2D SPACE',''
  ) );
#3405 = PCURVE('',#3406,#3411);
#3406 = PLANE('',#3407);
#3407 = AXIS2_PLACEMENT_3D('',#3408,#3409,#3410);
#3408 = CARTESIAN_POINT('',(-1.200000,9.9,-12.0));
#3409 = DIRECTION('',(0.,1.,0.));
#3410 = DIRECTION('',(-0.,0.,-1.));
#3411 = DEFINITIONAL_REPRESENTATION('',(#3412),#3416);
#3412 = LINE('',#3413,#3414);
#3413 = CARTESIAN_POINT('',(0.,8.));
#3414 = VECTOR('',#3415,1.);
#3415 = DIRECTION('',(0.,1.));
#3416 = ( GEOMETRIC_REPRESENTATION_CONTEXT(2) 
PARAMETRIC_REPRESENTATION_CONTEXT() REPRESENTATION_CONTEXT('2D SPACE',''
  ) );
#3417 = ORIENTED_EDGE('',*,*,#3418,.T.);
#3418 = EDGE_CURVE('',#3391,#3419,#3421,.T.);
#3419 = VERTEX_POINT('',#3420);
#3420 = CARTESIAN_POINT('',(-25.684410,-38.5,-12.0));
#3421 = SURFACE_CURVE('',#3422,(#3426,#3433),.PCURVE_S1.);
#3422 = LINE('',#3423,#3424);
#3423 = CARTESIAN_POINT('',(-25.684410,9.9,-12.0));
#3424 = VECTOR('',#3425,1.);
#3425 = DIRECTION('',(-0.,-1.,-0.));
#3426 = PCURVE('',#366,#3427);
#3427 = DEFINITIONAL_REPRESENTATION('',(#3428),#3432);
#3428 = LINE('',#3429,#3430);
#3429 = CARTESIAN_POINT('',(17.45,24.1));
#3430 = VECTOR('',#3431,1.);
#3431 = DIRECTION('',(0.,-1.));
#3432 = ( GEOMETRIC_REPRESENTATION_CONTEXT(2) 
PARAMETRIC_REPRESENTATION_CONTEXT() REPRESENTATION_CONTEXT('2D SPACE',''
  ) );
#3433 = PCURVE('',#3434,#3439);
#3434 = PLANE('',#3435);
#3435 = AXIS2_PLACEMENT_3D('',#3436,#3437,#3438);
#3436 = CARTESIAN_POINT('',(-25.684410,-16.7,-4.0));
#3437 = DIRECTION('',(-1.,0.,0.));
#3438 = DIRECTION('',(0.,0.,1.));
#3439 = DEFINITIONAL_REPRESENTATION('',(#3440),#3444);
#3440 = LINE('',#3441,#3442);
#3441 = CARTESIAN_POINT('',(-8.,26.6));
#3442 = VECTOR('',#3443,1.);
#3443 = DIRECTION('',(0.,-1.));
#3444 = ( GEOMETRIC_REPRESENTATION_CONTEXT(2) 
PARAMETRIC_REPRESENTATION_CONTEXT() REPRESENTATION_CONTEXT('2D SPACE',''
  ) );
#3445 = ORIENTED_EDGE('',*,*,#3446,.T.);
#3446 = EDGE_CURVE('',#3419,#3447,#3449,.T.);
#3447 = VERTEX_POINT('',#3448);
#3448 = CARTESIAN_POINT('',(-15.161025,-38.5,-12.0));
#3449 = SURFACE_CURVE('',#3450,(#3454,#3461),.PCURVE_S1.);
#3450 = LINE('',#3451,#3452);
#3451 = CARTESIAN_POINT('',(-25.684410,-38.5,-12.0));
#3452 = VECTOR('',#3453,1.);
#3453 = DIRECTION('',(1.,-0.,-0.));
#3454 = PCURVE('',#366,#3455);
#3455 = DEFINITIONAL_REPRESENTATION('',(#3456),#3460);
#3456 = LINE('',#3457,#3458);
#3457 = CARTESIAN_POINT('',(17.45,-24.3));
#3458 = VECTOR('',#3459,1.);
#3459 = DIRECTION('',(-1.,0.));
#3460 = ( GEOMETRIC_REPRESENTATION_CONTEXT(2) 
PARAMETRIC_REPRESENTATION_CONTEXT() REPRESENTATION_CONTEXT('2D SPACE',''
  ) );
#3461 = PCURVE('',#1584,#3462);
#3462 = DEFINITIONAL_REPRESENTATION('',(#3463),#3467);
#3463 = LINE('',#3464,#3465);
#3464 = CARTESIAN_POINT('',(-3.,17.45));
#3465 = VECTOR('',#3466,1.);
#3466 = DIRECTION('',(0.,-1.));
#3467 = ( GEOMETRIC_REPRESENTATION_CONTEXT(2) 
PARAMETRIC_REPRESENTATION_CONTEXT() REPRESENTATION_CONTEXT('2D SPACE',''
  ) );
#3468 = ORIENTED_EDGE('',*,*,#3469,.F.);
#3469 = EDGE_CURVE('',#3470,#3447,#3472,.T.);
#3470 = VERTEX_POINT('',#3471);
#3471 = CARTESIAN_POINT('',(-15.161025,-43.4,-12.0));
#3472 = SURFACE_CURVE('',#3473,(#3477,#3484),.PCURVE_S1.);
#3473 = LINE('',#3474,#3475);
#3474 = CARTESIAN_POINT('',(-15.161025,-43.4,-12.0));
#3475 = VECTOR('',#3476,1.);
#3476 = DIRECTION('',(0.,1.,0.));
#3477 = PCURVE('',#366,#3478);
#3478 = DEFINITIONAL_REPRESENTATION('',(#3479),#3483);
#3479 = LINE('',#3480,#3481);
#3480 = CARTESIAN_POINT('',(9.95,-29.2));
#3481 = VECTOR('',#3482,1.);
#3482 = DIRECTION('',(0.,1.));
#3483 = ( GEOMETRIC_REPRESENTATION_CONTEXT(2) 
PARAMETRIC_REPRESENTATION_CONTEXT() REPRESENTATION_CONTEXT('2D SPACE',''
  ) );
#3484 = PCURVE('',#3485,#3490);
#3485 = CYLINDRICAL_SURFACE('',#3486,1.);
#3486 = AXIS2_PLACEMENT_3D('',#3487,#3488,#3489);
#3487 = CARTESIAN_POINT('',(-13.757907,-34.6,-12.0));
#3488 = DIRECTION('',(-0.,-1.,-0.));
#3489 = DIRECTION('',(0.,-0.,1.));
#3490 = DEFINITIONAL_REPRESENTATION('',(#3491),#3495);
#3491 = LINE('',#3492,#3493);
#3492 = CARTESIAN_POINT('',(1.570796326795,8.8));
#3493 = VECTOR('',#3494,1.);
#3494 = DIRECTION('',(0.,-1.));
#3495 = ( GEOMETRIC_REPRESENTATION_CONTEXT(2) 
PARAMETRIC_REPRESENTATION_CONTEXT() REPRESENTATION_CONTEXT('2D SPACE',''
  ) );
#3496 = ORIENTED_EDGE('',*,*,#3497,.F.);
#3497 = EDGE_CURVE('',#3498,#3470,#3500,.T.);
#3498 = VERTEX_POINT('',#3499);
#3499 = CARTESIAN_POINT('',(-15.862584,-43.4,-12.0));
#3500 = SURFACE_CURVE('',#3501,(#3505,#3512),.PCURVE_S1.);
#3501 = LINE('',#3502,#3503);
#3502 = CARTESIAN_POINT('',(-15.862584,-43.4,-12.0));
#3503 = VECTOR('',#3504,1.);
#3504 = DIRECTION('',(1.,-0.,-0.));
#3505 = PCURVE('',#366,#3506);
#3506 = DEFINITIONAL_REPRESENTATION('',(#3507),#3511);
#3507 = LINE('',#3508,#3509);
#3508 = CARTESIAN_POINT('',(10.45,-29.2));
#3509 = VECTOR('',#3510,1.);
#3510 = DIRECTION('',(-1.,0.));
#3511 = ( GEOMETRIC_REPRESENTATION_CONTEXT(2) 
PARAMETRIC_REPRESENTATION_CONTEXT() REPRESENTATION_CONTEXT('2D SPACE',''
  ) );
#3512 = PCURVE('',#1833,#3513);
#3513 = DEFINITIONAL_REPRESENTATION('',(#3514),#3518);
#3514 = LINE('',#3515,#3516);
#3515 = CARTESIAN_POINT('',(-3.,10.45));
#3516 = VECTOR('',#3517,1.);
#3517 = DIRECTION('',(0.,-1.));
#3518 = ( GEOMETRIC_REPRESENTATION_CONTEXT(2) 
PARAMETRIC_REPRESENTATION_CONTEXT() REPRESENTATION_CONTEXT('2D SPACE',''
  ) );
#3519 = ORIENTED_EDGE('',*,*,#3520,.T.);
#3520 = EDGE_CURVE('',#3498,#3521,#3523,.T.);
#3521 = VERTEX_POINT('',#3522);
#3522 = CARTESIAN_POINT('',(-18.809131,-43.214821201,-12.0));
#3523 = SURFACE_CURVE('',#3524,(#3529,#3536),.PCURVE_S1.);
#3524 = CIRCLE('',#3525,12.);
#3525 = AXIS2_PLACEMENT_3D('',#3526,#3527,#3528);
#3526 = CARTESIAN_POINT('',(-15.862584,-31.4,-12.0));
#3527 = DIRECTION('',(-0.,0.,-1.));
#3528 = DIRECTION('',(-1.,0.,0.));
#3529 = PCURVE('',#366,#3530);
#3530 = DEFINITIONAL_REPRESENTATION('',(#3531),#3535);
#3531 = CIRCLE('',#3532,12.);
#3532 = AXIS2_PLACEMENT_2D('',#3533,#3534);
#3533 = CARTESIAN_POINT('',(10.45,-17.2));
#3534 = DIRECTION('',(1.,0.));
#3535 = ( GEOMETRIC_REPRESENTATION_CONTEXT(2) 
PARAMETRIC_REPRESENTATION_CONTEXT() REPRESENTATION_CONTEXT('2D SPACE',''
  ) );
#3536 = PCURVE('',#3537,#3542);
#3537 = CYLINDRICAL_SURFACE('',#3538,12.);
#3538 = AXIS2_PLACEMENT_3D('',#3539,#3540,#3541);
#3539 = CARTESIAN_POINT('',(-15.862584,-31.4,-9.0));
#3540 = DIRECTION('',(-0.,-0.,-1.));
#3541 = DIRECTION('',(-1.,0.,0.));
#3542 = DEFINITIONAL_REPRESENTATION('',(#3543),#3547);
#3543 = LINE('',#3544,#3545);
#3544 = CARTESIAN_POINT('',(0.,3.));
#3545 = VECTOR('',#3546,1.);
#3546 = DIRECTION('',(1.,0.));
#3547 = ( GEOMETRIC_REPRESENTATION_CONTEXT(2) 
PARAMETRIC_REPRESENTATION_CONTEXT() REPRESENTATION_CONTEXT('2D SPACE',''
  ) );
#3548 = ORIENTED_EDGE('',*,*,#3549,.F.);
#3549 = EDGE_CURVE('',#2857,#3521,#3550,.T.);
#3550 = SURFACE_CURVE('',#3551,(#3555,#3562),.PCURVE_S1.);
#3551 = LINE('',#3552,#3553);
#3552 = CARTESIAN_POINT('',(-18.809131,-41.177013859,-12.0));
#3553 = VECTOR('',#3554,1.);
#3554 = DIRECTION('',(-0.,-1.,0.));
#3555 = PCURVE('',#366,#3556);
#3556 = DEFINITIONAL_REPRESENTATION('',(#3557),#3561);
#3557 = LINE('',#3558,#3559);
#3558 = CARTESIAN_POINT('',(12.55,-26.977013859));
#3559 = VECTOR('',#3560,1.);
#3560 = DIRECTION('',(0.,-1.));
#3561 = ( GEOMETRIC_REPRESENTATION_CONTEXT(2) 
PARAMETRIC_REPRESENTATION_CONTEXT() REPRESENTATION_CONTEXT('2D SPACE',''
  ) );
#3562 = PCURVE('',#2958,#3563);
#3563 = DEFINITIONAL_REPRESENTATION('',(#3564),#3568);
#3564 = LINE('',#3565,#3566);
#3565 = CARTESIAN_POINT('',(1.222986141,-3.));
#3566 = VECTOR('',#3567,1.);
#3567 = DIRECTION('',(-1.,-0.));
#3568 = ( GEOMETRIC_REPRESENTATION_CONTEXT(2) 
PARAMETRIC_REPRESENTATION_CONTEXT() REPRESENTATION_CONTEXT('2D SPACE',''
  ) );
#3569 = ORIENTED_EDGE('',*,*,#2856,.T.);
#3570 = ORIENTED_EDGE('',*,*,#3571,.T.);
#3571 = EDGE_CURVE('',#2859,#3572,#3574,.T.);
#3572 = VERTEX_POINT('',#3573);
#3573 = CARTESIAN_POINT('',(-32.464500,-33.4,-12.0));
#3574 = SURFACE_CURVE('',#3575,(#3579,#3586),.PCURVE_S1.);
#3575 = LINE('',#3576,#3577);
#3576 = CARTESIAN_POINT('',(-29.610277,-33.4,-12.0));
#3577 = VECTOR('',#3578,1.);
#3578 = DIRECTION('',(-1.,0.,0.));
#3579 = PCURVE('',#366,#3580);
#3580 = DEFINITIONAL_REPRESENTATION('',(#3581),#3585);
#3581 = LINE('',#3582,#3583);
#3582 = CARTESIAN_POINT('',(20.247958971,-19.2));
#3583 = VECTOR('',#3584,1.);
#3584 = DIRECTION('',(1.,0.));
#3585 = ( GEOMETRIC_REPRESENTATION_CONTEXT(2) 
PARAMETRIC_REPRESENTATION_CONTEXT() REPRESENTATION_CONTEXT('2D SPACE',''
  ) );
#3586 = PCURVE('',#2903,#3587);
#3587 = DEFINITIONAL_REPRESENTATION('',(#3588),#3592);
#3588 = LINE('',#3589,#3590);
#3589 = CARTESIAN_POINT('',(-3.,-1.202041029));
#3590 = VECTOR('',#3591,1.);
#3591 = DIRECTION('',(0.,1.));
#3592 = ( GEOMETRIC_REPRESENTATION_CONTEXT(2) 
PARAMETRIC_REPRESENTATION_CONTEXT() REPRESENTATION_CONTEXT('2D SPACE',''
  ) );
#3593 = ORIENTED_EDGE('',*,*,#3594,.T.);
#3594 = EDGE_CURVE('',#3572,#3595,#3597,.T.);
#3595 = VERTEX_POINT('',#3596);
#3596 = CARTESIAN_POINT('',(-32.700000,-31.4,-12.0));
#3597 = SURFACE_CURVE('',#3598,(#3603,#3610),.PCURVE_S1.);
#3598 = CIRCLE('',#3599,12.);
#3599 = AXIS2_PLACEMENT_3D('',#3600,#3601,#3602);
#3600 = CARTESIAN_POINT('',(-15.862584,-31.4,-12.0));
#3601 = DIRECTION('',(-0.,0.,-1.));
#3602 = DIRECTION('',(-1.,0.,0.));
#3603 = PCURVE('',#366,#3604);
#3604 = DEFINITIONAL_REPRESENTATION('',(#3605),#3609);
#3605 = CIRCLE('',#3606,12.);
#3606 = AXIS2_PLACEMENT_2D('',#3607,#3608);
#3607 = CARTESIAN_POINT('',(10.45,-17.2));
#3608 = DIRECTION('',(1.,0.));
#3609 = ( GEOMETRIC_REPRESENTATION_CONTEXT(2) 
PARAMETRIC_REPRESENTATION_CONTEXT() REPRESENTATION_CONTEXT('2D SPACE',''
  ) );
#3610 = PCURVE('',#3537,#3611);
#3611 = DEFINITIONAL_REPRESENTATION('',(#3612),#3616);
#3612 = LINE('',#3613,#3614);
#3613 = CARTESIAN_POINT('',(0.,3.));
#3614 = VECTOR('',#3615,1.);
#3615 = DIRECTION('',(1.,0.));
#3616 = ( GEOMETRIC_REPRESENTATION_CONTEXT(2) 
PARAMETRIC_REPRESENTATION_CONTEXT() REPRESENTATION_CONTEXT('2D SPACE',''
  ) );
#3617 = ORIENTED_EDGE('',*,*,#3618,.F.);
#3618 = EDGE_CURVE('',#3619,#3595,#3621,.T.);
#3619 = VERTEX_POINT('',#3620);
#3620 = CARTESIAN_POINT('',(-32.700000,3.0,-12.0));
#3621 = SURFACE_CURVE('',#3622,(#3626,#3633),.PCURVE_S1.);
#3622 = LINE('',#3623,#3624);
#3623 = CARTESIAN_POINT('',(-32.700000,3.0,-12.0));
#3624 = VECTOR('',#3625,1.);
#3625 = DIRECTION('',(-0.,-1.,-0.));
#3626 = PCURVE('',#366,#3627);
#3627 = DEFINITIONAL_REPRESENTATION('',(#3628),#3632);
#3628 = LINE('',#3629,#3630);
#3629 = CARTESIAN_POINT('',(22.45,17.2));
#3630 = VECTOR('',#3631,1.);
#3631 = DIRECTION('',(0.,-1.));
#3632 = ( GEOMETRIC_REPRESENTATION_CONTEXT(2) 
PARAMETRIC_REPRESENTATION_CONTEXT() REPRESENTATION_CONTEXT('2D SPACE',''
  ) );
#3633 = PCURVE('',#3634,#3639);
#3634 = PLANE('',#3635);
#3635 = AXIS2_PLACEMENT_3D('',#3636,#3637,#3638);
#3636 = CARTESIAN_POINT('',(-32.700000,-14.2,-9.0));
#3637 = DIRECTION('',(-1.,0.,0.));
#3638 = DIRECTION('',(0.,0.,1.));
#3639 = DEFINITIONAL_REPRESENTATION('',(#3640),#3644);
#3640 = LINE('',#3641,#3642);
#3641 = CARTESIAN_POINT('',(-3.,17.2));
#3642 = VECTOR('',#3643,1.);
#3643 = DIRECTION('',(0.,-1.));
#3644 = ( GEOMETRIC_REPRESENTATION_CONTEXT(2) 
PARAMETRIC_REPRESENTATION_CONTEXT() REPRESENTATION_CONTEXT('2D SPACE',''
  ) );
#3645 = ORIENTED_EDGE('',*,*,#3646,.T.);
#3646 = EDGE_CURVE('',#3619,#3647,#3649,.T.);
#3647 = VERTEX_POINT('',#3648);
#3648 = CARTESIAN_POINT('',(-32.464500,5.0,-12.0));
#3649 = SURFACE_CURVE('',#3650,(#3655,#3662),.PCURVE_S1.);
#3650 = CIRCLE('',#3651,12.);
#3651 = AXIS2_PLACEMENT_3D('',#3652,#3653,#3654);
#3652 = CARTESIAN_POINT('',(-15.862584,3.0,-12.0));
#3653 = DIRECTION('',(-0.,0.,-1.));
#3654 = DIRECTION('',(-1.,0.,0.));
#3655 = PCURVE('',#366,#3656);
#3656 = DEFINITIONAL_REPRESENTATION('',(#3657),#3661);
#3657 = CIRCLE('',#3658,12.);
#3658 = AXIS2_PLACEMENT_2D('',#3659,#3660);
#3659 = CARTESIAN_POINT('',(10.45,17.2));
#3660 = DIRECTION('',(1.,0.));
#3661 = ( GEOMETRIC_REPRESENTATION_CONTEXT(2) 
PARAMETRIC_REPRESENTATION_CONTEXT() REPRESENTATION_CONTEXT('2D SPACE',''
  ) );
#3662 = PCURVE('',#3663,#3668);
#3663 = CYLINDRICAL_SURFACE('',#3664,12.);
#3664 = AXIS2_PLACEMENT_3D('',#3665,#3666,#3667);
#3665 = CARTESIAN_POINT('',(-15.862584,3.0,-9.0));
#3666 = DIRECTION('',(-0.,-0.,-1.));
#3667 = DIRECTION('',(-1.,0.,0.));
#3668 = DEFINITIONAL_REPRESENTATION('',(#3669),#3673);
#3669 = LINE('',#3670,#3671);
#3670 = CARTESIAN_POINT('',(0.,3.));
#3671 = VECTOR('',#3672,1.);
#3672 = DIRECTION('',(1.,0.));
#3673 = ( GEOMETRIC_REPRESENTATION_CONTEXT(2) 
PARAMETRIC_REPRESENTATION_CONTEXT() REPRESENTATION_CONTEXT('2D SPACE',''
  ) );
#3674 = ORIENTED_EDGE('',*,*,#3675,.F.);
#3675 = EDGE_CURVE('',#2974,#3647,#3676,.T.);
#3676 = SURFACE_CURVE('',#3677,(#3681,#3688),.PCURVE_S1.);
#3677 = LINE('',#3678,#3679);
#3678 = CARTESIAN_POINT('',(-29.610277,5.0,-12.0));
#3679 = VECTOR('',#3680,1.);
#3680 = DIRECTION('',(-1.,0.,0.));
#3681 = PCURVE('',#366,#3682);
#3682 = DEFINITIONAL_REPRESENTATION('',(#3683),#3687);
#3683 = LINE('',#3684,#3685);
#3684 = CARTESIAN_POINT('',(20.247958971,19.2));
#3685 = VECTOR('',#3686,1.);
#3686 = DIRECTION('',(1.,0.));
#3687 = ( GEOMETRIC_REPRESENTATION_CONTEXT(2) 
PARAMETRIC_REPRESENTATION_CONTEXT() REPRESENTATION_CONTEXT('2D SPACE',''
  ) );
#3688 = PCURVE('',#3075,#3689);
#3689 = DEFINITIONAL_REPRESENTATION('',(#3690),#3694);
#3690 = LINE('',#3691,#3692);
#3691 = CARTESIAN_POINT('',(-3.,-1.202041029));
#3692 = VECTOR('',#3693,1.);
#3693 = DIRECTION('',(0.,1.));
#3694 = ( GEOMETRIC_REPRESENTATION_CONTEXT(2) 
PARAMETRIC_REPRESENTATION_CONTEXT() REPRESENTATION_CONTEXT('2D SPACE',''
  ) );
#3695 = ORIENTED_EDGE('',*,*,#2973,.T.);
#3696 = ORIENTED_EDGE('',*,*,#3697,.T.);
#3697 = EDGE_CURVE('',#2976,#3698,#3700,.T.);
#3698 = VERTEX_POINT('',#3699);
#3699 = CARTESIAN_POINT('',(-18.668820,14.832159566,-12.0));
#3700 = SURFACE_CURVE('',#3701,(#3705,#3712),.PCURVE_S1.);
#3701 = LINE('',#3702,#3703);
#3702 = CARTESIAN_POINT('',(-18.668820,12.797958971,-12.0));
#3703 = VECTOR('',#3704,1.);
#3704 = DIRECTION('',(0.,1.,0.));
#3705 = PCURVE('',#366,#3706);
#3706 = DEFINITIONAL_REPRESENTATION('',(#3707),#3711);
#3707 = LINE('',#3708,#3709);
#3708 = CARTESIAN_POINT('',(12.45,26.997958971));
#3709 = VECTOR('',#3710,1.);
#3710 = DIRECTION('',(0.,1.));
#3711 = ( GEOMETRIC_REPRESENTATION_CONTEXT(2) 
PARAMETRIC_REPRESENTATION_CONTEXT() REPRESENTATION_CONTEXT('2D SPACE',''
  ) );
#3712 = PCURVE('',#3020,#3713);
#3713 = DEFINITIONAL_REPRESENTATION('',(#3714),#3718);
#3714 = LINE('',#3715,#3716);
#3715 = CARTESIAN_POINT('',(-3.,-1.202041029));
#3716 = VECTOR('',#3717,1.);
#3717 = DIRECTION('',(-0.,1.));
#3718 = ( GEOMETRIC_REPRESENTATION_CONTEXT(2) 
PARAMETRIC_REPRESENTATION_CONTEXT() REPRESENTATION_CONTEXT('2D SPACE',''
  ) );
#3719 = ORIENTED_EDGE('',*,*,#3720,.T.);
#3720 = EDGE_CURVE('',#3698,#3721,#3723,.T.);
#3721 = VERTEX_POINT('',#3722);
#3722 = CARTESIAN_POINT('',(-15.862584,15.0,-12.0));
#3723 = SURFACE_CURVE('',#3724,(#3729,#3736),.PCURVE_S1.);
#3724 = CIRCLE('',#3725,12.);
#3725 = AXIS2_PLACEMENT_3D('',#3726,#3727,#3728);
#3726 = CARTESIAN_POINT('',(-15.862584,3.0,-12.0));
#3727 = DIRECTION('',(-0.,0.,-1.));
#3728 = DIRECTION('',(-1.,0.,0.));
#3729 = PCURVE('',#366,#3730);
#3730 = DEFINITIONAL_REPRESENTATION('',(#3731),#3735);
#3731 = CIRCLE('',#3732,12.);
#3732 = AXIS2_PLACEMENT_2D('',#3733,#3734);
#3733 = CARTESIAN_POINT('',(10.45,17.2));
#3734 = DIRECTION('',(1.,0.));
#3735 = ( GEOMETRIC_REPRESENTATION_CONTEXT(2) 
PARAMETRIC_REPRESENTATION_CONTEXT() REPRESENTATION_CONTEXT('2D SPACE',''
  ) );
#3736 = PCURVE('',#3663,#3737);
#3737 = DEFINITIONAL_REPRESENTATION('',(#3738),#3742);
#3738 = LINE('',#3739,#3740);
#3739 = CARTESIAN_POINT('',(0.,3.));
#3740 = VECTOR('',#3741,1.);
#3741 = DIRECTION('',(1.,0.));
#3742 = ( GEOMETRIC_REPRESENTATION_CONTEXT(2) 
PARAMETRIC_REPRESENTATION_CONTEXT() REPRESENTATION_CONTEXT('2D SPACE',''
  ) );
#3743 = ORIENTED_EDGE('',*,*,#3744,.F.);
#3744 = EDGE_CURVE('',#3745,#3721,#3747,.T.);
#3745 = VERTEX_POINT('',#3746);
#3746 = CARTESIAN_POINT('',(13.462583,15.0,-12.0));
#3747 = SURFACE_CURVE('',#3748,(#3752,#3759),.PCURVE_S1.);
#3748 = LINE('',#3749,#3750);
#3749 = CARTESIAN_POINT('',(13.462583,15.0,-12.0));
#3750 = VECTOR('',#3751,1.);
#3751 = DIRECTION('',(-1.,0.,0.));
#3752 = PCURVE('',#366,#3753);
#3753 = DEFINITIONAL_REPRESENTATION('',(#3754),#3758);
#3754 = LINE('',#3755,#3756);
#3755 = CARTESIAN_POINT('',(-10.45,29.2));
#3756 = VECTOR('',#3757,1.);
#3757 = DIRECTION('',(1.,0.));
#3758 = ( GEOMETRIC_REPRESENTATION_CONTEXT(2) 
PARAMETRIC_REPRESENTATION_CONTEXT() REPRESENTATION_CONTEXT('2D SPACE',''
  ) );
#3759 = PCURVE('',#3760,#3765);
#3760 = PLANE('',#3761);
#3761 = AXIS2_PLACEMENT_3D('',#3762,#3763,#3764);
#3762 = CARTESIAN_POINT('',(-1.200000,15.0,-9.0));
#3763 = DIRECTION('',(0.,1.,0.));
#3764 = DIRECTION('',(-0.,0.,-1.));
#3765 = DEFINITIONAL_REPRESENTATION('',(#3766),#3770);
#3766 = LINE('',#3767,#3768);
#3767 = CARTESIAN_POINT('',(3.,-10.45));
#3768 = VECTOR('',#3769,1.);
#3769 = DIRECTION('',(0.,1.));
#3770 = ( GEOMETRIC_REPRESENTATION_CONTEXT(2) 
PARAMETRIC_REPRESENTATION_CONTEXT() REPRESENTATION_CONTEXT('2D SPACE',''
  ) );
#3771 = ORIENTED_EDGE('',*,*,#3772,.T.);
#3772 = EDGE_CURVE('',#3745,#3208,#3773,.T.);
#3773 = SURFACE_CURVE('',#3774,(#3779,#3786),.PCURVE_S1.);
#3774 = CIRCLE('',#3775,12.);
#3775 = AXIS2_PLACEMENT_3D('',#3776,#3777,#3778);
#3776 = CARTESIAN_POINT('',(13.462583,3.0,-12.0));
#3777 = DIRECTION('',(-0.,0.,-1.));
#3778 = DIRECTION('',(-1.,0.,0.));
#3779 = PCURVE('',#366,#3780);
#3780 = DEFINITIONAL_REPRESENTATION('',(#3781),#3785);
#3781 = CIRCLE('',#3782,12.);
#3782 = AXIS2_PLACEMENT_2D('',#3783,#3784);
#3783 = CARTESIAN_POINT('',(-10.45,17.2));
#3784 = DIRECTION('',(1.,0.));
#3785 = ( GEOMETRIC_REPRESENTATION_CONTEXT(2) 
PARAMETRIC_REPRESENTATION_CONTEXT() REPRESENTATION_CONTEXT('2D SPACE',''
  ) );
#3786 = PCURVE('',#394,#3787);
#3787 = DEFINITIONAL_REPRESENTATION('',(#3788),#3792);
#3788 = LINE('',#3789,#3790);
#3789 = CARTESIAN_POINT('',(0.,3.));
#3790 = VECTOR('',#3791,1.);
#3791 = DIRECTION('',(1.,0.));
#3792 = ( GEOMETRIC_REPRESENTATION_CONTEXT(2) 
PARAMETRIC_REPRESENTATION_CONTEXT() REPRESENTATION_CONTEXT('2D SPACE',''
  ) );
#3793 = ADVANCED_FACE('',(#3794),#3808,.T.);
#3794 = FACE_BOUND('',#3795,.T.);
#3795 = EDGE_LOOP('',(#3796,#3826,#3854,#3882));
#3796 = ORIENTED_EDGE('',*,*,#3797,.T.);
#3797 = EDGE_CURVE('',#3798,#3800,#3802,.T.);
#3798 = VERTEX_POINT('',#3799);
#3799 = CARTESIAN_POINT('',(21.179733,-33.4,-9.0));
#3800 = VERTEX_POINT('',#3801);
#3801 = CARTESIAN_POINT('',(11.428062,-33.4,-9.0));
#3802 = SURFACE_CURVE('',#3803,(#3807,#3819),.PCURVE_S1.);
#3803 = LINE('',#3804,#3805);
#3804 = CARTESIAN_POINT('',(21.179733,-33.4,-9.0));
#3805 = VECTOR('',#3806,1.);
#3806 = DIRECTION('',(-1.,0.,0.));
#3807 = PCURVE('',#3808,#3813);
#3808 = PLANE('',#3809);
#3809 = AXIS2_PLACEMENT_3D('',#3810,#3811,#3812);
#3810 = CARTESIAN_POINT('',(14.058909,-33.4,-9.0));
#3811 = DIRECTION('',(0.,1.,0.));
#3812 = DIRECTION('',(-0.,0.,-1.));
#3813 = DEFINITIONAL_REPRESENTATION('',(#3814),#3818);
#3814 = LINE('',#3815,#3816);
#3815 = CARTESIAN_POINT('',(0.,-5.075));
#3816 = VECTOR('',#3817,1.);
#3817 = DIRECTION('',(0.,1.));
#3818 = ( GEOMETRIC_REPRESENTATION_CONTEXT(2) 
PARAMETRIC_REPRESENTATION_CONTEXT() REPRESENTATION_CONTEXT('2D SPACE',''
  ) );
#3819 = PCURVE('',#640,#3820);
#3820 = DEFINITIONAL_REPRESENTATION('',(#3821),#3825);
#3821 = LINE('',#3822,#3823);
#3822 = CARTESIAN_POINT('',(15.95,-19.2));
#3823 = VECTOR('',#3824,1.);
#3824 = DIRECTION('',(-1.,0.));
#3825 = ( GEOMETRIC_REPRESENTATION_CONTEXT(2) 
PARAMETRIC_REPRESENTATION_CONTEXT() REPRESENTATION_CONTEXT('2D SPACE',''
  ) );
#3826 = ORIENTED_EDGE('',*,*,#3827,.F.);
#3827 = EDGE_CURVE('',#3828,#3800,#3830,.T.);
#3828 = VERTEX_POINT('',#3829);
#3829 = CARTESIAN_POINT('',(11.428062,-33.4,-4.8));
#3830 = SURFACE_CURVE('',#3831,(#3835,#3842),.PCURVE_S1.);
#3831 = LINE('',#3832,#3833);
#3832 = CARTESIAN_POINT('',(11.428062,-33.4,-4.8));
#3833 = VECTOR('',#3834,1.);
#3834 = DIRECTION('',(-0.,-0.,-1.));
#3835 = PCURVE('',#3808,#3836);
#3836 = DEFINITIONAL_REPRESENTATION('',(#3837),#3841);
#3837 = LINE('',#3838,#3839);
#3838 = CARTESIAN_POINT('',(-4.2,1.875));
#3839 = VECTOR('',#3840,1.);
#3840 = DIRECTION('',(1.,0.));
#3841 = ( GEOMETRIC_REPRESENTATION_CONTEXT(2) 
PARAMETRIC_REPRESENTATION_CONTEXT() REPRESENTATION_CONTEXT('2D SPACE',''
  ) );
#3842 = PCURVE('',#3843,#3848);
#3843 = PLANE('',#3844);
#3844 = AXIS2_PLACEMENT_3D('',#3845,#3846,#3847);
#3845 = CARTESIAN_POINT('',(11.428062,-35.7,-9.0));
#3846 = DIRECTION('',(-1.,0.,0.));
#3847 = DIRECTION('',(0.,0.,1.));
#3848 = DEFINITIONAL_REPRESENTATION('',(#3849),#3853);
#3849 = LINE('',#3850,#3851);
#3850 = CARTESIAN_POINT('',(4.2,2.3));
#3851 = VECTOR('',#3852,1.);
#3852 = DIRECTION('',(-1.,0.));
#3853 = ( GEOMETRIC_REPRESENTATION_CONTEXT(2) 
PARAMETRIC_REPRESENTATION_CONTEXT() REPRESENTATION_CONTEXT('2D SPACE',''
  ) );
#3854 = ORIENTED_EDGE('',*,*,#3855,.F.);
#3855 = EDGE_CURVE('',#3856,#3828,#3858,.T.);
#3856 = VERTEX_POINT('',#3857);
#3857 = CARTESIAN_POINT('',(21.179733,-33.4,-4.8));
#3858 = SURFACE_CURVE('',#3859,(#3863,#3870),.PCURVE_S1.);
#3859 = LINE('',#3860,#3861);
#3860 = CARTESIAN_POINT('',(21.179733,-33.4,-4.8));
#3861 = VECTOR('',#3862,1.);
#3862 = DIRECTION('',(-1.,0.,0.));
#3863 = PCURVE('',#3808,#3864);
#3864 = DEFINITIONAL_REPRESENTATION('',(#3865),#3869);
#3865 = LINE('',#3866,#3867);
#3866 = CARTESIAN_POINT('',(-4.2,-5.075));
#3867 = VECTOR('',#3868,1.);
#3868 = DIRECTION('',(0.,1.));
#3869 = ( GEOMETRIC_REPRESENTATION_CONTEXT(2) 
PARAMETRIC_REPRESENTATION_CONTEXT() REPRESENTATION_CONTEXT('2D SPACE',''
  ) );
#3870 = PCURVE('',#3871,#3876);
#3871 = PLANE('',#3872);
#3872 = AXIS2_PLACEMENT_3D('',#3873,#3874,#3875);
#3873 = CARTESIAN_POINT('',(-1.200000,-14.2,-4.8));
#3874 = DIRECTION('',(0.,0.,1.));
#3875 = DIRECTION('',(1.,0.,-0.));
#3876 = DEFINITIONAL_REPRESENTATION('',(#3877),#3881);
#3877 = LINE('',#3878,#3879);
#3878 = CARTESIAN_POINT('',(15.95,-19.2));
#3879 = VECTOR('',#3880,1.);
#3880 = DIRECTION('',(-1.,0.));
#3881 = ( GEOMETRIC_REPRESENTATION_CONTEXT(2) 
PARAMETRIC_REPRESENTATION_CONTEXT() REPRESENTATION_CONTEXT('2D SPACE',''
  ) );
#3882 = ORIENTED_EDGE('',*,*,#3883,.F.);
#3883 = EDGE_CURVE('',#3798,#3856,#3884,.T.);
#3884 = SURFACE_CURVE('',#3885,(#3889,#3896),.PCURVE_S1.);
#3885 = LINE('',#3886,#3887);
#3886 = CARTESIAN_POINT('',(21.179733,-33.4,-9.0));
#3887 = VECTOR('',#3888,1.);
#3888 = DIRECTION('',(0.,0.,1.));
#3889 = PCURVE('',#3808,#3890);
#3890 = DEFINITIONAL_REPRESENTATION('',(#3891),#3895);
#3891 = LINE('',#3892,#3893);
#3892 = CARTESIAN_POINT('',(0.,-5.075));
#3893 = VECTOR('',#3894,1.);
#3894 = DIRECTION('',(-1.,0.));
#3895 = ( GEOMETRIC_REPRESENTATION_CONTEXT(2) 
PARAMETRIC_REPRESENTATION_CONTEXT() REPRESENTATION_CONTEXT('2D SPACE',''
  ) );
#3896 = PCURVE('',#3897,#3902);
#3897 = PLANE('',#3898);
#3898 = AXIS2_PLACEMENT_3D('',#3899,#3900,#3901);
#3899 = CARTESIAN_POINT('',(21.179733,-14.2,-9.0));
#3900 = DIRECTION('',(1.,-0.,-0.));
#3901 = DIRECTION('',(-0.,-0.,-1.));
#3902 = DEFINITIONAL_REPRESENTATION('',(#3903),#3907);
#3903 = LINE('',#3904,#3905);
#3904 = CARTESIAN_POINT('',(0.,-19.2));
#3905 = VECTOR('',#3906,1.);
#3906 = DIRECTION('',(-1.,0.));
#3907 = ( GEOMETRIC_REPRESENTATION_CONTEXT(2) 
PARAMETRIC_REPRESENTATION_CONTEXT() REPRESENTATION_CONTEXT('2D SPACE',''
  ) );
#3908 = ADVANCED_FACE('',(#3909,#4402,#4437,#4472),#640,.F.);
#3909 = FACE_BOUND('',#3910,.T.);
#3910 = EDGE_LOOP('',(#3911,#3934,#3935,#3958,#3981,#4004,#4025,#4026,
    #4049,#4077,#4105,#4138,#4167,#4190,#4213,#4236,#4264,#4287,#4308,
    #4309,#4332,#4358,#4359,#4380,#4381));
#3911 = ORIENTED_EDGE('',*,*,#3912,.T.);
#3912 = EDGE_CURVE('',#3913,#494,#3915,.T.);
#3913 = VERTEX_POINT('',#3914);
#3914 = CARTESIAN_POINT('',(27.493764,-27.1,-9.0));
#3915 = SURFACE_CURVE('',#3916,(#3920,#3927),.PCURVE_S1.);
#3916 = LINE('',#3917,#3918);
#3917 = CARTESIAN_POINT('',(27.493764,-27.1,-9.0));
#3918 = VECTOR('',#3919,1.);
#3919 = DIRECTION('',(-0.,-1.,0.));
#3920 = PCURVE('',#640,#3921);
#3921 = DEFINITIONAL_REPRESENTATION('',(#3922),#3926);
#3922 = LINE('',#3923,#3924);
#3923 = CARTESIAN_POINT('',(20.45,-12.9));
#3924 = VECTOR('',#3925,1.);
#3925 = DIRECTION('',(-0.,-1.));
#3926 = ( GEOMETRIC_REPRESENTATION_CONTEXT(2) 
PARAMETRIC_REPRESENTATION_CONTEXT() REPRESENTATION_CONTEXT('2D SPACE',''
  ) );
#3927 = PCURVE('',#1210,#3928);
#3928 = DEFINITIONAL_REPRESENTATION('',(#3929),#3933);
#3929 = LINE('',#3930,#3931);
#3930 = CARTESIAN_POINT('',(27.1,3.));
#3931 = VECTOR('',#3932,1.);
#3932 = DIRECTION('',(1.,0.));
#3933 = ( GEOMETRIC_REPRESENTATION_CONTEXT(2) 
PARAMETRIC_REPRESENTATION_CONTEXT() REPRESENTATION_CONTEXT('2D SPACE',''
  ) );
#3934 = ORIENTED_EDGE('',*,*,#626,.T.);
#3935 = ORIENTED_EDGE('',*,*,#3936,.T.);
#3936 = EDGE_CURVE('',#598,#3937,#3939,.T.);
#3937 = VERTEX_POINT('',#3938);
#3938 = CARTESIAN_POINT('',(23.284410,-30.3,-9.0));
#3939 = SURFACE_CURVE('',#3940,(#3944,#3951),.PCURVE_S1.);
#3940 = LINE('',#3941,#3942);
#3941 = CARTESIAN_POINT('',(27.493764,-30.3,-9.0));
#3942 = VECTOR('',#3943,1.);
#3943 = DIRECTION('',(-1.,0.,0.));
#3944 = PCURVE('',#640,#3945);
#3945 = DEFINITIONAL_REPRESENTATION('',(#3946),#3950);
#3946 = LINE('',#3947,#3948);
#3947 = CARTESIAN_POINT('',(20.45,-16.1));
#3948 = VECTOR('',#3949,1.);
#3949 = DIRECTION('',(-1.,0.));
#3950 = ( GEOMETRIC_REPRESENTATION_CONTEXT(2) 
PARAMETRIC_REPRESENTATION_CONTEXT() REPRESENTATION_CONTEXT('2D SPACE',''
  ) );
#3951 = PCURVE('',#614,#3952);
#3952 = DEFINITIONAL_REPRESENTATION('',(#3953),#3957);
#3953 = LINE('',#3954,#3955);
#3954 = CARTESIAN_POINT('',(4.712388980385,0.));
#3955 = VECTOR('',#3956,1.);
#3956 = DIRECTION('',(0.,1.));
#3957 = ( GEOMETRIC_REPRESENTATION_CONTEXT(2) 
PARAMETRIC_REPRESENTATION_CONTEXT() REPRESENTATION_CONTEXT('2D SPACE',''
  ) );
#3958 = ORIENTED_EDGE('',*,*,#3959,.F.);
#3959 = EDGE_CURVE('',#3960,#3937,#3962,.T.);
#3960 = VERTEX_POINT('',#3961);
#3961 = CARTESIAN_POINT('',(23.284410,-38.5,-9.0));
#3962 = SURFACE_CURVE('',#3963,(#3967,#3974),.PCURVE_S1.);
#3963 = LINE('',#3964,#3965);
#3964 = CARTESIAN_POINT('',(23.284410,-38.5,-9.0));
#3965 = VECTOR('',#3966,1.);
#3966 = DIRECTION('',(0.,1.,0.));
#3967 = PCURVE('',#640,#3968);
#3968 = DEFINITIONAL_REPRESENTATION('',(#3969),#3973);
#3969 = LINE('',#3970,#3971);
#3970 = CARTESIAN_POINT('',(17.45,-24.3));
#3971 = VECTOR('',#3972,1.);
#3972 = DIRECTION('',(0.,1.));
#3973 = ( GEOMETRIC_REPRESENTATION_CONTEXT(2) 
PARAMETRIC_REPRESENTATION_CONTEXT() REPRESENTATION_CONTEXT('2D SPACE',''
  ) );
#3974 = PCURVE('',#1269,#3975);
#3975 = DEFINITIONAL_REPRESENTATION('',(#3976),#3980);
#3976 = LINE('',#3977,#3978);
#3977 = CARTESIAN_POINT('',(-3.,-23.3));
#3978 = VECTOR('',#3979,1.);
#3979 = DIRECTION('',(-0.,1.));
#3980 = ( GEOMETRIC_REPRESENTATION_CONTEXT(2) 
PARAMETRIC_REPRESENTATION_CONTEXT() REPRESENTATION_CONTEXT('2D SPACE',''
  ) );
#3981 = ORIENTED_EDGE('',*,*,#3982,.F.);
#3982 = EDGE_CURVE('',#3983,#3960,#3985,.T.);
#3983 = VERTEX_POINT('',#3984);
#3984 = CARTESIAN_POINT('',(11.428062,-38.5,-9.0));
#3985 = SURFACE_CURVE('',#3986,(#3990,#3997),.PCURVE_S1.);
#3986 = LINE('',#3987,#3988);
#3987 = CARTESIAN_POINT('',(11.428062,-38.5,-9.0));
#3988 = VECTOR('',#3989,1.);
#3989 = DIRECTION('',(1.,-0.,-0.));
#3990 = PCURVE('',#640,#3991);
#3991 = DEFINITIONAL_REPRESENTATION('',(#3992),#3996);
#3992 = LINE('',#3993,#3994);
#3993 = CARTESIAN_POINT('',(9.,-24.3));
#3994 = VECTOR('',#3995,1.);
#3995 = DIRECTION('',(1.,-0.));
#3996 = ( GEOMETRIC_REPRESENTATION_CONTEXT(2) 
PARAMETRIC_REPRESENTATION_CONTEXT() REPRESENTATION_CONTEXT('2D SPACE',''
  ) );
#3997 = PCURVE('',#1584,#3998);
#3998 = DEFINITIONAL_REPRESENTATION('',(#3999),#4003);
#3999 = LINE('',#4000,#4001);
#4000 = CARTESIAN_POINT('',(0.,-9.));
#4001 = VECTOR('',#4002,1.);
#4002 = DIRECTION('',(0.,-1.));
#4003 = ( GEOMETRIC_REPRESENTATION_CONTEXT(2) 
PARAMETRIC_REPRESENTATION_CONTEXT() REPRESENTATION_CONTEXT('2D SPACE',''
  ) );
#4004 = ORIENTED_EDGE('',*,*,#4005,.F.);
#4005 = EDGE_CURVE('',#3800,#3983,#4006,.T.);
#4006 = SURFACE_CURVE('',#4007,(#4011,#4018),.PCURVE_S1.);
#4007 = LINE('',#4008,#4009);
#4008 = CARTESIAN_POINT('',(11.428062,-33.4,-9.0));
#4009 = VECTOR('',#4010,1.);
#4010 = DIRECTION('',(-0.,-1.,-0.));
#4011 = PCURVE('',#640,#4012);
#4012 = DEFINITIONAL_REPRESENTATION('',(#4013),#4017);
#4013 = LINE('',#4014,#4015);
#4014 = CARTESIAN_POINT('',(9.,-19.2));
#4015 = VECTOR('',#4016,1.);
#4016 = DIRECTION('',(0.,-1.));
#4017 = ( GEOMETRIC_REPRESENTATION_CONTEXT(2) 
PARAMETRIC_REPRESENTATION_CONTEXT() REPRESENTATION_CONTEXT('2D SPACE',''
  ) );
#4018 = PCURVE('',#3843,#4019);
#4019 = DEFINITIONAL_REPRESENTATION('',(#4020),#4024);
#4020 = LINE('',#4021,#4022);
#4021 = CARTESIAN_POINT('',(0.,2.3));
#4022 = VECTOR('',#4023,1.);
#4023 = DIRECTION('',(0.,-1.));
#4024 = ( GEOMETRIC_REPRESENTATION_CONTEXT(2) 
PARAMETRIC_REPRESENTATION_CONTEXT() REPRESENTATION_CONTEXT('2D SPACE',''
  ) );
#4025 = ORIENTED_EDGE('',*,*,#3797,.F.);
#4026 = ORIENTED_EDGE('',*,*,#4027,.T.);
#4027 = EDGE_CURVE('',#3798,#4028,#4030,.T.);
#4028 = VERTEX_POINT('',#4029);
#4029 = CARTESIAN_POINT('',(21.179733,5.0,-9.0));
#4030 = SURFACE_CURVE('',#4031,(#4035,#4042),.PCURVE_S1.);
#4031 = LINE('',#4032,#4033);
#4032 = CARTESIAN_POINT('',(21.179733,-33.4,-9.0));
#4033 = VECTOR('',#4034,1.);
#4034 = DIRECTION('',(0.,1.,0.));
#4035 = PCURVE('',#640,#4036);
#4036 = DEFINITIONAL_REPRESENTATION('',(#4037),#4041);
#4037 = LINE('',#4038,#4039);
#4038 = CARTESIAN_POINT('',(15.95,-19.2));
#4039 = VECTOR('',#4040,1.);
#4040 = DIRECTION('',(0.,1.));
#4041 = ( GEOMETRIC_REPRESENTATION_CONTEXT(2) 
PARAMETRIC_REPRESENTATION_CONTEXT() REPRESENTATION_CONTEXT('2D SPACE',''
  ) );
#4042 = PCURVE('',#3897,#4043);
#4043 = DEFINITIONAL_REPRESENTATION('',(#4044),#4048);
#4044 = LINE('',#4045,#4046);
#4045 = CARTESIAN_POINT('',(0.,-19.2));
#4046 = VECTOR('',#4047,1.);
#4047 = DIRECTION('',(-0.,1.));
#4048 = ( GEOMETRIC_REPRESENTATION_CONTEXT(2) 
PARAMETRIC_REPRESENTATION_CONTEXT() REPRESENTATION_CONTEXT('2D SPACE',''
  ) );
#4049 = ORIENTED_EDGE('',*,*,#4050,.T.);
#4050 = EDGE_CURVE('',#4028,#4051,#4053,.T.);
#4051 = VERTEX_POINT('',#4052);
#4052 = CARTESIAN_POINT('',(-24.281292,5.0,-9.0));
#4053 = SURFACE_CURVE('',#4054,(#4058,#4065),.PCURVE_S1.);
#4054 = LINE('',#4055,#4056);
#4055 = CARTESIAN_POINT('',(21.179733,5.0,-9.0));
#4056 = VECTOR('',#4057,1.);
#4057 = DIRECTION('',(-1.,0.,0.));
#4058 = PCURVE('',#640,#4059);
#4059 = DEFINITIONAL_REPRESENTATION('',(#4060),#4064);
#4060 = LINE('',#4061,#4062);
#4061 = CARTESIAN_POINT('',(15.95,19.2));
#4062 = VECTOR('',#4063,1.);
#4063 = DIRECTION('',(-1.,0.));
#4064 = ( GEOMETRIC_REPRESENTATION_CONTEXT(2) 
PARAMETRIC_REPRESENTATION_CONTEXT() REPRESENTATION_CONTEXT('2D SPACE',''
  ) );
#4065 = PCURVE('',#4066,#4071);
#4066 = PLANE('',#4067);
#4067 = AXIS2_PLACEMENT_3D('',#4068,#4069,#4070);
#4068 = CARTESIAN_POINT('',(-13.301893,5.0,-9.0));
#4069 = DIRECTION('',(0.,1.,0.));
#4070 = DIRECTION('',(-0.,0.,-1.));
#4071 = DEFINITIONAL_REPRESENTATION('',(#4072),#4076);
#4072 = LINE('',#4073,#4074);
#4073 = CARTESIAN_POINT('',(0.,-24.575));
#4074 = VECTOR('',#4075,1.);
#4075 = DIRECTION('',(0.,1.));
#4076 = ( GEOMETRIC_REPRESENTATION_CONTEXT(2) 
PARAMETRIC_REPRESENTATION_CONTEXT() REPRESENTATION_CONTEXT('2D SPACE',''
  ) );
#4077 = ORIENTED_EDGE('',*,*,#4078,.F.);
#4078 = EDGE_CURVE('',#4079,#4051,#4081,.T.);
#4079 = VERTEX_POINT('',#4080);
#4080 = CARTESIAN_POINT('',(-24.281292,-9.7,-9.0));
#4081 = SURFACE_CURVE('',#4082,(#4086,#4093),.PCURVE_S1.);
#4082 = LINE('',#4083,#4084);
#4083 = CARTESIAN_POINT('',(-24.281292,-9.7,-9.0));
#4084 = VECTOR('',#4085,1.);
#4085 = DIRECTION('',(0.,1.,0.));
#4086 = PCURVE('',#640,#4087);
#4087 = DEFINITIONAL_REPRESENTATION('',(#4088),#4092);
#4088 = LINE('',#4089,#4090);
#4089 = CARTESIAN_POINT('',(-16.45,4.5));
#4090 = VECTOR('',#4091,1.);
#4091 = DIRECTION('',(0.,1.));
#4092 = ( GEOMETRIC_REPRESENTATION_CONTEXT(2) 
PARAMETRIC_REPRESENTATION_CONTEXT() REPRESENTATION_CONTEXT('2D SPACE',''
  ) );
#4093 = PCURVE('',#4094,#4099);
#4094 = PLANE('',#4095);
#4095 = AXIS2_PLACEMENT_3D('',#4096,#4097,#4098);
#4096 = CARTESIAN_POINT('',(-24.281292,-14.2,-9.0));
#4097 = DIRECTION('',(1.,-0.,-0.));
#4098 = DIRECTION('',(-0.,-0.,-1.));
#4099 = DEFINITIONAL_REPRESENTATION('',(#4100),#4104);
#4100 = LINE('',#4101,#4102);
#4101 = CARTESIAN_POINT('',(-0.,4.5));
#4102 = VECTOR('',#4103,1.);
#4103 = DIRECTION('',(-0.,1.));
#4104 = ( GEOMETRIC_REPRESENTATION_CONTEXT(2) 
PARAMETRIC_REPRESENTATION_CONTEXT() REPRESENTATION_CONTEXT('2D SPACE',''
  ) );
#4105 = ORIENTED_EDGE('',*,*,#4106,.T.);
#4106 = EDGE_CURVE('',#4079,#4107,#4109,.T.);
#4107 = VERTEX_POINT('',#4108);
#4108 = CARTESIAN_POINT('',(-24.982849,-10.2,-9.0));
#4109 = SURFACE_CURVE('',#4110,(#4115,#4126),.PCURVE_S1.);
#4110 = CIRCLE('',#4111,0.5);
#4111 = AXIS2_PLACEMENT_3D('',#4112,#4113,#4114);
#4112 = CARTESIAN_POINT('',(-24.982851,-9.7,-9.0));
#4113 = DIRECTION('',(0.,-0.,-1.));
#4114 = DIRECTION('',(1.,-0.,0.));
#4115 = PCURVE('',#640,#4116);
#4116 = DEFINITIONAL_REPRESENTATION('',(#4117),#4125);
#4117 = ( BOUNDED_CURVE() B_SPLINE_CURVE(2,(#4118,#4119,#4120,#4121,
#4122,#4123,#4124),.UNSPECIFIED.,.T.,.F.) B_SPLINE_CURVE_WITH_KNOTS((1,2
    ,2,2,2,1),(-2.094395102393,0.,2.094395102393,4.188790204786,
6.28318530718,8.377580409573),.UNSPECIFIED.) CURVE() 
GEOMETRIC_REPRESENTATION_ITEM() RATIONAL_B_SPLINE_CURVE((1.,0.5,1.,0.5,
1.,0.5,1.)) REPRESENTATION_ITEM('') );
#4118 = CARTESIAN_POINT('',(-16.45,4.5));
#4119 = CARTESIAN_POINT('',(-16.45,3.633974596216));
#4120 = CARTESIAN_POINT('',(-17.2,4.066987298108));
#4121 = CARTESIAN_POINT('',(-17.95,4.5));
#4122 = CARTESIAN_POINT('',(-17.2,4.933012701892));
#4123 = CARTESIAN_POINT('',(-16.45,5.366025403784));
#4124 = CARTESIAN_POINT('',(-16.45,4.5));
#4125 = ( GEOMETRIC_REPRESENTATION_CONTEXT(2) 
PARAMETRIC_REPRESENTATION_CONTEXT() REPRESENTATION_CONTEXT('2D SPACE',''
  ) );
#4126 = PCURVE('',#4127,#4132);
#4127 = CYLINDRICAL_SURFACE('',#4128,0.5);
#4128 = AXIS2_PLACEMENT_3D('',#4129,#4130,#4131);
#4129 = CARTESIAN_POINT('',(-24.982851,-9.7,-4.0));
#4130 = DIRECTION('',(-0.,-0.,-1.));
#4131 = DIRECTION('',(-1.,0.,0.));
#4132 = DEFINITIONAL_REPRESENTATION('',(#4133),#4137);
#4133 = LINE('',#4134,#4135);
#4134 = CARTESIAN_POINT('',(3.14159265359,5.));
#4135 = VECTOR('',#4136,1.);
#4136 = DIRECTION('',(1.,0.));
#4137 = ( GEOMETRIC_REPRESENTATION_CONTEXT(2) 
PARAMETRIC_REPRESENTATION_CONTEXT() REPRESENTATION_CONTEXT('2D SPACE',''
  ) );
#4138 = ORIENTED_EDGE('',*,*,#4139,.T.);
#4139 = EDGE_CURVE('',#4107,#4140,#4142,.T.);
#4140 = VERTEX_POINT('',#4141);
#4141 = CARTESIAN_POINT('',(-25.684410,-10.7,-9.0));
#4142 = SURFACE_CURVE('',#4143,(#4148,#4155),.PCURVE_S1.);
#4143 = CIRCLE('',#4144,0.5);
#4144 = AXIS2_PLACEMENT_3D('',#4145,#4146,#4147);
#4145 = CARTESIAN_POINT('',(-24.982851,-10.7,-9.0));
#4146 = DIRECTION('',(0.,0.,1.));
#4147 = DIRECTION('',(1.,0.,-0.));
#4148 = PCURVE('',#640,#4149);
#4149 = DEFINITIONAL_REPRESENTATION('',(#4150),#4154);
#4150 = CIRCLE('',#4151,0.5);
#4151 = AXIS2_PLACEMENT_2D('',#4152,#4153);
#4152 = CARTESIAN_POINT('',(-16.95,3.5));
#4153 = DIRECTION('',(1.,0.));
#4154 = ( GEOMETRIC_REPRESENTATION_CONTEXT(2) 
PARAMETRIC_REPRESENTATION_CONTEXT() REPRESENTATION_CONTEXT('2D SPACE',''
  ) );
#4155 = PCURVE('',#4156,#4161);
#4156 = CYLINDRICAL_SURFACE('',#4157,0.5);
#4157 = AXIS2_PLACEMENT_3D('',#4158,#4159,#4160);
#4158 = CARTESIAN_POINT('',(-24.982851,-10.7,-4.0));
#4159 = DIRECTION('',(-0.,-0.,-1.));
#4160 = DIRECTION('',(-1.,0.,0.));
#4161 = DEFINITIONAL_REPRESENTATION('',(#4162),#4166);
#4162 = LINE('',#4163,#4164);
#4163 = CARTESIAN_POINT('',(3.14159265359,5.));
#4164 = VECTOR('',#4165,1.);
#4165 = DIRECTION('',(-1.,0.));
#4166 = ( GEOMETRIC_REPRESENTATION_CONTEXT(2) 
PARAMETRIC_REPRESENTATION_CONTEXT() REPRESENTATION_CONTEXT('2D SPACE',''
  ) );
#4167 = ORIENTED_EDGE('',*,*,#4168,.F.);
#4168 = EDGE_CURVE('',#4169,#4140,#4171,.T.);
#4169 = VERTEX_POINT('',#4170);
#4170 = CARTESIAN_POINT('',(-25.684410,9.9,-9.0));
#4171 = SURFACE_CURVE('',#4172,(#4176,#4183),.PCURVE_S1.);
#4172 = LINE('',#4173,#4174);
#4173 = CARTESIAN_POINT('',(-25.684410,9.9,-9.0));
#4174 = VECTOR('',#4175,1.);
#4175 = DIRECTION('',(-0.,-1.,-0.));
#4176 = PCURVE('',#640,#4177);
#4177 = DEFINITIONAL_REPRESENTATION('',(#4178),#4182);
#4178 = LINE('',#4179,#4180);
#4179 = CARTESIAN_POINT('',(-17.45,24.1));
#4180 = VECTOR('',#4181,1.);
#4181 = DIRECTION('',(0.,-1.));
#4182 = ( GEOMETRIC_REPRESENTATION_CONTEXT(2) 
PARAMETRIC_REPRESENTATION_CONTEXT() REPRESENTATION_CONTEXT('2D SPACE',''
  ) );
#4183 = PCURVE('',#3434,#4184);
#4184 = DEFINITIONAL_REPRESENTATION('',(#4185),#4189);
#4185 = LINE('',#4186,#4187);
#4186 = CARTESIAN_POINT('',(-5.,26.6));
#4187 = VECTOR('',#4188,1.);
#4188 = DIRECTION('',(0.,-1.));
#4189 = ( GEOMETRIC_REPRESENTATION_CONTEXT(2) 
PARAMETRIC_REPRESENTATION_CONTEXT() REPRESENTATION_CONTEXT('2D SPACE',''
  ) );
#4190 = ORIENTED_EDGE('',*,*,#4191,.F.);
#4191 = EDGE_CURVE('',#4192,#4169,#4194,.T.);
#4192 = VERTEX_POINT('',#4193);
#4193 = CARTESIAN_POINT('',(-12.424944,9.9,-9.0));
#4194 = SURFACE_CURVE('',#4195,(#4199,#4206),.PCURVE_S1.);
#4195 = LINE('',#4196,#4197);
#4196 = CARTESIAN_POINT('',(-12.424944,9.9,-9.0));
#4197 = VECTOR('',#4198,1.);
#4198 = DIRECTION('',(-1.,0.,0.));
#4199 = PCURVE('',#640,#4200);
#4200 = DEFINITIONAL_REPRESENTATION('',(#4201),#4205);
#4201 = LINE('',#4202,#4203);
#4202 = CARTESIAN_POINT('',(-8.,24.1));
#4203 = VECTOR('',#4204,1.);
#4204 = DIRECTION('',(-1.,0.));
#4205 = ( GEOMETRIC_REPRESENTATION_CONTEXT(2) 
PARAMETRIC_REPRESENTATION_CONTEXT() REPRESENTATION_CONTEXT('2D SPACE',''
  ) );
#4206 = PCURVE('',#3406,#4207);
#4207 = DEFINITIONAL_REPRESENTATION('',(#4208),#4212);
#4208 = LINE('',#4209,#4210);
#4209 = CARTESIAN_POINT('',(-3.,8.));
#4210 = VECTOR('',#4211,1.);
#4211 = DIRECTION('',(0.,1.));
#4212 = ( GEOMETRIC_REPRESENTATION_CONTEXT(2) 
PARAMETRIC_REPRESENTATION_CONTEXT() REPRESENTATION_CONTEXT('2D SPACE',''
  ) );
#4213 = ORIENTED_EDGE('',*,*,#4214,.F.);
#4214 = EDGE_CURVE('',#4215,#4192,#4217,.T.);
#4215 = VERTEX_POINT('',#4216);
#4216 = CARTESIAN_POINT('',(-12.424944,8.5,-9.0));
#4217 = SURFACE_CURVE('',#4218,(#4222,#4229),.PCURVE_S1.);
#4218 = LINE('',#4219,#4220);
#4219 = CARTESIAN_POINT('',(-12.424944,8.5,-9.0));
#4220 = VECTOR('',#4221,1.);
#4221 = DIRECTION('',(0.,1.,0.));
#4222 = PCURVE('',#640,#4223);
#4223 = DEFINITIONAL_REPRESENTATION('',(#4224),#4228);
#4224 = LINE('',#4225,#4226);
#4225 = CARTESIAN_POINT('',(-8.,22.7));
#4226 = VECTOR('',#4227,1.);
#4227 = DIRECTION('',(0.,1.));
#4228 = ( GEOMETRIC_REPRESENTATION_CONTEXT(2) 
PARAMETRIC_REPRESENTATION_CONTEXT() REPRESENTATION_CONTEXT('2D SPACE',''
  ) );
#4229 = PCURVE('',#3378,#4230);
#4230 = DEFINITIONAL_REPRESENTATION('',(#4231),#4235);
#4231 = LINE('',#4232,#4233);
#4232 = CARTESIAN_POINT('',(4.,-2.5));
#4233 = VECTOR('',#4234,1.);
#4234 = DIRECTION('',(-0.,1.));
#4235 = ( GEOMETRIC_REPRESENTATION_CONTEXT(2) 
PARAMETRIC_REPRESENTATION_CONTEXT() REPRESENTATION_CONTEXT('2D SPACE',''
  ) );
#4236 = ORIENTED_EDGE('',*,*,#4237,.F.);
#4237 = EDGE_CURVE('',#4238,#4215,#4240,.T.);
#4238 = VERTEX_POINT('',#4239);
#4239 = CARTESIAN_POINT('',(10.024944,8.5,-9.0));
#4240 = SURFACE_CURVE('',#4241,(#4245,#4252),.PCURVE_S1.);
#4241 = LINE('',#4242,#4243);
#4242 = CARTESIAN_POINT('',(10.024944,8.5,-9.0));
#4243 = VECTOR('',#4244,1.);
#4244 = DIRECTION('',(-1.,0.,0.));
#4245 = PCURVE('',#640,#4246);
#4246 = DEFINITIONAL_REPRESENTATION('',(#4247),#4251);
#4247 = LINE('',#4248,#4249);
#4248 = CARTESIAN_POINT('',(8.,22.7));
#4249 = VECTOR('',#4250,1.);
#4250 = DIRECTION('',(-1.,0.));
#4251 = ( GEOMETRIC_REPRESENTATION_CONTEXT(2) 
PARAMETRIC_REPRESENTATION_CONTEXT() REPRESENTATION_CONTEXT('2D SPACE',''
  ) );
#4252 = PCURVE('',#4253,#4258);
#4253 = PLANE('',#4254);
#4254 = AXIS2_PLACEMENT_3D('',#4255,#4256,#4257);
#4255 = CARTESIAN_POINT('',(-1.200000,8.5,-5.0));
#4256 = DIRECTION('',(0.,1.,0.));
#4257 = DIRECTION('',(-0.,0.,-1.));
#4258 = DEFINITIONAL_REPRESENTATION('',(#4259),#4263);
#4259 = LINE('',#4260,#4261);
#4260 = CARTESIAN_POINT('',(4.,-8.));
#4261 = VECTOR('',#4262,1.);
#4262 = DIRECTION('',(0.,1.));
#4263 = ( GEOMETRIC_REPRESENTATION_CONTEXT(2) 
PARAMETRIC_REPRESENTATION_CONTEXT() REPRESENTATION_CONTEXT('2D SPACE',''
  ) );
#4264 = ORIENTED_EDGE('',*,*,#4265,.F.);
#4265 = EDGE_CURVE('',#4266,#4238,#4268,.T.);
#4266 = VERTEX_POINT('',#4267);
#4267 = CARTESIAN_POINT('',(10.024944,9.9,-9.0));
#4268 = SURFACE_CURVE('',#4269,(#4273,#4280),.PCURVE_S1.);
#4269 = LINE('',#4270,#4271);
#4270 = CARTESIAN_POINT('',(10.024944,9.9,-9.0));
#4271 = VECTOR('',#4272,1.);
#4272 = DIRECTION('',(-0.,-1.,0.));
#4273 = PCURVE('',#640,#4274);
#4274 = DEFINITIONAL_REPRESENTATION('',(#4275),#4279);
#4275 = LINE('',#4276,#4277);
#4276 = CARTESIAN_POINT('',(8.,24.1));
#4277 = VECTOR('',#4278,1.);
#4278 = DIRECTION('',(-0.,-1.));
#4279 = ( GEOMETRIC_REPRESENTATION_CONTEXT(2) 
PARAMETRIC_REPRESENTATION_CONTEXT() REPRESENTATION_CONTEXT('2D SPACE',''
  ) );
#4280 = PCURVE('',#3322,#4281);
#4281 = DEFINITIONAL_REPRESENTATION('',(#4282),#4286);
#4282 = LINE('',#4283,#4284);
#4283 = CARTESIAN_POINT('',(-1.1,4.));
#4284 = VECTOR('',#4285,1.);
#4285 = DIRECTION('',(-1.,-0.));
#4286 = ( GEOMETRIC_REPRESENTATION_CONTEXT(2) 
PARAMETRIC_REPRESENTATION_CONTEXT() REPRESENTATION_CONTEXT('2D SPACE',''
  ) );
#4287 = ORIENTED_EDGE('',*,*,#4288,.F.);
#4288 = EDGE_CURVE('',#855,#4266,#4289,.T.);
#4289 = SURFACE_CURVE('',#4290,(#4294,#4301),.PCURVE_S1.);
#4290 = LINE('',#4291,#4292);
#4291 = CARTESIAN_POINT('',(23.284410,9.9,-9.0));
#4292 = VECTOR('',#4293,1.);
#4293 = DIRECTION('',(-1.,0.,0.));
#4294 = PCURVE('',#640,#4295);
#4295 = DEFINITIONAL_REPRESENTATION('',(#4296),#4300);
#4296 = LINE('',#4297,#4298);
#4297 = CARTESIAN_POINT('',(17.45,24.1));
#4298 = VECTOR('',#4299,1.);
#4299 = DIRECTION('',(-1.,0.));
#4300 = ( GEOMETRIC_REPRESENTATION_CONTEXT(2) 
PARAMETRIC_REPRESENTATION_CONTEXT() REPRESENTATION_CONTEXT('2D SPACE',''
  ) );
#4301 = PCURVE('',#893,#4302);
#4302 = DEFINITIONAL_REPRESENTATION('',(#4303),#4307);
#4303 = LINE('',#4304,#4305);
#4304 = CARTESIAN_POINT('',(-3.,-17.45));
#4305 = VECTOR('',#4306,1.);
#4306 = DIRECTION('',(0.,1.));
#4307 = ( GEOMETRIC_REPRESENTATION_CONTEXT(2) 
PARAMETRIC_REPRESENTATION_CONTEXT() REPRESENTATION_CONTEXT('2D SPACE',''
  ) );
#4308 = ORIENTED_EDGE('',*,*,#854,.F.);
#4309 = ORIENTED_EDGE('',*,*,#4310,.F.);
#4310 = EDGE_CURVE('',#4311,#815,#4313,.T.);
#4311 = VERTEX_POINT('',#4312);
#4312 = CARTESIAN_POINT('',(27.493764,-16.1,-9.0));
#4313 = SURFACE_CURVE('',#4314,(#4318,#4325),.PCURVE_S1.);
#4314 = LINE('',#4315,#4316);
#4315 = CARTESIAN_POINT('',(27.493764,-16.1,-9.0));
#4316 = VECTOR('',#4317,1.);
#4317 = DIRECTION('',(-1.,0.,0.));
#4318 = PCURVE('',#640,#4319);
#4319 = DEFINITIONAL_REPRESENTATION('',(#4320),#4324);
#4320 = LINE('',#4321,#4322);
#4321 = CARTESIAN_POINT('',(20.45,-1.9));
#4322 = VECTOR('',#4323,1.);
#4323 = DIRECTION('',(-1.,0.));
#4324 = ( GEOMETRIC_REPRESENTATION_CONTEXT(2) 
PARAMETRIC_REPRESENTATION_CONTEXT() REPRESENTATION_CONTEXT('2D SPACE',''
  ) );
#4325 = PCURVE('',#842,#4326);
#4326 = DEFINITIONAL_REPRESENTATION('',(#4327),#4331);
#4327 = LINE('',#4328,#4329);
#4328 = CARTESIAN_POINT('',(4.712388980385,0.));
#4329 = VECTOR('',#4330,1.);
#4330 = DIRECTION('',(0.,1.));
#4331 = ( GEOMETRIC_REPRESENTATION_CONTEXT(2) 
PARAMETRIC_REPRESENTATION_CONTEXT() REPRESENTATION_CONTEXT('2D SPACE',''
  ) );
#4332 = ORIENTED_EDGE('',*,*,#4333,.T.);
#4333 = EDGE_CURVE('',#4311,#658,#4334,.T.);
#4334 = SURFACE_CURVE('',#4335,(#4339,#4346),.PCURVE_S1.);
#4335 = LINE('',#4336,#4337);
#4336 = CARTESIAN_POINT('',(27.493764,-16.1,-9.0));
#4337 = VECTOR('',#4338,1.);
#4338 = DIRECTION('',(-0.,-1.,0.));
#4339 = PCURVE('',#640,#4340);
#4340 = DEFINITIONAL_REPRESENTATION('',(#4341),#4345);
#4341 = LINE('',#4342,#4343);
#4342 = CARTESIAN_POINT('',(20.45,-1.9));
#4343 = VECTOR('',#4344,1.);
#4344 = DIRECTION('',(-0.,-1.));
#4345 = ( GEOMETRIC_REPRESENTATION_CONTEXT(2) 
PARAMETRIC_REPRESENTATION_CONTEXT() REPRESENTATION_CONTEXT('2D SPACE',''
  ) );
#4346 = PCURVE('',#4347,#4352);
#4347 = PLANE('',#4348);
#4348 = AXIS2_PLACEMENT_3D('',#4349,#4350,#4351);
#4349 = CARTESIAN_POINT('',(27.493764,-0.0,-12.0));
#4350 = DIRECTION('',(-1.,0.,0.));
#4351 = DIRECTION('',(-0.,-1.,0.));
#4352 = DEFINITIONAL_REPRESENTATION('',(#4353),#4357);
#4353 = LINE('',#4354,#4355);
#4354 = CARTESIAN_POINT('',(16.1,3.));
#4355 = VECTOR('',#4356,1.);
#4356 = DIRECTION('',(1.,0.));
#4357 = ( GEOMETRIC_REPRESENTATION_CONTEXT(2) 
PARAMETRIC_REPRESENTATION_CONTEXT() REPRESENTATION_CONTEXT('2D SPACE',''
  ) );
#4358 = ORIENTED_EDGE('',*,*,#790,.T.);
#4359 = ORIENTED_EDGE('',*,*,#4360,.T.);
#4360 = EDGE_CURVE('',#762,#1602,#4361,.T.);
#4361 = SURFACE_CURVE('',#4362,(#4366,#4373),.PCURVE_S1.);
#4362 = LINE('',#4363,#4364);
#4363 = CARTESIAN_POINT('',(27.493764,-19.3,-9.0));
#4364 = VECTOR('',#4365,1.);
#4365 = DIRECTION('',(-1.,0.,0.));
#4366 = PCURVE('',#640,#4367);
#4367 = DEFINITIONAL_REPRESENTATION('',(#4368),#4372);
#4368 = LINE('',#4369,#4370);
#4369 = CARTESIAN_POINT('',(20.45,-5.1));
#4370 = VECTOR('',#4371,1.);
#4371 = DIRECTION('',(-1.,0.));
#4372 = ( GEOMETRIC_REPRESENTATION_CONTEXT(2) 
PARAMETRIC_REPRESENTATION_CONTEXT() REPRESENTATION_CONTEXT('2D SPACE',''
  ) );
#4373 = PCURVE('',#778,#4374);
#4374 = DEFINITIONAL_REPRESENTATION('',(#4375),#4379);
#4375 = LINE('',#4376,#4377);
#4376 = CARTESIAN_POINT('',(4.712388980385,0.));
#4377 = VECTOR('',#4378,1.);
#4378 = DIRECTION('',(0.,1.));
#4379 = ( GEOMETRIC_REPRESENTATION_CONTEXT(2) 
PARAMETRIC_REPRESENTATION_CONTEXT() REPRESENTATION_CONTEXT('2D SPACE',''
  ) );
#4380 = ORIENTED_EDGE('',*,*,#1707,.F.);
#4381 = ORIENTED_EDGE('',*,*,#4382,.F.);
#4382 = EDGE_CURVE('',#3913,#1675,#4383,.T.);
#4383 = SURFACE_CURVE('',#4384,(#4388,#4395),.PCURVE_S1.);
#4384 = LINE('',#4385,#4386);
#4385 = CARTESIAN_POINT('',(27.493764,-27.1,-9.0));
#4386 = VECTOR('',#4387,1.);
#4387 = DIRECTION('',(-1.,0.,0.));
#4388 = PCURVE('',#640,#4389);
#4389 = DEFINITIONAL_REPRESENTATION('',(#4390),#4394);
#4390 = LINE('',#4391,#4392);
#4391 = CARTESIAN_POINT('',(20.45,-12.9));
#4392 = VECTOR('',#4393,1.);
#4393 = DIRECTION('',(-1.,0.));
#4394 = ( GEOMETRIC_REPRESENTATION_CONTEXT(2) 
PARAMETRIC_REPRESENTATION_CONTEXT() REPRESENTATION_CONTEXT('2D SPACE',''
  ) );
#4395 = PCURVE('',#1695,#4396);
#4396 = DEFINITIONAL_REPRESENTATION('',(#4397),#4401);
#4397 = LINE('',#4398,#4399);
#4398 = CARTESIAN_POINT('',(4.712388980385,0.));
#4399 = VECTOR('',#4400,1.);
#4400 = DIRECTION('',(0.,1.));
#4401 = ( GEOMETRIC_REPRESENTATION_CONTEXT(2) 
PARAMETRIC_REPRESENTATION_CONTEXT() REPRESENTATION_CONTEXT('2D SPACE',''
  ) );
#4402 = FACE_BOUND('',#4403,.T.);
#4403 = EDGE_LOOP('',(#4404));
#4404 = ORIENTED_EDGE('',*,*,#4405,.F.);
#4405 = EDGE_CURVE('',#4406,#4406,#4408,.T.);
#4406 = VERTEX_POINT('',#4407);
#4407 = CARTESIAN_POINT('',(17.391314,7.8,-9.0));
#4408 = SURFACE_CURVE('',#4409,(#4414,#4425),.PCURVE_S1.);
#4409 = CIRCLE('',#4410,1.);
#4410 = AXIS2_PLACEMENT_3D('',#4411,#4412,#4413);
#4411 = CARTESIAN_POINT('',(18.794432,7.8,-9.0));
#4412 = DIRECTION('',(-0.,0.,-1.));
#4413 = DIRECTION('',(-1.,0.,0.));
#4414 = PCURVE('',#640,#4415);
#4415 = DEFINITIONAL_REPRESENTATION('',(#4416),#4424);
#4416 = ( BOUNDED_CURVE() B_SPLINE_CURVE(2,(#4417,#4418,#4419,#4420,
#4421,#4422,#4423),.UNSPECIFIED.,.T.,.F.) B_SPLINE_CURVE_WITH_KNOTS((1,2
    ,2,2,2,1),(-2.094395102393,0.,2.094395102393,4.188790204786,
6.28318530718,8.377580409573),.UNSPECIFIED.) CURVE() 
GEOMETRIC_REPRESENTATION_ITEM() RATIONAL_B_SPLINE_CURVE((1.,0.5,1.,0.5,
1.,0.5,1.)) REPRESENTATION_ITEM('') );
#4417 = CARTESIAN_POINT('',(13.25,22.));
#4418 = CARTESIAN_POINT('',(13.25,23.732050807569));
#4419 = CARTESIAN_POINT('',(14.75,22.866025403784));
#4420 = CARTESIAN_POINT('',(16.25,22.));
#4421 = CARTESIAN_POINT('',(14.75,21.133974596216));
#4422 = CARTESIAN_POINT('',(13.25,20.267949192431));
#4423 = CARTESIAN_POINT('',(13.25,22.));
#4424 = ( GEOMETRIC_REPRESENTATION_CONTEXT(2) 
PARAMETRIC_REPRESENTATION_CONTEXT() REPRESENTATION_CONTEXT('2D SPACE',''
  ) );
#4425 = PCURVE('',#4426,#4431);
#4426 = CYLINDRICAL_SURFACE('',#4427,1.);
#4427 = AXIS2_PLACEMENT_3D('',#4428,#4429,#4430);
#4428 = CARTESIAN_POINT('',(18.794432,7.8,-6.0));
#4429 = DIRECTION('',(-0.,-0.,-1.));
#4430 = DIRECTION('',(-1.,0.,0.));
#4431 = DEFINITIONAL_REPRESENTATION('',(#4432),#4436);
#4432 = LINE('',#4433,#4434);
#4433 = CARTESIAN_POINT('',(0.,3.));
#4434 = VECTOR('',#4435,1.);
#4435 = DIRECTION('',(1.,0.));
#4436 = ( GEOMETRIC_REPRESENTATION_CONTEXT(2) 
PARAMETRIC_REPRESENTATION_CONTEXT() REPRESENTATION_CONTEXT('2D SPACE',''
  ) );
#4437 = FACE_BOUND('',#4438,.T.);
#4438 = EDGE_LOOP('',(#4439));
#4439 = ORIENTED_EDGE('',*,*,#4440,.F.);
#4440 = EDGE_CURVE('',#4441,#4441,#4443,.T.);
#4441 = VERTEX_POINT('',#4442);
#4442 = CARTESIAN_POINT('',(17.040534,-36.2,-9.0));
#4443 = SURFACE_CURVE('',#4444,(#4449,#4460),.PCURVE_S1.);
#4444 = CIRCLE('',#4445,1.);
#4445 = AXIS2_PLACEMENT_3D('',#4446,#4447,#4448);
#4446 = CARTESIAN_POINT('',(18.443652,-36.2,-9.0));
#4447 = DIRECTION('',(-0.,0.,-1.));
#4448 = DIRECTION('',(-1.,0.,0.));
#4449 = PCURVE('',#640,#4450);
#4450 = DEFINITIONAL_REPRESENTATION('',(#4451),#4459);
#4451 = ( BOUNDED_CURVE() B_SPLINE_CURVE(2,(#4452,#4453,#4454,#4455,
#4456,#4457,#4458),.UNSPECIFIED.,.T.,.F.) B_SPLINE_CURVE_WITH_KNOTS((1,2
    ,2,2,2,1),(-2.094395102393,0.,2.094395102393,4.188790204786,
6.28318530718,8.377580409573),.UNSPECIFIED.) CURVE() 
GEOMETRIC_REPRESENTATION_ITEM() RATIONAL_B_SPLINE_CURVE((1.,0.5,1.,0.5,
1.,0.5,1.)) REPRESENTATION_ITEM('') );
#4452 = CARTESIAN_POINT('',(13.,-22.));
#4453 = CARTESIAN_POINT('',(13.,-20.26794919243));
#4454 = CARTESIAN_POINT('',(14.5,-21.13397459621));
#4455 = CARTESIAN_POINT('',(16.,-22.));
#4456 = CARTESIAN_POINT('',(14.5,-22.86602540378));
#4457 = CARTESIAN_POINT('',(13.,-23.73205080756));
#4458 = CARTESIAN_POINT('',(13.,-22.));
#4459 = ( GEOMETRIC_REPRESENTATION_CONTEXT(2) 
PARAMETRIC_REPRESENTATION_CONTEXT() REPRESENTATION_CONTEXT('2D SPACE',''
  ) );
#4460 = PCURVE('',#4461,#4466);
#4461 = CYLINDRICAL_SURFACE('',#4462,1.);
#4462 = AXIS2_PLACEMENT_3D('',#4463,#4464,#4465);
#4463 = CARTESIAN_POINT('',(18.443652,-36.2,-6.0));
#4464 = DIRECTION('',(-0.,-0.,-1.));
#4465 = DIRECTION('',(-1.,0.,0.));
#4466 = DEFINITIONAL_REPRESENTATION('',(#4467),#4471);
#4467 = LINE('',#4468,#4469);
#4468 = CARTESIAN_POINT('',(0.,3.));
#4469 = VECTOR('',#4470,1.);
#4470 = DIRECTION('',(1.,0.));
#4471 = ( GEOMETRIC_REPRESENTATION_CONTEXT(2) 
PARAMETRIC_REPRESENTATION_CONTEXT() REPRESENTATION_CONTEXT('2D SPACE',''
  ) );
#4472 = FACE_BOUND('',#4473,.T.);
#4473 = EDGE_LOOP('',(#4474));
#4474 = ORIENTED_EDGE('',*,*,#4475,.F.);
#4475 = EDGE_CURVE('',#4476,#4476,#4478,.T.);
#4476 = VERTEX_POINT('',#4477);
#4477 = CARTESIAN_POINT('',(-22.246771,7.8,-9.0));
#4478 = SURFACE_CURVE('',#4479,(#4484,#4495),.PCURVE_S1.);
#4479 = CIRCLE('',#4480,1.);
#4480 = AXIS2_PLACEMENT_3D('',#4481,#4482,#4483);
#4481 = CARTESIAN_POINT('',(-20.843653,7.8,-9.0));
#4482 = DIRECTION('',(-0.,0.,-1.));
#4483 = DIRECTION('',(-1.,0.,0.));
#4484 = PCURVE('',#640,#4485);
#4485 = DEFINITIONAL_REPRESENTATION('',(#4486),#4494);
#4486 = ( BOUNDED_CURVE() B_SPLINE_CURVE(2,(#4487,#4488,#4489,#4490,
#4491,#4492,#4493),.UNSPECIFIED.,.T.,.F.) B_SPLINE_CURVE_WITH_KNOTS((1,2
    ,2,2,2,1),(-2.094395102393,0.,2.094395102393,4.188790204786,
6.28318530718,8.377580409573),.UNSPECIFIED.) CURVE() 
GEOMETRIC_REPRESENTATION_ITEM() RATIONAL_B_SPLINE_CURVE((1.,0.5,1.,0.5,
1.,0.5,1.)) REPRESENTATION_ITEM('') );
#4487 = CARTESIAN_POINT('',(-15.,22.));
#4488 = CARTESIAN_POINT('',(-15.,23.732050807569));
#4489 = CARTESIAN_POINT('',(-13.5,22.866025403784));
#4490 = CARTESIAN_POINT('',(-12.,22.));
#4491 = CARTESIAN_POINT('',(-13.5,21.133974596216));
#4492 = CARTESIAN_POINT('',(-15.,20.267949192431));
#4493 = CARTESIAN_POINT('',(-15.,22.));
#4494 = ( GEOMETRIC_REPRESENTATION_CONTEXT(2) 
PARAMETRIC_REPRESENTATION_CONTEXT() REPRESENTATION_CONTEXT('2D SPACE',''
  ) );
#4495 = PCURVE('',#4496,#4501);
#4496 = CYLINDRICAL_SURFACE('',#4497,1.);
#4497 = AXIS2_PLACEMENT_3D('',#4498,#4499,#4500);
#4498 = CARTESIAN_POINT('',(-20.843653,7.8,-6.0));
#4499 = DIRECTION('',(-0.,-0.,-1.));
#4500 = DIRECTION('',(-1.,0.,0.));
#4501 = DEFINITIONAL_REPRESENTATION('',(#4502),#4506);
#4502 = LINE('',#4503,#4504);
#4503 = CARTESIAN_POINT('',(0.,3.));
#4504 = VECTOR('',#4505,1.);
#4505 = DIRECTION('',(1.,0.));
#4506 = ( GEOMETRIC_REPRESENTATION_CONTEXT(2) 
PARAMETRIC_REPRESENTATION_CONTEXT() REPRESENTATION_CONTEXT('2D SPACE',''
  ) );
#4507 = ADVANCED_FACE('',(#4508),#3137,.F.);
#4508 = FACE_BOUND('',#4509,.T.);
#4509 = EDGE_LOOP('',(#4510,#4533,#4534,#4535,#4594,#4664));
#4510 = ORIENTED_EDGE('',*,*,#4511,.F.);
#4511 = EDGE_CURVE('',#3232,#4512,#4514,.T.);
#4512 = VERTEX_POINT('',#4513);
#4513 = CARTESIAN_POINT('',(30.087608,4.9,-15.1));
#4514 = SURFACE_CURVE('',#4515,(#4519,#4526),.PCURVE_S1.);
#4515 = LINE('',#4516,#4517);
#4516 = CARTESIAN_POINT('',(30.087608,4.9,-12.0));
#4517 = VECTOR('',#4518,1.);
#4518 = DIRECTION('',(-0.,-0.,-1.));
#4519 = PCURVE('',#3137,#4520);
#4520 = DEFINITIONAL_REPRESENTATION('',(#4521),#4525);
#4521 = LINE('',#4522,#4523);
#4522 = CARTESIAN_POINT('',(3.,-3.548628613));
#4523 = VECTOR('',#4524,1.);
#4524 = DIRECTION('',(1.,0.));
#4525 = ( GEOMETRIC_REPRESENTATION_CONTEXT(2) 
PARAMETRIC_REPRESENTATION_CONTEXT() REPRESENTATION_CONTEXT('2D SPACE',''
  ) );
#4526 = PCURVE('',#394,#4527);
#4527 = DEFINITIONAL_REPRESENTATION('',(#4528),#4532);
#4528 = LINE('',#4529,#4530);
#4529 = CARTESIAN_POINT('',(2.982590189009,3.));
#4530 = VECTOR('',#4531,1.);
#4531 = DIRECTION('',(0.,1.));
#4532 = ( GEOMETRIC_REPRESENTATION_CONTEXT(2) 
PARAMETRIC_REPRESENTATION_CONTEXT() REPRESENTATION_CONTEXT('2D SPACE',''
  ) );
#4533 = ORIENTED_EDGE('',*,*,#3231,.F.);
#4534 = ORIENTED_EDGE('',*,*,#3121,.T.);
#4535 = ORIENTED_EDGE('',*,*,#4536,.T.);
#4536 = EDGE_CURVE('',#3122,#4537,#4539,.T.);
#4537 = VERTEX_POINT('',#4538);
#4538 = CARTESIAN_POINT('',(26.970111,4.9,-14.565812575));
#4539 = SURFACE_CURVE('',#4540,(#4551,#4565),.PCURVE_S1.);
#4540 = B_SPLINE_CURVE_WITH_KNOTS('',3,(#4541,#4542,#4543,#4544,#4545,
    #4546,#4547,#4548,#4549,#4550),.UNSPECIFIED.,.F.,.F.,(4,3,3,4),(0.,
    1.11762E-04,2.23525E-04,4.4705E-04),.UNSPECIFIED.);
#4541 = CARTESIAN_POINT('',(27.238173,4.9,-14.1755002));
#4542 = CARTESIAN_POINT('',(27.238173,4.9,-14.213294667));
#4543 = CARTESIAN_POINT('',(27.232127,4.9,-14.250352569));
#4544 = CARTESIAN_POINT('',(27.220276,4.9,-14.286703226));
#4545 = CARTESIAN_POINT('',(27.208424,4.9,-14.323053883));
#4546 = CARTESIAN_POINT('',(27.190439,4.9,-14.358980712));
#4547 = CARTESIAN_POINT('',(27.167379,4.9,-14.392474196));
#4548 = CARTESIAN_POINT('',(27.121259,4.9,-14.459461164));
#4549 = CARTESIAN_POINT('',(27.053496,4.9,-14.519132384));
#4550 = CARTESIAN_POINT('',(26.970111,4.9,-14.565812575));
#4551 = PCURVE('',#3137,#4552);
#4552 = DEFINITIONAL_REPRESENTATION('',(#4553),#4564);
#4553 = B_SPLINE_CURVE_WITH_KNOTS('',3,(#4554,#4555,#4556,#4557,#4558,
    #4559,#4560,#4561,#4562,#4563),.UNSPECIFIED.,.F.,.F.,(4,3,3,4),(0.,
    1.11762E-04,2.23525E-04,4.4705E-04),.UNSPECIFIED.);
#4554 = CARTESIAN_POINT('',(5.1755002,-1.517840903));
#4555 = CARTESIAN_POINT('',(5.213294667,-1.517840903));
#4556 = CARTESIAN_POINT('',(5.250352569,-1.513531864));
#4557 = CARTESIAN_POINT('',(5.286703226,-1.505085318));
#4558 = CARTESIAN_POINT('',(5.323053883,-1.496638772));
#4559 = CARTESIAN_POINT('',(5.358980712,-1.483821118));
#4560 = CARTESIAN_POINT('',(5.392474196,-1.467386168));
#4561 = CARTESIAN_POINT('',(5.459461164,-1.434516266));
#4562 = CARTESIAN_POINT('',(5.519132384,-1.386221913));
#4563 = CARTESIAN_POINT('',(5.565812575,-1.326793664));
#4564 = ( GEOMETRIC_REPRESENTATION_CONTEXT(2) 
PARAMETRIC_REPRESENTATION_CONTEXT() REPRESENTATION_CONTEXT('2D SPACE',''
  ) );
#4565 = PCURVE('',#3166,#4566);
#4566 = DEFINITIONAL_REPRESENTATION('',(#4567),#4593);
#4567 = B_SPLINE_CURVE_WITH_KNOTS('',3,(#4568,#4569,#4570,#4571,#4572,
    #4573,#4574,#4575,#4576,#4577,#4578,#4579,#4580,#4581,#4582,#4583,
    #4584,#4585,#4586,#4587,#4588,#4589,#4590,#4591,#4592),
  .UNSPECIFIED.,.F.,.F.,(4,1,1,1,1,1,1,1,1,1,1,1,1,1,1,1,1,1,1,1,1,1,4),
  (0.,2.032045454545E-05,4.064090909091E-05,6.096136363636E-05,
    8.128181818182E-05,1.016022727273E-04,1.219227272727E-04,
    1.422431818182E-04,1.625636363636E-04,1.828840909091E-04,
    2.032045454545E-04,2.23525E-04,2.438454545455E-04,2.641659090909E-04
    ,2.844863636364E-04,3.048068181818E-04,3.251272727273E-04,
    3.454477272727E-04,3.657681818182E-04,3.860886363636E-04,
    4.064090909091E-04,4.267295454545E-04,4.4705E-04),
  .QUASI_UNIFORM_KNOTS.);
#4568 = CARTESIAN_POINT('',(2.950430507055,0.));
#4569 = CARTESIAN_POINT('',(2.950430506393,1.374351088629E-02));
#4570 = CARTESIAN_POINT('',(2.950425094487,4.113308868825E-02));
#4571 = CARTESIAN_POINT('',(2.950400850035,8.199514783325E-02));
#4572 = CARTESIAN_POINT('',(2.950360585574,0.122705079464));
#4573 = CARTESIAN_POINT('',(2.95030440267,0.16333251871));
#4574 = CARTESIAN_POINT('',(2.950232374699,0.203946137383));
#4575 = CARTESIAN_POINT('',(2.950144646995,0.244611849609));
#4576 = CARTESIAN_POINT('',(2.950040450696,0.285474532085));
#4577 = CARTESIAN_POINT('',(2.949920391015,0.326420490318));
#4578 = CARTESIAN_POINT('',(2.949784902143,0.367366594778));
#4579 = CARTESIAN_POINT('',(2.949634409085,0.40823392825));
#4580 = CARTESIAN_POINT('',(2.949469516357,0.448891987604));
#4581 = CARTESIAN_POINT('',(2.949290095861,0.489419722154));
#4582 = CARTESIAN_POINT('',(2.949095863161,0.529985482069));
#4583 = CARTESIAN_POINT('',(2.948887258615,0.57054997064));
#4584 = CARTESIAN_POINT('',(2.948664523837,0.611127894731));
#4585 = CARTESIAN_POINT('',(2.948427949736,0.651718342997));
#4586 = CARTESIAN_POINT('',(2.948177810628,0.692323936154));
#4587 = CARTESIAN_POINT('',(2.947914382442,0.732946201484));
#4588 = CARTESIAN_POINT('',(2.947637938388,0.773587300034));
#4589 = CARTESIAN_POINT('',(2.947348750641,0.814250120984));
#4590 = CARTESIAN_POINT('',(2.947047090435,0.854938536979));
#4591 = CARTESIAN_POINT('',(2.946837849121,0.882085253258));
#4592 = CARTESIAN_POINT('',(2.946731239978,0.895664794044));
#4593 = ( GEOMETRIC_REPRESENTATION_CONTEXT(2) 
PARAMETRIC_REPRESENTATION_CONTEXT() REPRESENTATION_CONTEXT('2D SPACE',''
  ) );
#4594 = ORIENTED_EDGE('',*,*,#4595,.T.);
#4595 = EDGE_CURVE('',#4537,#4596,#4598,.T.);
#4596 = VERTEX_POINT('',#4597);
#4597 = CARTESIAN_POINT('',(27.238173,4.9,-15.1));
#4598 = SURFACE_CURVE('',#4599,(#4613,#4630),.PCURVE_S1.);
#4599 = B_SPLINE_CURVE_WITH_KNOTS('',3,(#4600,#4601,#4602,#4603,#4604,
    #4605,#4606,#4607,#4608,#4609,#4610,#4611,#4612),.UNSPECIFIED.,.F.,
  .F.,(4,3,3,3,4),(3.98771E-04,5.84191E-04,7.69612E-04,9.55033E-04,
    1.140453E-03),.UNSPECIFIED.);
#4600 = CARTESIAN_POINT('',(26.970111,4.9,-14.565812575));
#4601 = CARTESIAN_POINT('',(26.901474,4.9,-14.60423696));
#4602 = CARTESIAN_POINT('',(26.850008,4.9,-14.658136482));
#4603 = CARTESIAN_POINT('',(26.825710,4.9,-14.717545497));
#4604 = CARTESIAN_POINT('',(26.801412,4.9,-14.776954511));
#4605 = CARTESIAN_POINT('',(26.804467,4.9,-14.842667117));
#4606 = CARTESIAN_POINT('',(26.834128,4.9,-14.900788988));
#4607 = CARTESIAN_POINT('',(26.863790,4.9,-14.958910858));
#4608 = CARTESIAN_POINT('',(26.920505,4.9,-15.010635582));
#4609 = CARTESIAN_POINT('',(26.992083,4.9,-15.045701124));
#4610 = CARTESIAN_POINT('',(27.063662,4.9,-15.080766666));
#4611 = CARTESIAN_POINT('',(27.150954,4.9,-15.1));
#4612 = CARTESIAN_POINT('',(27.238173,4.9,-15.1));
#4613 = PCURVE('',#3137,#4614);
#4614 = DEFINITIONAL_REPRESENTATION('',(#4615),#4629);
#4615 = B_SPLINE_CURVE_WITH_KNOTS('',3,(#4616,#4617,#4618,#4619,#4620,
    #4621,#4622,#4623,#4624,#4625,#4626,#4627,#4628),.UNSPECIFIED.,.F.,
  .F.,(4,3,3,3,4),(3.98771E-04,5.84191E-04,7.69612E-04,9.55033E-04,
    1.140453E-03),.UNSPECIFIED.);
#4616 = CARTESIAN_POINT('',(5.565812575,-1.326793664));
#4617 = CARTESIAN_POINT('',(5.60423696,-1.277875829));
#4618 = CARTESIAN_POINT('',(5.658136482,-1.241196393));
#4619 = CARTESIAN_POINT('',(5.717545497,-1.223879236));
#4620 = CARTESIAN_POINT('',(5.776954511,-1.20656208));
#4621 = CARTESIAN_POINT('',(5.842667117,-1.208738985));
#4622 = CARTESIAN_POINT('',(5.900788988,-1.229878861));
#4623 = CARTESIAN_POINT('',(5.958910858,-1.251018737));
#4624 = CARTESIAN_POINT('',(6.010635582,-1.291439455));
#4625 = CARTESIAN_POINT('',(6.045701124,-1.342453108));
#4626 = CARTESIAN_POINT('',(6.080766666,-1.393466761));
#4627 = CARTESIAN_POINT('',(6.1,-1.455679684));
#4628 = CARTESIAN_POINT('',(6.1,-1.517840903));
#4629 = ( GEOMETRIC_REPRESENTATION_CONTEXT(2) 
PARAMETRIC_REPRESENTATION_CONTEXT() REPRESENTATION_CONTEXT('2D SPACE',''
  ) );
#4630 = PCURVE('',#4631,#4636);
#4631 = TOROIDAL_SURFACE('',#4632,10.,0.3);
#4632 = AXIS2_PLACEMENT_3D('',#4633,#4634,#4635);
#4633 = CARTESIAN_POINT('',(13.462583,3.0,-14.8));
#4634 = DIRECTION('',(0.,0.,1.));
#4635 = DIRECTION('',(-1.,0.,0.));
#4636 = DEFINITIONAL_REPRESENTATION('',(#4637),#4663);
#4637 = B_SPLINE_CURVE_WITH_KNOTS('',3,(#4638,#4639,#4640,#4641,#4642,
    #4643,#4644,#4645,#4646,#4647,#4648,#4649,#4650,#4651,#4652,#4653,
    #4654,#4655,#4656,#4657,#4658,#4659,#4660,#4661,#4662),
  .UNSPECIFIED.,.F.,.F.,(4,1,1,1,1,1,1,1,1,1,1,1,1,1,1,1,1,1,1,1,1,1,4),
  (3.98771E-04,4.324838181818E-04,4.661966363636E-04,4.999094545455E-04,
    5.336222727273E-04,5.673350909091E-04,6.010479090909E-04,
    6.347607272727E-04,6.684735454545E-04,7.021863636364E-04,
    7.358991818182E-04,7.69612E-04,8.033248181818E-04,8.370376363636E-04
    ,8.707504545455E-04,9.044632727273E-04,9.381760909091E-04,
    9.718889090909E-04,1.005601727273E-03,1.039314545455E-03,
    1.073027363636E-03,1.106740181818E-03,1.140453E-03),
  .QUASI_UNIFORM_KNOTS.);
#4638 = CARTESIAN_POINT('',(3.336454067202,2.245927859709));
#4639 = CARTESIAN_POINT('',(3.33662957499,2.283178507529));
#4640 = CARTESIAN_POINT('',(3.336965566525,2.357781272249));
#4641 = CARTESIAN_POINT('',(3.337418622727,2.469920933166));
#4642 = CARTESIAN_POINT('',(3.337814901761,2.582255152111));
#4643 = CARTESIAN_POINT('',(3.338148512358,2.694645191695));
#4644 = CARTESIAN_POINT('',(3.338413775135,2.807004048187));
#4645 = CARTESIAN_POINT('',(3.338604454278,2.919301214375));
#4646 = CARTESIAN_POINT('',(3.338717092816,3.032196087166));
#4647 = CARTESIAN_POINT('',(3.338752430325,3.145453402771));
#4648 = CARTESIAN_POINT('',(3.338710620816,3.258768774476));
#4649 = CARTESIAN_POINT('',(3.338592134576,3.37183668846));
#4650 = CARTESIAN_POINT('',(3.338397832683,3.484252017819));
#4651 = CARTESIAN_POINT('',(3.33812774599,3.596477865679));
#4652 = CARTESIAN_POINT('',(3.33778796506,3.709044324862));
#4653 = CARTESIAN_POINT('',(3.337385663286,3.821613349721));
#4654 = CARTESIAN_POINT('',(3.336927771072,3.933934735212));
#4655 = CARTESIAN_POINT('',(3.336421244799,4.045747264611));
#4656 = CARTESIAN_POINT('',(3.335873077367,4.156804778859));
#4657 = CARTESIAN_POINT('',(3.335288225399,4.267940385093));
#4658 = CARTESIAN_POINT('',(3.334675693257,4.379127006794));
#4659 = CARTESIAN_POINT('',(3.334043718815,4.490316613299));
#4660 = CARTESIAN_POINT('',(3.333400526774,4.601411626088));
#4661 = CARTESIAN_POINT('',(3.332969522315,4.675410529776));
#4662 = CARTESIAN_POINT('',(3.332754800124,4.712388979821));
#4663 = ( GEOMETRIC_REPRESENTATION_CONTEXT(2) 
PARAMETRIC_REPRESENTATION_CONTEXT() REPRESENTATION_CONTEXT('2D SPACE',''
  ) );
#4664 = ORIENTED_EDGE('',*,*,#4665,.T.);
#4665 = EDGE_CURVE('',#4596,#4512,#4666,.T.);
#4666 = SURFACE_CURVE('',#4667,(#4671,#4678),.PCURVE_S1.);
#4667 = LINE('',#4668,#4669);
#4668 = CARTESIAN_POINT('',(27.238173,4.9,-15.1));
#4669 = VECTOR('',#4670,1.);
#4670 = DIRECTION('',(1.,-0.,-0.));
#4671 = PCURVE('',#3137,#4672);
#4672 = DEFINITIONAL_REPRESENTATION('',(#4673),#4677);
#4673 = LINE('',#4674,#4675);
#4674 = CARTESIAN_POINT('',(6.1,-1.517840903));
#4675 = VECTOR('',#4676,1.);
#4676 = DIRECTION('',(0.,-1.));
#4677 = ( GEOMETRIC_REPRESENTATION_CONTEXT(2) 
PARAMETRIC_REPRESENTATION_CONTEXT() REPRESENTATION_CONTEXT('2D SPACE',''
  ) );
#4678 = PCURVE('',#4679,#4684);
#4679 = PLANE('',#4680);
#4680 = AXIS2_PLACEMENT_3D('',#4681,#4682,#4683);
#4681 = CARTESIAN_POINT('',(-1.200000,-14.2,-15.1));
#4682 = DIRECTION('',(-0.,-0.,-1.));
#4683 = DIRECTION('',(-1.,0.,0.));
#4684 = DEFINITIONAL_REPRESENTATION('',(#4685),#4689);
#4685 = LINE('',#4686,#4687);
#4686 = CARTESIAN_POINT('',(-20.267840903,19.1));
#4687 = VECTOR('',#4688,1.);
#4688 = DIRECTION('',(-1.,0.));
#4689 = ( GEOMETRIC_REPRESENTATION_CONTEXT(2) 
PARAMETRIC_REPRESENTATION_CONTEXT() REPRESENTATION_CONTEXT('2D SPACE',''
  ) );
#4690 = ADVANCED_FACE('',(#4691),#216,.F.);
#4691 = FACE_BOUND('',#4692,.T.);
#4692 = EDGE_LOOP('',(#4693,#4694,#4715,#4716));
#4693 = ORIENTED_EDGE('',*,*,#1022,.F.);
#4694 = ORIENTED_EDGE('',*,*,#4695,.T.);
#4695 = EDGE_CURVE('',#999,#201,#4696,.T.);
#4696 = SURFACE_CURVE('',#4697,(#4701,#4708),.PCURVE_S1.);
#4697 = LINE('',#4698,#4699);
#4698 = CARTESIAN_POINT('',(23.284410,-11.3,-11.0));
#4699 = VECTOR('',#4700,1.);
#4700 = DIRECTION('',(1.,-0.,-0.));
#4701 = PCURVE('',#216,#4702);
#4702 = DEFINITIONAL_REPRESENTATION('',(#4703),#4707);
#4703 = LINE('',#4704,#4705);
#4704 = CARTESIAN_POINT('',(1.3,2.));
#4705 = VECTOR('',#4706,1.);
#4706 = DIRECTION('',(-1.,0.));
#4707 = ( GEOMETRIC_REPRESENTATION_CONTEXT(2) 
PARAMETRIC_REPRESENTATION_CONTEXT() REPRESENTATION_CONTEXT('2D SPACE',''
  ) );
#4708 = PCURVE('',#249,#4709);
#4709 = DEFINITIONAL_REPRESENTATION('',(#4710),#4714);
#4710 = LINE('',#4711,#4712);
#4711 = CARTESIAN_POINT('',(3.14159265359,-17.45));
#4712 = VECTOR('',#4713,1.);
#4713 = DIRECTION('',(0.,-1.));
#4714 = ( GEOMETRIC_REPRESENTATION_CONTEXT(2) 
PARAMETRIC_REPRESENTATION_CONTEXT() REPRESENTATION_CONTEXT('2D SPACE',''
  ) );
#4715 = ORIENTED_EDGE('',*,*,#200,.T.);
#4716 = ORIENTED_EDGE('',*,*,#4717,.T.);
#4717 = EDGE_CURVE('',#173,#1023,#4718,.T.);
#4718 = SURFACE_CURVE('',#4719,(#4723,#4730),.PCURVE_S1.);
#4719 = LINE('',#4720,#4721);
#4720 = CARTESIAN_POINT('',(30.300000,-11.3,-12.0));
#4721 = VECTOR('',#4722,1.);
#4722 = DIRECTION('',(-1.,0.,0.));
#4723 = PCURVE('',#216,#4724);
#4724 = DEFINITIONAL_REPRESENTATION('',(#4725),#4729);
#4725 = LINE('',#4726,#4727);
#4726 = CARTESIAN_POINT('',(-3.7,3.));
#4727 = VECTOR('',#4728,1.);
#4728 = DIRECTION('',(1.,0.));
#4729 = ( GEOMETRIC_REPRESENTATION_CONTEXT(2) 
PARAMETRIC_REPRESENTATION_CONTEXT() REPRESENTATION_CONTEXT('2D SPACE',''
  ) );
#4730 = PCURVE('',#188,#4731);
#4731 = DEFINITIONAL_REPRESENTATION('',(#4732),#4736);
#4732 = LINE('',#4733,#4734);
#4733 = CARTESIAN_POINT('',(-22.45,2.9));
#4734 = VECTOR('',#4735,1.);
#4735 = DIRECTION('',(1.,0.));
#4736 = ( GEOMETRIC_REPRESENTATION_CONTEXT(2) 
PARAMETRIC_REPRESENTATION_CONTEXT() REPRESENTATION_CONTEXT('2D SPACE',''
  ) );
#4737 = ADVANCED_FACE('',(#4738,#4813,#5003,#5193,#5383),#3760,.T.);
#4738 = FACE_BOUND('',#4739,.T.);
#4739 = EDGE_LOOP('',(#4740,#4763,#4791,#4812));
#4740 = ORIENTED_EDGE('',*,*,#4741,.T.);
#4741 = EDGE_CURVE('',#3721,#4742,#4744,.T.);
#4742 = VERTEX_POINT('',#4743);
#4743 = CARTESIAN_POINT('',(-15.862584,15.0,-6.8));
#4744 = SURFACE_CURVE('',#4745,(#4749,#4756),.PCURVE_S1.);
#4745 = LINE('',#4746,#4747);
#4746 = CARTESIAN_POINT('',(-15.862584,15.0,-12.0));
#4747 = VECTOR('',#4748,1.);
#4748 = DIRECTION('',(0.,0.,1.));
#4749 = PCURVE('',#3760,#4750);
#4750 = DEFINITIONAL_REPRESENTATION('',(#4751),#4755);
#4751 = LINE('',#4752,#4753);
#4752 = CARTESIAN_POINT('',(3.,10.45));
#4753 = VECTOR('',#4754,1.);
#4754 = DIRECTION('',(-1.,0.));
#4755 = ( GEOMETRIC_REPRESENTATION_CONTEXT(2) 
PARAMETRIC_REPRESENTATION_CONTEXT() REPRESENTATION_CONTEXT('2D SPACE',''
  ) );
#4756 = PCURVE('',#3663,#4757);
#4757 = DEFINITIONAL_REPRESENTATION('',(#4758),#4762);
#4758 = LINE('',#4759,#4760);
#4759 = CARTESIAN_POINT('',(1.570796326795,3.));
#4760 = VECTOR('',#4761,1.);
#4761 = DIRECTION('',(0.,-1.));
#4762 = ( GEOMETRIC_REPRESENTATION_CONTEXT(2) 
PARAMETRIC_REPRESENTATION_CONTEXT() REPRESENTATION_CONTEXT('2D SPACE',''
  ) );
#4763 = ORIENTED_EDGE('',*,*,#4764,.T.);
#4764 = EDGE_CURVE('',#4742,#4765,#4767,.T.);
#4765 = VERTEX_POINT('',#4766);
#4766 = CARTESIAN_POINT('',(13.462583,15.0,-6.8));
#4767 = SURFACE_CURVE('',#4768,(#4772,#4779),.PCURVE_S1.);
#4768 = LINE('',#4769,#4770);
#4769 = CARTESIAN_POINT('',(-15.862584,15.0,-6.8));
#4770 = VECTOR('',#4771,1.);
#4771 = DIRECTION('',(1.,-0.,-0.));
#4772 = PCURVE('',#3760,#4773);
#4773 = DEFINITIONAL_REPRESENTATION('',(#4774),#4778);
#4774 = LINE('',#4775,#4776);
#4775 = CARTESIAN_POINT('',(-2.2,10.45));
#4776 = VECTOR('',#4777,1.);
#4777 = DIRECTION('',(0.,-1.));
#4778 = ( GEOMETRIC_REPRESENTATION_CONTEXT(2) 
PARAMETRIC_REPRESENTATION_CONTEXT() REPRESENTATION_CONTEXT('2D SPACE',''
  ) );
#4779 = PCURVE('',#4780,#4785);
#4780 = CYLINDRICAL_SURFACE('',#4781,3.);
#4781 = AXIS2_PLACEMENT_3D('',#4782,#4783,#4784);
#4782 = CARTESIAN_POINT('',(-1.200000,12.0,-6.8));
#4783 = DIRECTION('',(-1.,0.,0.));
#4784 = DIRECTION('',(0.,0.,1.));
#4785 = DEFINITIONAL_REPRESENTATION('',(#4786),#4790);
#4786 = LINE('',#4787,#4788);
#4787 = CARTESIAN_POINT('',(1.570796326795,10.45));
#4788 = VECTOR('',#4789,1.);
#4789 = DIRECTION('',(0.,-1.));
#4790 = ( GEOMETRIC_REPRESENTATION_CONTEXT(2) 
PARAMETRIC_REPRESENTATION_CONTEXT() REPRESENTATION_CONTEXT('2D SPACE',''
  ) );
#4791 = ORIENTED_EDGE('',*,*,#4792,.T.);
#4792 = EDGE_CURVE('',#4765,#3745,#4793,.T.);
#4793 = SURFACE_CURVE('',#4794,(#4798,#4805),.PCURVE_S1.);
#4794 = LINE('',#4795,#4796);
#4795 = CARTESIAN_POINT('',(13.462583,15.0,-6.8));
#4796 = VECTOR('',#4797,1.);
#4797 = DIRECTION('',(-0.,-0.,-1.));
#4798 = PCURVE('',#3760,#4799);
#4799 = DEFINITIONAL_REPRESENTATION('',(#4800),#4804);
#4800 = LINE('',#4801,#4802);
#4801 = CARTESIAN_POINT('',(-2.2,-10.45));
#4802 = VECTOR('',#4803,1.);
#4803 = DIRECTION('',(1.,0.));
#4804 = ( GEOMETRIC_REPRESENTATION_CONTEXT(2) 
PARAMETRIC_REPRESENTATION_CONTEXT() REPRESENTATION_CONTEXT('2D SPACE',''
  ) );
#4805 = PCURVE('',#394,#4806);
#4806 = DEFINITIONAL_REPRESENTATION('',(#4807),#4811);
#4807 = LINE('',#4808,#4809);
#4808 = CARTESIAN_POINT('',(1.570796326795,-2.2));
#4809 = VECTOR('',#4810,1.);
#4810 = DIRECTION('',(0.,1.));
#4811 = ( GEOMETRIC_REPRESENTATION_CONTEXT(2) 
PARAMETRIC_REPRESENTATION_CONTEXT() REPRESENTATION_CONTEXT('2D SPACE',''
  ) );
#4812 = ORIENTED_EDGE('',*,*,#3744,.T.);
#4813 = FACE_BOUND('',#4814,.T.);
#4814 = EDGE_LOOP('',(#4815,#4845,#4878,#4911,#4939,#4972));
#4815 = ORIENTED_EDGE('',*,*,#4816,.T.);
#4816 = EDGE_CURVE('',#4817,#4819,#4821,.T.);
#4817 = VERTEX_POINT('',#4818);
#4818 = CARTESIAN_POINT('',(1.704454,15.0,-7.9));
#4819 = VERTEX_POINT('',#4820);
#4820 = CARTESIAN_POINT('',(1.704454,15.0,-11.1));
#4821 = SURFACE_CURVE('',#4822,(#4826,#4833),.PCURVE_S1.);
#4822 = LINE('',#4823,#4824);
#4823 = CARTESIAN_POINT('',(1.704454,15.0,-7.9));
#4824 = VECTOR('',#4825,1.);
#4825 = DIRECTION('',(-0.,-0.,-1.));
#4826 = PCURVE('',#3760,#4827);
#4827 = DEFINITIONAL_REPRESENTATION('',(#4828),#4832);
#4828 = LINE('',#4829,#4830);
#4829 = CARTESIAN_POINT('',(-1.1,-2.07));
#4830 = VECTOR('',#4831,1.);
#4831 = DIRECTION('',(1.,0.));
#4832 = ( GEOMETRIC_REPRESENTATION_CONTEXT(2) 
PARAMETRIC_REPRESENTATION_CONTEXT() REPRESENTATION_CONTEXT('2D SPACE',''
  ) );
#4833 = PCURVE('',#4834,#4839);
#4834 = PLANE('',#4835);
#4835 = AXIS2_PLACEMENT_3D('',#4836,#4837,#4838);
#4836 = CARTESIAN_POINT('',(1.704454,12.8,-9.5));
#4837 = DIRECTION('',(1.,-0.,-0.));
#4838 = DIRECTION('',(-0.,-0.,-1.));
#4839 = DEFINITIONAL_REPRESENTATION('',(#4840),#4844);
#4840 = LINE('',#4841,#4842);
#4841 = CARTESIAN_POINT('',(-1.6,2.2));
#4842 = VECTOR('',#4843,1.);
#4843 = DIRECTION('',(1.,0.));
#4844 = ( GEOMETRIC_REPRESENTATION_CONTEXT(2) 
PARAMETRIC_REPRESENTATION_CONTEXT() REPRESENTATION_CONTEXT('2D SPACE',''
  ) );
#4845 = ORIENTED_EDGE('',*,*,#4846,.T.);
#4846 = EDGE_CURVE('',#4819,#4847,#4849,.T.);
#4847 = VERTEX_POINT('',#4848);
#4848 = CARTESIAN_POINT('',(2.265701,15.0,-11.5));
#4849 = SURFACE_CURVE('',#4850,(#4855,#4866),.PCURVE_S1.);
#4850 = CIRCLE('',#4851,0.4);
#4851 = AXIS2_PLACEMENT_3D('',#4852,#4853,#4854);
#4852 = CARTESIAN_POINT('',(2.265701,15.0,-11.1));
#4853 = DIRECTION('',(-0.,-1.,0.));
#4854 = DIRECTION('',(1.,-0.,0.));
#4855 = PCURVE('',#3760,#4856);
#4856 = DEFINITIONAL_REPRESENTATION('',(#4857),#4865);
#4857 = ( BOUNDED_CURVE() B_SPLINE_CURVE(2,(#4858,#4859,#4860,#4861,
#4862,#4863,#4864),.UNSPECIFIED.,.T.,.F.) B_SPLINE_CURVE_WITH_KNOTS((1,2
    ,2,2,2,1),(-2.094395102393,0.,2.094395102393,4.188790204786,
6.28318530718,8.377580409573),.UNSPECIFIED.) CURVE() 
GEOMETRIC_REPRESENTATION_ITEM() RATIONAL_B_SPLINE_CURVE((1.,0.5,1.,0.5,
1.,0.5,1.)) REPRESENTATION_ITEM('') );
#4858 = CARTESIAN_POINT('',(2.1,-2.87));
#4859 = CARTESIAN_POINT('',(1.407179676972,-2.87));
#4860 = CARTESIAN_POINT('',(1.753589838486,-2.27));
#4861 = CARTESIAN_POINT('',(2.1,-1.67));
#4862 = CARTESIAN_POINT('',(2.446410161514,-2.27));
#4863 = CARTESIAN_POINT('',(2.792820323028,-2.87));
#4864 = CARTESIAN_POINT('',(2.1,-2.87));
#4865 = ( GEOMETRIC_REPRESENTATION_CONTEXT(2) 
PARAMETRIC_REPRESENTATION_CONTEXT() REPRESENTATION_CONTEXT('2D SPACE',''
  ) );
#4866 = PCURVE('',#4867,#4872);
#4867 = CYLINDRICAL_SURFACE('',#4868,0.4);
#4868 = AXIS2_PLACEMENT_3D('',#4869,#4870,#4871);
#4869 = CARTESIAN_POINT('',(2.265701,12.8,-11.1));
#4870 = DIRECTION('',(-0.,-1.,-0.));
#4871 = DIRECTION('',(0.,-0.,1.));
#4872 = DEFINITIONAL_REPRESENTATION('',(#4873),#4877);
#4873 = LINE('',#4874,#4875);
#4874 = CARTESIAN_POINT('',(-1.570796326795,-2.2));
#4875 = VECTOR('',#4876,1.);
#4876 = DIRECTION('',(1.,0.));
#4877 = ( GEOMETRIC_REPRESENTATION_CONTEXT(2) 
PARAMETRIC_REPRESENTATION_CONTEXT() REPRESENTATION_CONTEXT('2D SPACE',''
  ) );
#4878 = ORIENTED_EDGE('',*,*,#4879,.T.);
#4879 = EDGE_CURVE('',#4847,#4880,#4882,.T.);
#4880 = VERTEX_POINT('',#4881);
#4881 = CARTESIAN_POINT('',(2.826949,15.0,-11.1));
#4882 = SURFACE_CURVE('',#4883,(#4888,#4899),.PCURVE_S1.);
#4883 = CIRCLE('',#4884,0.4);
#4884 = AXIS2_PLACEMENT_3D('',#4885,#4886,#4887);
#4885 = CARTESIAN_POINT('',(2.265701,15.0,-11.1));
#4886 = DIRECTION('',(-0.,-1.,0.));
#4887 = DIRECTION('',(1.,-0.,0.));
#4888 = PCURVE('',#3760,#4889);
#4889 = DEFINITIONAL_REPRESENTATION('',(#4890),#4898);
#4890 = ( BOUNDED_CURVE() B_SPLINE_CURVE(2,(#4891,#4892,#4893,#4894,
#4895,#4896,#4897),.UNSPECIFIED.,.T.,.F.) B_SPLINE_CURVE_WITH_KNOTS((1,2
    ,2,2,2,1),(-2.094395102393,0.,2.094395102393,4.188790204786,
6.28318530718,8.377580409573),.UNSPECIFIED.) CURVE() 
GEOMETRIC_REPRESENTATION_ITEM() RATIONAL_B_SPLINE_CURVE((1.,0.5,1.,0.5,
1.,0.5,1.)) REPRESENTATION_ITEM('') );
#4891 = CARTESIAN_POINT('',(2.1,-2.87));
#4892 = CARTESIAN_POINT('',(1.407179676972,-2.87));
#4893 = CARTESIAN_POINT('',(1.753589838486,-2.27));
#4894 = CARTESIAN_POINT('',(2.1,-1.67));
#4895 = CARTESIAN_POINT('',(2.446410161514,-2.27));
#4896 = CARTESIAN_POINT('',(2.792820323028,-2.87));
#4897 = CARTESIAN_POINT('',(2.1,-2.87));
#4898 = ( GEOMETRIC_REPRESENTATION_CONTEXT(2) 
PARAMETRIC_REPRESENTATION_CONTEXT() REPRESENTATION_CONTEXT('2D SPACE',''
  ) );
#4899 = PCURVE('',#4900,#4905);
#4900 = CYLINDRICAL_SURFACE('',#4901,0.4);
#4901 = AXIS2_PLACEMENT_3D('',#4902,#4903,#4904);
#4902 = CARTESIAN_POINT('',(2.265701,12.8,-11.1));
#4903 = DIRECTION('',(-0.,-1.,-0.));
#4904 = DIRECTION('',(0.,-0.,1.));
#4905 = DEFINITIONAL_REPRESENTATION('',(#4906),#4910);
#4906 = LINE('',#4907,#4908);
#4907 = CARTESIAN_POINT('',(-1.570796326795,-2.2));
#4908 = VECTOR('',#4909,1.);
#4909 = DIRECTION('',(1.,0.));
#4910 = ( GEOMETRIC_REPRESENTATION_CONTEXT(2) 
PARAMETRIC_REPRESENTATION_CONTEXT() REPRESENTATION_CONTEXT('2D SPACE',''
  ) );
#4911 = ORIENTED_EDGE('',*,*,#4912,.T.);
#4912 = EDGE_CURVE('',#4880,#4913,#4915,.T.);
#4913 = VERTEX_POINT('',#4914);
#4914 = CARTESIAN_POINT('',(2.826949,15.0,-7.9));
#4915 = SURFACE_CURVE('',#4916,(#4920,#4927),.PCURVE_S1.);
#4916 = LINE('',#4917,#4918);
#4917 = CARTESIAN_POINT('',(2.826949,15.0,-11.1));
#4918 = VECTOR('',#4919,1.);
#4919 = DIRECTION('',(0.,0.,1.));
#4920 = PCURVE('',#3760,#4921);
#4921 = DEFINITIONAL_REPRESENTATION('',(#4922),#4926);
#4922 = LINE('',#4923,#4924);
#4923 = CARTESIAN_POINT('',(2.1,-2.87));
#4924 = VECTOR('',#4925,1.);
#4925 = DIRECTION('',(-1.,0.));
#4926 = ( GEOMETRIC_REPRESENTATION_CONTEXT(2) 
PARAMETRIC_REPRESENTATION_CONTEXT() REPRESENTATION_CONTEXT('2D SPACE',''
  ) );
#4927 = PCURVE('',#4928,#4933);
#4928 = PLANE('',#4929);
#4929 = AXIS2_PLACEMENT_3D('',#4930,#4931,#4932);
#4930 = CARTESIAN_POINT('',(2.826949,12.8,-9.5));
#4931 = DIRECTION('',(-1.,0.,0.));
#4932 = DIRECTION('',(0.,0.,1.));
#4933 = DEFINITIONAL_REPRESENTATION('',(#4934),#4938);
#4934 = LINE('',#4935,#4936);
#4935 = CARTESIAN_POINT('',(-1.6,2.2));
#4936 = VECTOR('',#4937,1.);
#4937 = DIRECTION('',(1.,0.));
#4938 = ( GEOMETRIC_REPRESENTATION_CONTEXT(2) 
PARAMETRIC_REPRESENTATION_CONTEXT() REPRESENTATION_CONTEXT('2D SPACE',''
  ) );
#4939 = ORIENTED_EDGE('',*,*,#4940,.T.);
#4940 = EDGE_CURVE('',#4913,#4941,#4943,.T.);
#4941 = VERTEX_POINT('',#4942);
#4942 = CARTESIAN_POINT('',(2.265701,15.0,-7.5));
#4943 = SURFACE_CURVE('',#4944,(#4949,#4960),.PCURVE_S1.);
#4944 = CIRCLE('',#4945,0.4);
#4945 = AXIS2_PLACEMENT_3D('',#4946,#4947,#4948);
#4946 = CARTESIAN_POINT('',(2.265701,15.0,-7.9));
#4947 = DIRECTION('',(-0.,-1.,0.));
#4948 = DIRECTION('',(1.,-0.,0.));
#4949 = PCURVE('',#3760,#4950);
#4950 = DEFINITIONAL_REPRESENTATION('',(#4951),#4959);
#4951 = ( BOUNDED_CURVE() B_SPLINE_CURVE(2,(#4952,#4953,#4954,#4955,
#4956,#4957,#4958),.UNSPECIFIED.,.T.,.F.) B_SPLINE_CURVE_WITH_KNOTS((1,2
    ,2,2,2,1),(-2.094395102393,0.,2.094395102393,4.188790204786,
6.28318530718,8.377580409573),.UNSPECIFIED.) CURVE() 
GEOMETRIC_REPRESENTATION_ITEM() RATIONAL_B_SPLINE_CURVE((1.,0.5,1.,0.5,
1.,0.5,1.)) REPRESENTATION_ITEM('') );
#4952 = CARTESIAN_POINT('',(-1.1,-2.87));
#4953 = CARTESIAN_POINT('',(-1.792820323028,-2.87));
#4954 = CARTESIAN_POINT('',(-1.446410161514,-2.27));
#4955 = CARTESIAN_POINT('',(-1.1,-1.67));
#4956 = CARTESIAN_POINT('',(-0.753589838486,-2.27));
#4957 = CARTESIAN_POINT('',(-0.407179676972,-2.87));
#4958 = CARTESIAN_POINT('',(-1.1,-2.87));
#4959 = ( GEOMETRIC_REPRESENTATION_CONTEXT(2) 
PARAMETRIC_REPRESENTATION_CONTEXT() REPRESENTATION_CONTEXT('2D SPACE',''
  ) );
#4960 = PCURVE('',#4961,#4966);
#4961 = CYLINDRICAL_SURFACE('',#4962,0.4);
#4962 = AXIS2_PLACEMENT_3D('',#4963,#4964,#4965);
#4963 = CARTESIAN_POINT('',(2.265701,12.8,-7.9));
#4964 = DIRECTION('',(-0.,-1.,-0.));
#4965 = DIRECTION('',(0.,-0.,1.));
#4966 = DEFINITIONAL_REPRESENTATION('',(#4967),#4971);
#4967 = LINE('',#4968,#4969);
#4968 = CARTESIAN_POINT('',(4.712388980385,-2.2));
#4969 = VECTOR('',#4970,1.);
#4970 = DIRECTION('',(1.,0.));
#4971 = ( GEOMETRIC_REPRESENTATION_CONTEXT(2) 
PARAMETRIC_REPRESENTATION_CONTEXT() REPRESENTATION_CONTEXT('2D SPACE',''
  ) );
#4972 = ORIENTED_EDGE('',*,*,#4973,.T.);
#4973 = EDGE_CURVE('',#4941,#4817,#4974,.T.);
#4974 = SURFACE_CURVE('',#4975,(#4980,#4991),.PCURVE_S1.);
#4975 = CIRCLE('',#4976,0.4);
#4976 = AXIS2_PLACEMENT_3D('',#4977,#4978,#4979);
#4977 = CARTESIAN_POINT('',(2.265701,15.0,-7.9));
#4978 = DIRECTION('',(-0.,-1.,0.));
#4979 = DIRECTION('',(1.,-0.,0.));
#4980 = PCURVE('',#3760,#4981);
#4981 = DEFINITIONAL_REPRESENTATION('',(#4982),#4990);
#4982 = ( BOUNDED_CURVE() B_SPLINE_CURVE(2,(#4983,#4984,#4985,#4986,
#4987,#4988,#4989),.UNSPECIFIED.,.T.,.F.) B_SPLINE_CURVE_WITH_KNOTS((1,2
    ,2,2,2,1),(-2.094395102393,0.,2.094395102393,4.188790204786,
6.28318530718,8.377580409573),.UNSPECIFIED.) CURVE() 
GEOMETRIC_REPRESENTATION_ITEM() RATIONAL_B_SPLINE_CURVE((1.,0.5,1.,0.5,
1.,0.5,1.)) REPRESENTATION_ITEM('') );
#4983 = CARTESIAN_POINT('',(-1.1,-2.87));
#4984 = CARTESIAN_POINT('',(-1.792820323028,-2.87));
#4985 = CARTESIAN_POINT('',(-1.446410161514,-2.27));
#4986 = CARTESIAN_POINT('',(-1.1,-1.67));
#4987 = CARTESIAN_POINT('',(-0.753589838486,-2.27));
#4988 = CARTESIAN_POINT('',(-0.407179676972,-2.87));
#4989 = CARTESIAN_POINT('',(-1.1,-2.87));
#4990 = ( GEOMETRIC_REPRESENTATION_CONTEXT(2) 
PARAMETRIC_REPRESENTATION_CONTEXT() REPRESENTATION_CONTEXT('2D SPACE',''
  ) );
#4991 = PCURVE('',#4992,#4997);
#4992 = CYLINDRICAL_SURFACE('',#4993,0.4);
#4993 = AXIS2_PLACEMENT_3D('',#4994,#4995,#4996);
#4994 = CARTESIAN_POINT('',(2.265701,12.8,-7.9));
#4995 = DIRECTION('',(-0.,-1.,-0.));
#4996 = DIRECTION('',(0.,-0.,1.));
#4997 = DEFINITIONAL_REPRESENTATION('',(#4998),#5002);
#4998 = LINE('',#4999,#5000);
#4999 = CARTESIAN_POINT('',(-1.570796326795,-2.2));
#5000 = VECTOR('',#5001,1.);
#5001 = DIRECTION('',(1.,0.));
#5002 = ( GEOMETRIC_REPRESENTATION_CONTEXT(2) 
PARAMETRIC_REPRESENTATION_CONTEXT() REPRESENTATION_CONTEXT('2D SPACE',''
  ) );
#5003 = FACE_BOUND('',#5004,.T.);
#5004 = EDGE_LOOP('',(#5005,#5035,#5068,#5101,#5129,#5162));
#5005 = ORIENTED_EDGE('',*,*,#5006,.T.);
#5006 = EDGE_CURVE('',#5007,#5009,#5011,.T.);
#5007 = VERTEX_POINT('',#5008);
#5008 = CARTESIAN_POINT('',(-2.897773,15.0,-7.9));
#5009 = VERTEX_POINT('',#5010);
#5010 = CARTESIAN_POINT('',(-2.897773,15.0,-11.1));
#5011 = SURFACE_CURVE('',#5012,(#5016,#5023),.PCURVE_S1.);
#5012 = LINE('',#5013,#5014);
#5013 = CARTESIAN_POINT('',(-2.897773,15.0,-7.9));
#5014 = VECTOR('',#5015,1.);
#5015 = DIRECTION('',(-0.,-0.,-1.));
#5016 = PCURVE('',#3760,#5017);
#5017 = DEFINITIONAL_REPRESENTATION('',(#5018),#5022);
#5018 = LINE('',#5019,#5020);
#5019 = CARTESIAN_POINT('',(-1.1,1.21));
#5020 = VECTOR('',#5021,1.);
#5021 = DIRECTION('',(1.,0.));
#5022 = ( GEOMETRIC_REPRESENTATION_CONTEXT(2) 
PARAMETRIC_REPRESENTATION_CONTEXT() REPRESENTATION_CONTEXT('2D SPACE',''
  ) );
#5023 = PCURVE('',#5024,#5029);
#5024 = PLANE('',#5025);
#5025 = AXIS2_PLACEMENT_3D('',#5026,#5027,#5028);
#5026 = CARTESIAN_POINT('',(-2.897773,12.8,-9.5));
#5027 = DIRECTION('',(1.,-0.,-0.));
#5028 = DIRECTION('',(-0.,-0.,-1.));
#5029 = DEFINITIONAL_REPRESENTATION('',(#5030),#5034);
#5030 = LINE('',#5031,#5032);
#5031 = CARTESIAN_POINT('',(-1.6,2.2));
#5032 = VECTOR('',#5033,1.);
#5033 = DIRECTION('',(1.,0.));
#5034 = ( GEOMETRIC_REPRESENTATION_CONTEXT(2) 
PARAMETRIC_REPRESENTATION_CONTEXT() REPRESENTATION_CONTEXT('2D SPACE',''
  ) );
#5035 = ORIENTED_EDGE('',*,*,#5036,.T.);
#5036 = EDGE_CURVE('',#5009,#5037,#5039,.T.);
#5037 = VERTEX_POINT('',#5038);
#5038 = CARTESIAN_POINT('',(-2.336526,15.0,-11.5));
#5039 = SURFACE_CURVE('',#5040,(#5045,#5056),.PCURVE_S1.);
#5040 = CIRCLE('',#5041,0.4);
#5041 = AXIS2_PLACEMENT_3D('',#5042,#5043,#5044);
#5042 = CARTESIAN_POINT('',(-2.336526,15.0,-11.1));
#5043 = DIRECTION('',(-0.,-1.,0.));
#5044 = DIRECTION('',(1.,-0.,0.));
#5045 = PCURVE('',#3760,#5046);
#5046 = DEFINITIONAL_REPRESENTATION('',(#5047),#5055);
#5047 = ( BOUNDED_CURVE() B_SPLINE_CURVE(2,(#5048,#5049,#5050,#5051,
#5052,#5053,#5054),.UNSPECIFIED.,.T.,.F.) B_SPLINE_CURVE_WITH_KNOTS((1,2
    ,2,2,2,1),(-2.094395102393,0.,2.094395102393,4.188790204786,
6.28318530718,8.377580409573),.UNSPECIFIED.) CURVE() 
GEOMETRIC_REPRESENTATION_ITEM() RATIONAL_B_SPLINE_CURVE((1.,0.5,1.,0.5,
1.,0.5,1.)) REPRESENTATION_ITEM('') );
#5048 = CARTESIAN_POINT('',(2.1,0.41));
#5049 = CARTESIAN_POINT('',(1.407179676972,0.41));
#5050 = CARTESIAN_POINT('',(1.753589838486,1.01));
#5051 = CARTESIAN_POINT('',(2.1,1.61));
#5052 = CARTESIAN_POINT('',(2.446410161514,1.01));
#5053 = CARTESIAN_POINT('',(2.792820323028,0.41));
#5054 = CARTESIAN_POINT('',(2.1,0.41));
#5055 = ( GEOMETRIC_REPRESENTATION_CONTEXT(2) 
PARAMETRIC_REPRESENTATION_CONTEXT() REPRESENTATION_CONTEXT('2D SPACE',''
  ) );
#5056 = PCURVE('',#5057,#5062);
#5057 = CYLINDRICAL_SURFACE('',#5058,0.4);
#5058 = AXIS2_PLACEMENT_3D('',#5059,#5060,#5061);
#5059 = CARTESIAN_POINT('',(-2.336526,12.8,-11.1));
#5060 = DIRECTION('',(-0.,-1.,-0.));
#5061 = DIRECTION('',(0.,-0.,1.));
#5062 = DEFINITIONAL_REPRESENTATION('',(#5063),#5067);
#5063 = LINE('',#5064,#5065);
#5064 = CARTESIAN_POINT('',(-1.570796326795,-2.2));
#5065 = VECTOR('',#5066,1.);
#5066 = DIRECTION('',(1.,0.));
#5067 = ( GEOMETRIC_REPRESENTATION_CONTEXT(2) 
PARAMETRIC_REPRESENTATION_CONTEXT() REPRESENTATION_CONTEXT('2D SPACE',''
  ) );
#5068 = ORIENTED_EDGE('',*,*,#5069,.T.);
#5069 = EDGE_CURVE('',#5037,#5070,#5072,.T.);
#5070 = VERTEX_POINT('',#5071);
#5071 = CARTESIAN_POINT('',(-1.775278,15.0,-11.1));
#5072 = SURFACE_CURVE('',#5073,(#5078,#5089),.PCURVE_S1.);
#5073 = CIRCLE('',#5074,0.4);
#5074 = AXIS2_PLACEMENT_3D('',#5075,#5076,#5077);
#5075 = CARTESIAN_POINT('',(-2.336526,15.0,-11.1));
#5076 = DIRECTION('',(-0.,-1.,0.));
#5077 = DIRECTION('',(1.,-0.,0.));
#5078 = PCURVE('',#3760,#5079);
#5079 = DEFINITIONAL_REPRESENTATION('',(#5080),#5088);
#5080 = ( BOUNDED_CURVE() B_SPLINE_CURVE(2,(#5081,#5082,#5083,#5084,
#5085,#5086,#5087),.UNSPECIFIED.,.T.,.F.) B_SPLINE_CURVE_WITH_KNOTS((1,2
    ,2,2,2,1),(-2.094395102393,0.,2.094395102393,4.188790204786,
6.28318530718,8.377580409573),.UNSPECIFIED.) CURVE() 
GEOMETRIC_REPRESENTATION_ITEM() RATIONAL_B_SPLINE_CURVE((1.,0.5,1.,0.5,
1.,0.5,1.)) REPRESENTATION_ITEM('') );
#5081 = CARTESIAN_POINT('',(2.1,0.41));
#5082 = CARTESIAN_POINT('',(1.407179676972,0.41));
#5083 = CARTESIAN_POINT('',(1.753589838486,1.01));
#5084 = CARTESIAN_POINT('',(2.1,1.61));
#5085 = CARTESIAN_POINT('',(2.446410161514,1.01));
#5086 = CARTESIAN_POINT('',(2.792820323028,0.41));
#5087 = CARTESIAN_POINT('',(2.1,0.41));
#5088 = ( GEOMETRIC_REPRESENTATION_CONTEXT(2) 
PARAMETRIC_REPRESENTATION_CONTEXT() REPRESENTATION_CONTEXT('2D SPACE',''
  ) );
#5089 = PCURVE('',#5090,#5095);
#5090 = CYLINDRICAL_SURFACE('',#5091,0.4);
#5091 = AXIS2_PLACEMENT_3D('',#5092,#5093,#5094);
#5092 = CARTESIAN_POINT('',(-2.336526,12.8,-11.1));
#5093 = DIRECTION('',(-0.,-1.,-0.));
#5094 = DIRECTION('',(0.,-0.,1.));
#5095 = DEFINITIONAL_REPRESENTATION('',(#5096),#5100);
#5096 = LINE('',#5097,#5098);
#5097 = CARTESIAN_POINT('',(-1.570796326795,-2.2));
#5098 = VECTOR('',#5099,1.);
#5099 = DIRECTION('',(1.,0.));
#5100 = ( GEOMETRIC_REPRESENTATION_CONTEXT(2) 
PARAMETRIC_REPRESENTATION_CONTEXT() REPRESENTATION_CONTEXT('2D SPACE',''
  ) );
#5101 = ORIENTED_EDGE('',*,*,#5102,.T.);
#5102 = EDGE_CURVE('',#5070,#5103,#5105,.T.);
#5103 = VERTEX_POINT('',#5104);
#5104 = CARTESIAN_POINT('',(-1.775278,15.0,-7.9));
#5105 = SURFACE_CURVE('',#5106,(#5110,#5117),.PCURVE_S1.);
#5106 = LINE('',#5107,#5108);
#5107 = CARTESIAN_POINT('',(-1.775278,15.0,-11.1));
#5108 = VECTOR('',#5109,1.);
#5109 = DIRECTION('',(0.,0.,1.));
#5110 = PCURVE('',#3760,#5111);
#5111 = DEFINITIONAL_REPRESENTATION('',(#5112),#5116);
#5112 = LINE('',#5113,#5114);
#5113 = CARTESIAN_POINT('',(2.1,0.41));
#5114 = VECTOR('',#5115,1.);
#5115 = DIRECTION('',(-1.,0.));
#5116 = ( GEOMETRIC_REPRESENTATION_CONTEXT(2) 
PARAMETRIC_REPRESENTATION_CONTEXT() REPRESENTATION_CONTEXT('2D SPACE',''
  ) );
#5117 = PCURVE('',#5118,#5123);
#5118 = PLANE('',#5119);
#5119 = AXIS2_PLACEMENT_3D('',#5120,#5121,#5122);
#5120 = CARTESIAN_POINT('',(-1.775278,12.8,-9.5));
#5121 = DIRECTION('',(-1.,0.,0.));
#5122 = DIRECTION('',(0.,0.,1.));
#5123 = DEFINITIONAL_REPRESENTATION('',(#5124),#5128);
#5124 = LINE('',#5125,#5126);
#5125 = CARTESIAN_POINT('',(-1.6,2.2));
#5126 = VECTOR('',#5127,1.);
#5127 = DIRECTION('',(1.,0.));
#5128 = ( GEOMETRIC_REPRESENTATION_CONTEXT(2) 
PARAMETRIC_REPRESENTATION_CONTEXT() REPRESENTATION_CONTEXT('2D SPACE',''
  ) );
#5129 = ORIENTED_EDGE('',*,*,#5130,.T.);
#5130 = EDGE_CURVE('',#5103,#5131,#5133,.T.);
#5131 = VERTEX_POINT('',#5132);
#5132 = CARTESIAN_POINT('',(-2.336526,15.0,-7.5));
#5133 = SURFACE_CURVE('',#5134,(#5139,#5150),.PCURVE_S1.);
#5134 = CIRCLE('',#5135,0.4);
#5135 = AXIS2_PLACEMENT_3D('',#5136,#5137,#5138);
#5136 = CARTESIAN_POINT('',(-2.336526,15.0,-7.9));
#5137 = DIRECTION('',(-0.,-1.,0.));
#5138 = DIRECTION('',(1.,-0.,0.));
#5139 = PCURVE('',#3760,#5140);
#5140 = DEFINITIONAL_REPRESENTATION('',(#5141),#5149);
#5141 = ( BOUNDED_CURVE() B_SPLINE_CURVE(2,(#5142,#5143,#5144,#5145,
#5146,#5147,#5148),.UNSPECIFIED.,.T.,.F.) B_SPLINE_CURVE_WITH_KNOTS((1,2
    ,2,2,2,1),(-2.094395102393,0.,2.094395102393,4.188790204786,
6.28318530718,8.377580409573),.UNSPECIFIED.) CURVE() 
GEOMETRIC_REPRESENTATION_ITEM() RATIONAL_B_SPLINE_CURVE((1.,0.5,1.,0.5,
1.,0.5,1.)) REPRESENTATION_ITEM('') );
#5142 = CARTESIAN_POINT('',(-1.1,0.41));
#5143 = CARTESIAN_POINT('',(-1.792820323028,0.41));
#5144 = CARTESIAN_POINT('',(-1.446410161514,1.01));
#5145 = CARTESIAN_POINT('',(-1.1,1.61));
#5146 = CARTESIAN_POINT('',(-0.753589838486,1.01));
#5147 = CARTESIAN_POINT('',(-0.407179676972,0.41));
#5148 = CARTESIAN_POINT('',(-1.1,0.41));
#5149 = ( GEOMETRIC_REPRESENTATION_CONTEXT(2) 
PARAMETRIC_REPRESENTATION_CONTEXT() REPRESENTATION_CONTEXT('2D SPACE',''
  ) );
#5150 = PCURVE('',#5151,#5156);
#5151 = CYLINDRICAL_SURFACE('',#5152,0.4);
#5152 = AXIS2_PLACEMENT_3D('',#5153,#5154,#5155);
#5153 = CARTESIAN_POINT('',(-2.336526,12.8,-7.9));
#5154 = DIRECTION('',(-0.,-1.,-0.));
#5155 = DIRECTION('',(0.,-0.,1.));
#5156 = DEFINITIONAL_REPRESENTATION('',(#5157),#5161);
#5157 = LINE('',#5158,#5159);
#5158 = CARTESIAN_POINT('',(4.712388980385,-2.2));
#5159 = VECTOR('',#5160,1.);
#5160 = DIRECTION('',(1.,0.));
#5161 = ( GEOMETRIC_REPRESENTATION_CONTEXT(2) 
PARAMETRIC_REPRESENTATION_CONTEXT() REPRESENTATION_CONTEXT('2D SPACE',''
  ) );
#5162 = ORIENTED_EDGE('',*,*,#5163,.T.);
#5163 = EDGE_CURVE('',#5131,#5007,#5164,.T.);
#5164 = SURFACE_CURVE('',#5165,(#5170,#5181),.PCURVE_S1.);
#5165 = CIRCLE('',#5166,0.4);
#5166 = AXIS2_PLACEMENT_3D('',#5167,#5168,#5169);
#5167 = CARTESIAN_POINT('',(-2.336526,15.0,-7.9));
#5168 = DIRECTION('',(-0.,-1.,0.));
#5169 = DIRECTION('',(1.,-0.,0.));
#5170 = PCURVE('',#3760,#5171);
#5171 = DEFINITIONAL_REPRESENTATION('',(#5172),#5180);
#5172 = ( BOUNDED_CURVE() B_SPLINE_CURVE(2,(#5173,#5174,#5175,#5176,
#5177,#5178,#5179),.UNSPECIFIED.,.T.,.F.) B_SPLINE_CURVE_WITH_KNOTS((1,2
    ,2,2,2,1),(-2.094395102393,0.,2.094395102393,4.188790204786,
6.28318530718,8.377580409573),.UNSPECIFIED.) CURVE() 
GEOMETRIC_REPRESENTATION_ITEM() RATIONAL_B_SPLINE_CURVE((1.,0.5,1.,0.5,
1.,0.5,1.)) REPRESENTATION_ITEM('') );
#5173 = CARTESIAN_POINT('',(-1.1,0.41));
#5174 = CARTESIAN_POINT('',(-1.792820323028,0.41));
#5175 = CARTESIAN_POINT('',(-1.446410161514,1.01));
#5176 = CARTESIAN_POINT('',(-1.1,1.61));
#5177 = CARTESIAN_POINT('',(-0.753589838486,1.01));
#5178 = CARTESIAN_POINT('',(-0.407179676972,0.41));
#5179 = CARTESIAN_POINT('',(-1.1,0.41));
#5180 = ( GEOMETRIC_REPRESENTATION_CONTEXT(2) 
PARAMETRIC_REPRESENTATION_CONTEXT() REPRESENTATION_CONTEXT('2D SPACE',''
  ) );
#5181 = PCURVE('',#5182,#5187);
#5182 = CYLINDRICAL_SURFACE('',#5183,0.4);
#5183 = AXIS2_PLACEMENT_3D('',#5184,#5185,#5186);
#5184 = CARTESIAN_POINT('',(-2.336526,12.8,-7.9));
#5185 = DIRECTION('',(-0.,-1.,-0.));
#5186 = DIRECTION('',(0.,-0.,1.));
#5187 = DEFINITIONAL_REPRESENTATION('',(#5188),#5192);
#5188 = LINE('',#5189,#5190);
#5189 = CARTESIAN_POINT('',(-1.570796326795,-2.2));
#5190 = VECTOR('',#5191,1.);
#5191 = DIRECTION('',(1.,0.));
#5192 = ( GEOMETRIC_REPRESENTATION_CONTEXT(2) 
PARAMETRIC_REPRESENTATION_CONTEXT() REPRESENTATION_CONTEXT('2D SPACE',''
  ) );
#5193 = FACE_BOUND('',#5194,.T.);
#5194 = EDGE_LOOP('',(#5195,#5230,#5263,#5291,#5324,#5357));
#5195 = ORIENTED_EDGE('',*,*,#5196,.T.);
#5196 = EDGE_CURVE('',#5197,#5199,#5201,.T.);
#5197 = VERTEX_POINT('',#5198);
#5198 = CARTESIAN_POINT('',(-5.198886,15.0,-11.1));
#5199 = VERTEX_POINT('',#5200);
#5200 = CARTESIAN_POINT('',(-4.637639,15.0,-11.5));
#5201 = SURFACE_CURVE('',#5202,(#5207,#5218),.PCURVE_S1.);
#5202 = CIRCLE('',#5203,0.4);
#5203 = AXIS2_PLACEMENT_3D('',#5204,#5205,#5206);
#5204 = CARTESIAN_POINT('',(-4.637639,15.0,-11.1));
#5205 = DIRECTION('',(-0.,-1.,0.));
#5206 = DIRECTION('',(1.,-0.,0.));
#5207 = PCURVE('',#3760,#5208);
#5208 = DEFINITIONAL_REPRESENTATION('',(#5209),#5217);
#5209 = ( BOUNDED_CURVE() B_SPLINE_CURVE(2,(#5210,#5211,#5212,#5213,
#5214,#5215,#5216),.UNSPECIFIED.,.T.,.F.) B_SPLINE_CURVE_WITH_KNOTS((1,2
    ,2,2,2,1),(-2.094395102393,0.,2.094395102393,4.188790204786,
6.28318530718,8.377580409573),.UNSPECIFIED.) CURVE() 
GEOMETRIC_REPRESENTATION_ITEM() RATIONAL_B_SPLINE_CURVE((1.,0.5,1.,0.5,
1.,0.5,1.)) REPRESENTATION_ITEM('') );
#5210 = CARTESIAN_POINT('',(2.1,2.05));
#5211 = CARTESIAN_POINT('',(1.407179676972,2.05));
#5212 = CARTESIAN_POINT('',(1.753589838486,2.65));
#5213 = CARTESIAN_POINT('',(2.1,3.25));
#5214 = CARTESIAN_POINT('',(2.446410161514,2.65));
#5215 = CARTESIAN_POINT('',(2.792820323028,2.05));
#5216 = CARTESIAN_POINT('',(2.1,2.05));
#5217 = ( GEOMETRIC_REPRESENTATION_CONTEXT(2) 
PARAMETRIC_REPRESENTATION_CONTEXT() REPRESENTATION_CONTEXT('2D SPACE',''
  ) );
#5218 = PCURVE('',#5219,#5224);
#5219 = CYLINDRICAL_SURFACE('',#5220,0.4);
#5220 = AXIS2_PLACEMENT_3D('',#5221,#5222,#5223);
#5221 = CARTESIAN_POINT('',(-4.637639,12.8,-11.1));
#5222 = DIRECTION('',(-0.,-1.,-0.));
#5223 = DIRECTION('',(0.,-0.,1.));
#5224 = DEFINITIONAL_REPRESENTATION('',(#5225),#5229);
#5225 = LINE('',#5226,#5227);
#5226 = CARTESIAN_POINT('',(-1.570796326795,-2.2));
#5227 = VECTOR('',#5228,1.);
#5228 = DIRECTION('',(1.,0.));
#5229 = ( GEOMETRIC_REPRESENTATION_CONTEXT(2) 
PARAMETRIC_REPRESENTATION_CONTEXT() REPRESENTATION_CONTEXT('2D SPACE',''
  ) );
#5230 = ORIENTED_EDGE('',*,*,#5231,.T.);
#5231 = EDGE_CURVE('',#5199,#5232,#5234,.T.);
#5232 = VERTEX_POINT('',#5233);
#5233 = CARTESIAN_POINT('',(-4.076392,15.0,-11.1));
#5234 = SURFACE_CURVE('',#5235,(#5240,#5251),.PCURVE_S1.);
#5235 = CIRCLE('',#5236,0.4);
#5236 = AXIS2_PLACEMENT_3D('',#5237,#5238,#5239);
#5237 = CARTESIAN_POINT('',(-4.637639,15.0,-11.1));
#5238 = DIRECTION('',(-0.,-1.,0.));
#5239 = DIRECTION('',(1.,-0.,0.));
#5240 = PCURVE('',#3760,#5241);
#5241 = DEFINITIONAL_REPRESENTATION('',(#5242),#5250);
#5242 = ( BOUNDED_CURVE() B_SPLINE_CURVE(2,(#5243,#5244,#5245,#5246,
#5247,#5248,#5249),.UNSPECIFIED.,.T.,.F.) B_SPLINE_CURVE_WITH_KNOTS((1,2
    ,2,2,2,1),(-2.094395102393,0.,2.094395102393,4.188790204786,
6.28318530718,8.377580409573),.UNSPECIFIED.) CURVE() 
GEOMETRIC_REPRESENTATION_ITEM() RATIONAL_B_SPLINE_CURVE((1.,0.5,1.,0.5,
1.,0.5,1.)) REPRESENTATION_ITEM('') );
#5243 = CARTESIAN_POINT('',(2.1,2.05));
#5244 = CARTESIAN_POINT('',(1.407179676972,2.05));
#5245 = CARTESIAN_POINT('',(1.753589838486,2.65));
#5246 = CARTESIAN_POINT('',(2.1,3.25));
#5247 = CARTESIAN_POINT('',(2.446410161514,2.65));
#5248 = CARTESIAN_POINT('',(2.792820323028,2.05));
#5249 = CARTESIAN_POINT('',(2.1,2.05));
#5250 = ( GEOMETRIC_REPRESENTATION_CONTEXT(2) 
PARAMETRIC_REPRESENTATION_CONTEXT() REPRESENTATION_CONTEXT('2D SPACE',''
  ) );
#5251 = PCURVE('',#5252,#5257);
#5252 = CYLINDRICAL_SURFACE('',#5253,0.4);
#5253 = AXIS2_PLACEMENT_3D('',#5254,#5255,#5256);
#5254 = CARTESIAN_POINT('',(-4.637639,12.8,-11.1));
#5255 = DIRECTION('',(-0.,-1.,-0.));
#5256 = DIRECTION('',(0.,-0.,1.));
#5257 = DEFINITIONAL_REPRESENTATION('',(#5258),#5262);
#5258 = LINE('',#5259,#5260);
#5259 = CARTESIAN_POINT('',(-1.570796326795,-2.2));
#5260 = VECTOR('',#5261,1.);
#5261 = DIRECTION('',(1.,0.));
#5262 = ( GEOMETRIC_REPRESENTATION_CONTEXT(2) 
PARAMETRIC_REPRESENTATION_CONTEXT() REPRESENTATION_CONTEXT('2D SPACE',''
  ) );
#5263 = ORIENTED_EDGE('',*,*,#5264,.T.);
#5264 = EDGE_CURVE('',#5232,#5265,#5267,.T.);
#5265 = VERTEX_POINT('',#5266);
#5266 = CARTESIAN_POINT('',(-4.076392,15.0,-7.9));
#5267 = SURFACE_CURVE('',#5268,(#5272,#5279),.PCURVE_S1.);
#5268 = LINE('',#5269,#5270);
#5269 = CARTESIAN_POINT('',(-4.076392,15.0,-11.1));
#5270 = VECTOR('',#5271,1.);
#5271 = DIRECTION('',(0.,0.,1.));
#5272 = PCURVE('',#3760,#5273);
#5273 = DEFINITIONAL_REPRESENTATION('',(#5274),#5278);
#5274 = LINE('',#5275,#5276);
#5275 = CARTESIAN_POINT('',(2.1,2.05));
#5276 = VECTOR('',#5277,1.);
#5277 = DIRECTION('',(-1.,0.));
#5278 = ( GEOMETRIC_REPRESENTATION_CONTEXT(2) 
PARAMETRIC_REPRESENTATION_CONTEXT() REPRESENTATION_CONTEXT('2D SPACE',''
  ) );
#5279 = PCURVE('',#5280,#5285);
#5280 = PLANE('',#5281);
#5281 = AXIS2_PLACEMENT_3D('',#5282,#5283,#5284);
#5282 = CARTESIAN_POINT('',(-4.076392,12.8,-9.5));
#5283 = DIRECTION('',(-1.,0.,0.));
#5284 = DIRECTION('',(0.,0.,1.));
#5285 = DEFINITIONAL_REPRESENTATION('',(#5286),#5290);
#5286 = LINE('',#5287,#5288);
#5287 = CARTESIAN_POINT('',(-1.6,2.2));
#5288 = VECTOR('',#5289,1.);
#5289 = DIRECTION('',(1.,0.));
#5290 = ( GEOMETRIC_REPRESENTATION_CONTEXT(2) 
PARAMETRIC_REPRESENTATION_CONTEXT() REPRESENTATION_CONTEXT('2D SPACE',''
  ) );
#5291 = ORIENTED_EDGE('',*,*,#5292,.T.);
#5292 = EDGE_CURVE('',#5265,#5293,#5295,.T.);
#5293 = VERTEX_POINT('',#5294);
#5294 = CARTESIAN_POINT('',(-4.637639,15.0,-7.5));
#5295 = SURFACE_CURVE('',#5296,(#5301,#5312),.PCURVE_S1.);
#5296 = CIRCLE('',#5297,0.4);
#5297 = AXIS2_PLACEMENT_3D('',#5298,#5299,#5300);
#5298 = CARTESIAN_POINT('',(-4.637639,15.0,-7.9));
#5299 = DIRECTION('',(-0.,-1.,0.));
#5300 = DIRECTION('',(1.,-0.,0.));
#5301 = PCURVE('',#3760,#5302);
#5302 = DEFINITIONAL_REPRESENTATION('',(#5303),#5311);
#5303 = ( BOUNDED_CURVE() B_SPLINE_CURVE(2,(#5304,#5305,#5306,#5307,
#5308,#5309,#5310),.UNSPECIFIED.,.T.,.F.) B_SPLINE_CURVE_WITH_KNOTS((1,2
    ,2,2,2,1),(-2.094395102393,0.,2.094395102393,4.188790204786,
6.28318530718,8.377580409573),.UNSPECIFIED.) CURVE() 
GEOMETRIC_REPRESENTATION_ITEM() RATIONAL_B_SPLINE_CURVE((1.,0.5,1.,0.5,
1.,0.5,1.)) REPRESENTATION_ITEM('') );
#5304 = CARTESIAN_POINT('',(-1.1,2.05));
#5305 = CARTESIAN_POINT('',(-1.792820323028,2.05));
#5306 = CARTESIAN_POINT('',(-1.446410161514,2.65));
#5307 = CARTESIAN_POINT('',(-1.1,3.25));
#5308 = CARTESIAN_POINT('',(-0.753589838486,2.65));
#5309 = CARTESIAN_POINT('',(-0.407179676972,2.05));
#5310 = CARTESIAN_POINT('',(-1.1,2.05));
#5311 = ( GEOMETRIC_REPRESENTATION_CONTEXT(2) 
PARAMETRIC_REPRESENTATION_CONTEXT() REPRESENTATION_CONTEXT('2D SPACE',''
  ) );
#5312 = PCURVE('',#5313,#5318);
#5313 = CYLINDRICAL_SURFACE('',#5314,0.4);
#5314 = AXIS2_PLACEMENT_3D('',#5315,#5316,#5317);
#5315 = CARTESIAN_POINT('',(-4.637639,12.8,-7.9));
#5316 = DIRECTION('',(-0.,-1.,-0.));
#5317 = DIRECTION('',(0.,-0.,1.));
#5318 = DEFINITIONAL_REPRESENTATION('',(#5319),#5323);
#5319 = LINE('',#5320,#5321);
#5320 = CARTESIAN_POINT('',(4.712388980385,-2.2));
#5321 = VECTOR('',#5322,1.);
#5322 = DIRECTION('',(1.,0.));
#5323 = ( GEOMETRIC_REPRESENTATION_CONTEXT(2) 
PARAMETRIC_REPRESENTATION_CONTEXT() REPRESENTATION_CONTEXT('2D SPACE',''
  ) );
#5324 = ORIENTED_EDGE('',*,*,#5325,.T.);
#5325 = EDGE_CURVE('',#5293,#5326,#5328,.T.);
#5326 = VERTEX_POINT('',#5327);
#5327 = CARTESIAN_POINT('',(-5.198886,15.0,-7.9));
#5328 = SURFACE_CURVE('',#5329,(#5334,#5345),.PCURVE_S1.);
#5329 = CIRCLE('',#5330,0.4);
#5330 = AXIS2_PLACEMENT_3D('',#5331,#5332,#5333);
#5331 = CARTESIAN_POINT('',(-4.637639,15.0,-7.9));
#5332 = DIRECTION('',(-0.,-1.,0.));
#5333 = DIRECTION('',(1.,-0.,0.));
#5334 = PCURVE('',#3760,#5335);
#5335 = DEFINITIONAL_REPRESENTATION('',(#5336),#5344);
#5336 = ( BOUNDED_CURVE() B_SPLINE_CURVE(2,(#5337,#5338,#5339,#5340,
#5341,#5342,#5343),.UNSPECIFIED.,.T.,.F.) B_SPLINE_CURVE_WITH_KNOTS((1,2
    ,2,2,2,1),(-2.094395102393,0.,2.094395102393,4.188790204786,
6.28318530718,8.377580409573),.UNSPECIFIED.) CURVE() 
GEOMETRIC_REPRESENTATION_ITEM() RATIONAL_B_SPLINE_CURVE((1.,0.5,1.,0.5,
1.,0.5,1.)) REPRESENTATION_ITEM('') );
#5337 = CARTESIAN_POINT('',(-1.1,2.05));
#5338 = CARTESIAN_POINT('',(-1.792820323028,2.05));
#5339 = CARTESIAN_POINT('',(-1.446410161514,2.65));
#5340 = CARTESIAN_POINT('',(-1.1,3.25));
#5341 = CARTESIAN_POINT('',(-0.753589838486,2.65));
#5342 = CARTESIAN_POINT('',(-0.407179676972,2.05));
#5343 = CARTESIAN_POINT('',(-1.1,2.05));
#5344 = ( GEOMETRIC_REPRESENTATION_CONTEXT(2) 
PARAMETRIC_REPRESENTATION_CONTEXT() REPRESENTATION_CONTEXT('2D SPACE',''
  ) );
#5345 = PCURVE('',#5346,#5351);
#5346 = CYLINDRICAL_SURFACE('',#5347,0.4);
#5347 = AXIS2_PLACEMENT_3D('',#5348,#5349,#5350);
#5348 = CARTESIAN_POINT('',(-4.637639,12.8,-7.9));
#5349 = DIRECTION('',(-0.,-1.,-0.));
#5350 = DIRECTION('',(0.,-0.,1.));
#5351 = DEFINITIONAL_REPRESENTATION('',(#5352),#5356);
#5352 = LINE('',#5353,#5354);
#5353 = CARTESIAN_POINT('',(-1.570796326795,-2.2));
#5354 = VECTOR('',#5355,1.);
#5355 = DIRECTION('',(1.,0.));
#5356 = ( GEOMETRIC_REPRESENTATION_CONTEXT(2) 
PARAMETRIC_REPRESENTATION_CONTEXT() REPRESENTATION_CONTEXT('2D SPACE',''
  ) );
#5357 = ORIENTED_EDGE('',*,*,#5358,.T.);
#5358 = EDGE_CURVE('',#5326,#5197,#5359,.T.);
#5359 = SURFACE_CURVE('',#5360,(#5364,#5371),.PCURVE_S1.);
#5360 = LINE('',#5361,#5362);
#5361 = CARTESIAN_POINT('',(-5.198886,15.0,-7.9));
#5362 = VECTOR('',#5363,1.);
#5363 = DIRECTION('',(-0.,-0.,-1.));
#5364 = PCURVE('',#3760,#5365);
#5365 = DEFINITIONAL_REPRESENTATION('',(#5366),#5370);
#5366 = LINE('',#5367,#5368);
#5367 = CARTESIAN_POINT('',(-1.1,2.85));
#5368 = VECTOR('',#5369,1.);
#5369 = DIRECTION('',(1.,0.));
#5370 = ( GEOMETRIC_REPRESENTATION_CONTEXT(2) 
PARAMETRIC_REPRESENTATION_CONTEXT() REPRESENTATION_CONTEXT('2D SPACE',''
  ) );
#5371 = PCURVE('',#5372,#5377);
#5372 = PLANE('',#5373);
#5373 = AXIS2_PLACEMENT_3D('',#5374,#5375,#5376);
#5374 = CARTESIAN_POINT('',(-5.198886,12.8,-9.5));
#5375 = DIRECTION('',(1.,-0.,-0.));
#5376 = DIRECTION('',(-0.,-0.,-1.));
#5377 = DEFINITIONAL_REPRESENTATION('',(#5378),#5382);
#5378 = LINE('',#5379,#5380);
#5379 = CARTESIAN_POINT('',(-1.6,2.2));
#5380 = VECTOR('',#5381,1.);
#5381 = DIRECTION('',(1.,0.));
#5382 = ( GEOMETRIC_REPRESENTATION_CONTEXT(2) 
PARAMETRIC_REPRESENTATION_CONTEXT() REPRESENTATION_CONTEXT('2D SPACE',''
  ) );
#5383 = FACE_BOUND('',#5384,.T.);
#5384 = EDGE_LOOP('',(#5385,#5420,#5453,#5481,#5514,#5547));
#5385 = ORIENTED_EDGE('',*,*,#5386,.T.);
#5386 = EDGE_CURVE('',#5387,#5389,#5391,.T.);
#5387 = VERTEX_POINT('',#5388);
#5388 = CARTESIAN_POINT('',(-0.596659,15.0,-11.1));
#5389 = VERTEX_POINT('',#5390);
#5390 = CARTESIAN_POINT('',(-0.035412,15.0,-11.5));
#5391 = SURFACE_CURVE('',#5392,(#5397,#5408),.PCURVE_S1.);
#5392 = CIRCLE('',#5393,0.4);
#5393 = AXIS2_PLACEMENT_3D('',#5394,#5395,#5396);
#5394 = CARTESIAN_POINT('',(-0.035412,15.0,-11.1));
#5395 = DIRECTION('',(-0.,-1.,0.));
#5396 = DIRECTION('',(1.,-0.,0.));
#5397 = PCURVE('',#3760,#5398);
#5398 = DEFINITIONAL_REPRESENTATION('',(#5399),#5407);
#5399 = ( BOUNDED_CURVE() B_SPLINE_CURVE(2,(#5400,#5401,#5402,#5403,
#5404,#5405,#5406),.UNSPECIFIED.,.T.,.F.) B_SPLINE_CURVE_WITH_KNOTS((1,2
    ,2,2,2,1),(-2.094395102393,0.,2.094395102393,4.188790204786,
6.28318530718,8.377580409573),.UNSPECIFIED.) CURVE() 
GEOMETRIC_REPRESENTATION_ITEM() RATIONAL_B_SPLINE_CURVE((1.,0.5,1.,0.5,
1.,0.5,1.)) REPRESENTATION_ITEM('') );
#5400 = CARTESIAN_POINT('',(2.1,-1.23));
#5401 = CARTESIAN_POINT('',(1.407179676972,-1.23));
#5402 = CARTESIAN_POINT('',(1.753589838486,-0.63));
#5403 = CARTESIAN_POINT('',(2.1,-3.E-02));
#5404 = CARTESIAN_POINT('',(2.446410161514,-0.63));
#5405 = CARTESIAN_POINT('',(2.792820323028,-1.23));
#5406 = CARTESIAN_POINT('',(2.1,-1.23));
#5407 = ( GEOMETRIC_REPRESENTATION_CONTEXT(2) 
PARAMETRIC_REPRESENTATION_CONTEXT() REPRESENTATION_CONTEXT('2D SPACE',''
  ) );
#5408 = PCURVE('',#5409,#5414);
#5409 = CYLINDRICAL_SURFACE('',#5410,0.4);
#5410 = AXIS2_PLACEMENT_3D('',#5411,#5412,#5413);
#5411 = CARTESIAN_POINT('',(-0.035412,12.8,-11.1));
#5412 = DIRECTION('',(-0.,-1.,-0.));
#5413 = DIRECTION('',(0.,-0.,1.));
#5414 = DEFINITIONAL_REPRESENTATION('',(#5415),#5419);
#5415 = LINE('',#5416,#5417);
#5416 = CARTESIAN_POINT('',(-1.570796326795,-2.2));
#5417 = VECTOR('',#5418,1.);
#5418 = DIRECTION('',(1.,0.));
#5419 = ( GEOMETRIC_REPRESENTATION_CONTEXT(2) 
PARAMETRIC_REPRESENTATION_CONTEXT() REPRESENTATION_CONTEXT('2D SPACE',''
  ) );
#5420 = ORIENTED_EDGE('',*,*,#5421,.T.);
#5421 = EDGE_CURVE('',#5389,#5422,#5424,.T.);
#5422 = VERTEX_POINT('',#5423);
#5423 = CARTESIAN_POINT('',(0.525835,15.0,-11.1));
#5424 = SURFACE_CURVE('',#5425,(#5430,#5441),.PCURVE_S1.);
#5425 = CIRCLE('',#5426,0.4);
#5426 = AXIS2_PLACEMENT_3D('',#5427,#5428,#5429);
#5427 = CARTESIAN_POINT('',(-0.035412,15.0,-11.1));
#5428 = DIRECTION('',(-0.,-1.,0.));
#5429 = DIRECTION('',(1.,-0.,0.));
#5430 = PCURVE('',#3760,#5431);
#5431 = DEFINITIONAL_REPRESENTATION('',(#5432),#5440);
#5432 = ( BOUNDED_CURVE() B_SPLINE_CURVE(2,(#5433,#5434,#5435,#5436,
#5437,#5438,#5439),.UNSPECIFIED.,.T.,.F.) B_SPLINE_CURVE_WITH_KNOTS((1,2
    ,2,2,2,1),(-2.094395102393,0.,2.094395102393,4.188790204786,
6.28318530718,8.377580409573),.UNSPECIFIED.) CURVE() 
GEOMETRIC_REPRESENTATION_ITEM() RATIONAL_B_SPLINE_CURVE((1.,0.5,1.,0.5,
1.,0.5,1.)) REPRESENTATION_ITEM('') );
#5433 = CARTESIAN_POINT('',(2.1,-1.23));
#5434 = CARTESIAN_POINT('',(1.407179676972,-1.23));
#5435 = CARTESIAN_POINT('',(1.753589838486,-0.63));
#5436 = CARTESIAN_POINT('',(2.1,-3.E-02));
#5437 = CARTESIAN_POINT('',(2.446410161514,-0.63));
#5438 = CARTESIAN_POINT('',(2.792820323028,-1.23));
#5439 = CARTESIAN_POINT('',(2.1,-1.23));
#5440 = ( GEOMETRIC_REPRESENTATION_CONTEXT(2) 
PARAMETRIC_REPRESENTATION_CONTEXT() REPRESENTATION_CONTEXT('2D SPACE',''
  ) );
#5441 = PCURVE('',#5442,#5447);
#5442 = CYLINDRICAL_SURFACE('',#5443,0.4);
#5443 = AXIS2_PLACEMENT_3D('',#5444,#5445,#5446);
#5444 = CARTESIAN_POINT('',(-0.035412,12.8,-11.1));
#5445 = DIRECTION('',(-0.,-1.,-0.));
#5446 = DIRECTION('',(0.,-0.,1.));
#5447 = DEFINITIONAL_REPRESENTATION('',(#5448),#5452);
#5448 = LINE('',#5449,#5450);
#5449 = CARTESIAN_POINT('',(-1.570796326795,-2.2));
#5450 = VECTOR('',#5451,1.);
#5451 = DIRECTION('',(1.,0.));
#5452 = ( GEOMETRIC_REPRESENTATION_CONTEXT(2) 
PARAMETRIC_REPRESENTATION_CONTEXT() REPRESENTATION_CONTEXT('2D SPACE',''
  ) );
#5453 = ORIENTED_EDGE('',*,*,#5454,.T.);
#5454 = EDGE_CURVE('',#5422,#5455,#5457,.T.);
#5455 = VERTEX_POINT('',#5456);
#5456 = CARTESIAN_POINT('',(0.525835,15.0,-7.9));
#5457 = SURFACE_CURVE('',#5458,(#5462,#5469),.PCURVE_S1.);
#5458 = LINE('',#5459,#5460);
#5459 = CARTESIAN_POINT('',(0.525835,15.0,-11.1));
#5460 = VECTOR('',#5461,1.);
#5461 = DIRECTION('',(0.,0.,1.));
#5462 = PCURVE('',#3760,#5463);
#5463 = DEFINITIONAL_REPRESENTATION('',(#5464),#5468);
#5464 = LINE('',#5465,#5466);
#5465 = CARTESIAN_POINT('',(2.1,-1.23));
#5466 = VECTOR('',#5467,1.);
#5467 = DIRECTION('',(-1.,0.));
#5468 = ( GEOMETRIC_REPRESENTATION_CONTEXT(2) 
PARAMETRIC_REPRESENTATION_CONTEXT() REPRESENTATION_CONTEXT('2D SPACE',''
  ) );
#5469 = PCURVE('',#5470,#5475);
#5470 = PLANE('',#5471);
#5471 = AXIS2_PLACEMENT_3D('',#5472,#5473,#5474);
#5472 = CARTESIAN_POINT('',(0.525835,12.8,-9.5));
#5473 = DIRECTION('',(-1.,0.,0.));
#5474 = DIRECTION('',(0.,0.,1.));
#5475 = DEFINITIONAL_REPRESENTATION('',(#5476),#5480);
#5476 = LINE('',#5477,#5478);
#5477 = CARTESIAN_POINT('',(-1.6,2.2));
#5478 = VECTOR('',#5479,1.);
#5479 = DIRECTION('',(1.,0.));
#5480 = ( GEOMETRIC_REPRESENTATION_CONTEXT(2) 
PARAMETRIC_REPRESENTATION_CONTEXT() REPRESENTATION_CONTEXT('2D SPACE',''
  ) );
#5481 = ORIENTED_EDGE('',*,*,#5482,.T.);
#5482 = EDGE_CURVE('',#5455,#5483,#5485,.T.);
#5483 = VERTEX_POINT('',#5484);
#5484 = CARTESIAN_POINT('',(-0.035412,15.0,-7.5));
#5485 = SURFACE_CURVE('',#5486,(#5491,#5502),.PCURVE_S1.);
#5486 = CIRCLE('',#5487,0.4);
#5487 = AXIS2_PLACEMENT_3D('',#5488,#5489,#5490);
#5488 = CARTESIAN_POINT('',(-0.035412,15.0,-7.9));
#5489 = DIRECTION('',(-0.,-1.,0.));
#5490 = DIRECTION('',(1.,-0.,0.));
#5491 = PCURVE('',#3760,#5492);
#5492 = DEFINITIONAL_REPRESENTATION('',(#5493),#5501);
#5493 = ( BOUNDED_CURVE() B_SPLINE_CURVE(2,(#5494,#5495,#5496,#5497,
#5498,#5499,#5500),.UNSPECIFIED.,.T.,.F.) B_SPLINE_CURVE_WITH_KNOTS((1,2
    ,2,2,2,1),(-2.094395102393,0.,2.094395102393,4.188790204786,
6.28318530718,8.377580409573),.UNSPECIFIED.) CURVE() 
GEOMETRIC_REPRESENTATION_ITEM() RATIONAL_B_SPLINE_CURVE((1.,0.5,1.,0.5,
1.,0.5,1.)) REPRESENTATION_ITEM('') );
#5494 = CARTESIAN_POINT('',(-1.1,-1.23));
#5495 = CARTESIAN_POINT('',(-1.792820323028,-1.23));
#5496 = CARTESIAN_POINT('',(-1.446410161514,-0.63));
#5497 = CARTESIAN_POINT('',(-1.1,-3.E-02));
#5498 = CARTESIAN_POINT('',(-0.753589838486,-0.63));
#5499 = CARTESIAN_POINT('',(-0.407179676972,-1.23));
#5500 = CARTESIAN_POINT('',(-1.1,-1.23));
#5501 = ( GEOMETRIC_REPRESENTATION_CONTEXT(2) 
PARAMETRIC_REPRESENTATION_CONTEXT() REPRESENTATION_CONTEXT('2D SPACE',''
  ) );
#5502 = PCURVE('',#5503,#5508);
#5503 = CYLINDRICAL_SURFACE('',#5504,0.4);
#5504 = AXIS2_PLACEMENT_3D('',#5505,#5506,#5507);
#5505 = CARTESIAN_POINT('',(-0.035412,12.8,-7.9));
#5506 = DIRECTION('',(-0.,-1.,-0.));
#5507 = DIRECTION('',(0.,-0.,1.));
#5508 = DEFINITIONAL_REPRESENTATION('',(#5509),#5513);
#5509 = LINE('',#5510,#5511);
#5510 = CARTESIAN_POINT('',(4.712388980385,-2.2));
#5511 = VECTOR('',#5512,1.);
#5512 = DIRECTION('',(1.,0.));
#5513 = ( GEOMETRIC_REPRESENTATION_CONTEXT(2) 
PARAMETRIC_REPRESENTATION_CONTEXT() REPRESENTATION_CONTEXT('2D SPACE',''
  ) );
#5514 = ORIENTED_EDGE('',*,*,#5515,.T.);
#5515 = EDGE_CURVE('',#5483,#5516,#5518,.T.);
#5516 = VERTEX_POINT('',#5517);
#5517 = CARTESIAN_POINT('',(-0.596659,15.0,-7.9));
#5518 = SURFACE_CURVE('',#5519,(#5524,#5535),.PCURVE_S1.);
#5519 = CIRCLE('',#5520,0.4);
#5520 = AXIS2_PLACEMENT_3D('',#5521,#5522,#5523);
#5521 = CARTESIAN_POINT('',(-0.035412,15.0,-7.9));
#5522 = DIRECTION('',(-0.,-1.,0.));
#5523 = DIRECTION('',(1.,-0.,0.));
#5524 = PCURVE('',#3760,#5525);
#5525 = DEFINITIONAL_REPRESENTATION('',(#5526),#5534);
#5526 = ( BOUNDED_CURVE() B_SPLINE_CURVE(2,(#5527,#5528,#5529,#5530,
#5531,#5532,#5533),.UNSPECIFIED.,.T.,.F.) B_SPLINE_CURVE_WITH_KNOTS((1,2
    ,2,2,2,1),(-2.094395102393,0.,2.094395102393,4.188790204786,
6.28318530718,8.377580409573),.UNSPECIFIED.) CURVE() 
GEOMETRIC_REPRESENTATION_ITEM() RATIONAL_B_SPLINE_CURVE((1.,0.5,1.,0.5,
1.,0.5,1.)) REPRESENTATION_ITEM('') );
#5527 = CARTESIAN_POINT('',(-1.1,-1.23));
#5528 = CARTESIAN_POINT('',(-1.792820323028,-1.23));
#5529 = CARTESIAN_POINT('',(-1.446410161514,-0.63));
#5530 = CARTESIAN_POINT('',(-1.1,-3.E-02));
#5531 = CARTESIAN_POINT('',(-0.753589838486,-0.63));
#5532 = CARTESIAN_POINT('',(-0.407179676972,-1.23));
#5533 = CARTESIAN_POINT('',(-1.1,-1.23));
#5534 = ( GEOMETRIC_REPRESENTATION_CONTEXT(2) 
PARAMETRIC_REPRESENTATION_CONTEXT() REPRESENTATION_CONTEXT('2D SPACE',''
  ) );
#5535 = PCURVE('',#5536,#5541);
#5536 = CYLINDRICAL_SURFACE('',#5537,0.4);
#5537 = AXIS2_PLACEMENT_3D('',#5538,#5539,#5540);
#5538 = CARTESIAN_POINT('',(-0.035412,12.8,-7.9));
#5539 = DIRECTION('',(-0.,-1.,-0.));
#5540 = DIRECTION('',(0.,-0.,1.));
#5541 = DEFINITIONAL_REPRESENTATION('',(#5542),#5546);
#5542 = LINE('',#5543,#5544);
#5543 = CARTESIAN_POINT('',(-1.570796326795,-2.2));
#5544 = VECTOR('',#5545,1.);
#5545 = DIRECTION('',(1.,0.));
#5546 = ( GEOMETRIC_REPRESENTATION_CONTEXT(2) 
PARAMETRIC_REPRESENTATION_CONTEXT() REPRESENTATION_CONTEXT('2D SPACE',''
  ) );
#5547 = ORIENTED_EDGE('',*,*,#5548,.T.);
#5548 = EDGE_CURVE('',#5516,#5387,#5549,.T.);
#5549 = SURFACE_CURVE('',#5550,(#5554,#5561),.PCURVE_S1.);
#5550 = LINE('',#5551,#5552);
#5551 = CARTESIAN_POINT('',(-0.596659,15.0,-7.9));
#5552 = VECTOR('',#5553,1.);
#5553 = DIRECTION('',(-0.,-0.,-1.));
#5554 = PCURVE('',#3760,#5555);
#5555 = DEFINITIONAL_REPRESENTATION('',(#5556),#5560);
#5556 = LINE('',#5557,#5558);
#5557 = CARTESIAN_POINT('',(-1.1,-0.43));
#5558 = VECTOR('',#5559,1.);
#5559 = DIRECTION('',(1.,0.));
#5560 = ( GEOMETRIC_REPRESENTATION_CONTEXT(2) 
PARAMETRIC_REPRESENTATION_CONTEXT() REPRESENTATION_CONTEXT('2D SPACE',''
  ) );
#5561 = PCURVE('',#5562,#5567);
#5562 = PLANE('',#5563);
#5563 = AXIS2_PLACEMENT_3D('',#5564,#5565,#5566);
#5564 = CARTESIAN_POINT('',(-0.596659,12.8,-9.5));
#5565 = DIRECTION('',(1.,-0.,-0.));
#5566 = DIRECTION('',(-0.,-0.,-1.));
#5567 = DEFINITIONAL_REPRESENTATION('',(#5568),#5572);
#5568 = LINE('',#5569,#5570);
#5569 = CARTESIAN_POINT('',(-1.6,2.2));
#5570 = VECTOR('',#5571,1.);
#5571 = DIRECTION('',(1.,0.));
#5572 = ( GEOMETRIC_REPRESENTATION_CONTEXT(2) 
PARAMETRIC_REPRESENTATION_CONTEXT() REPRESENTATION_CONTEXT('2D SPACE',''
  ) );
#5573 = ADVANCED_FACE('',(#5574,#5649,#5809,#5969,#6129),#3350,.T.);
#5574 = FACE_BOUND('',#5575,.T.);
#5575 = EDGE_LOOP('',(#5576,#5577,#5600,#5628));
#5576 = ORIENTED_EDGE('',*,*,#3334,.F.);
#5577 = ORIENTED_EDGE('',*,*,#5578,.F.);
#5578 = EDGE_CURVE('',#5579,#3307,#5581,.T.);
#5579 = VERTEX_POINT('',#5580);
#5580 = CARTESIAN_POINT('',(10.024944,13.5,-5.0));
#5581 = SURFACE_CURVE('',#5582,(#5586,#5593),.PCURVE_S1.);
#5582 = LINE('',#5583,#5584);
#5583 = CARTESIAN_POINT('',(10.024944,13.5,-5.0));
#5584 = VECTOR('',#5585,1.);
#5585 = DIRECTION('',(-0.,-0.,-1.));
#5586 = PCURVE('',#3350,#5587);
#5587 = DEFINITIONAL_REPRESENTATION('',(#5588),#5592);
#5588 = LINE('',#5589,#5590);
#5589 = CARTESIAN_POINT('',(0.,-8.));
#5590 = VECTOR('',#5591,1.);
#5591 = DIRECTION('',(-1.,0.));
#5592 = ( GEOMETRIC_REPRESENTATION_CONTEXT(2) 
PARAMETRIC_REPRESENTATION_CONTEXT() REPRESENTATION_CONTEXT('2D SPACE',''
  ) );
#5593 = PCURVE('',#3322,#5594);
#5594 = DEFINITIONAL_REPRESENTATION('',(#5595),#5599);
#5595 = LINE('',#5596,#5597);
#5596 = CARTESIAN_POINT('',(2.5,0.));
#5597 = VECTOR('',#5598,1.);
#5598 = DIRECTION('',(0.,1.));
#5599 = ( GEOMETRIC_REPRESENTATION_CONTEXT(2) 
PARAMETRIC_REPRESENTATION_CONTEXT() REPRESENTATION_CONTEXT('2D SPACE',''
  ) );
#5600 = ORIENTED_EDGE('',*,*,#5601,.T.);
#5601 = EDGE_CURVE('',#5579,#5602,#5604,.T.);
#5602 = VERTEX_POINT('',#5603);
#5603 = CARTESIAN_POINT('',(-12.424944,13.5,-5.0));
#5604 = SURFACE_CURVE('',#5605,(#5609,#5616),.PCURVE_S1.);
#5605 = LINE('',#5606,#5607);
#5606 = CARTESIAN_POINT('',(10.024944,13.5,-5.0));
#5607 = VECTOR('',#5608,1.);
#5608 = DIRECTION('',(-1.,0.,0.));
#5609 = PCURVE('',#3350,#5610);
#5610 = DEFINITIONAL_REPRESENTATION('',(#5611),#5615);
#5611 = LINE('',#5612,#5613);
#5612 = CARTESIAN_POINT('',(0.,-8.));
#5613 = VECTOR('',#5614,1.);
#5614 = DIRECTION('',(0.,1.));
#5615 = ( GEOMETRIC_REPRESENTATION_CONTEXT(2) 
PARAMETRIC_REPRESENTATION_CONTEXT() REPRESENTATION_CONTEXT('2D SPACE',''
  ) );
#5616 = PCURVE('',#5617,#5622);
#5617 = PLANE('',#5618);
#5618 = AXIS2_PLACEMENT_3D('',#5619,#5620,#5621);
#5619 = CARTESIAN_POINT('',(-1.200000,-14.2,-5.0));
#5620 = DIRECTION('',(-0.,-0.,-1.));
#5621 = DIRECTION('',(0.,-1.,0.));
#5622 = DEFINITIONAL_REPRESENTATION('',(#5623),#5627);
#5623 = LINE('',#5624,#5625);
#5624 = CARTESIAN_POINT('',(-27.7,-8.));
#5625 = VECTOR('',#5626,1.);
#5626 = DIRECTION('',(0.,1.));
#5627 = ( GEOMETRIC_REPRESENTATION_CONTEXT(2) 
PARAMETRIC_REPRESENTATION_CONTEXT() REPRESENTATION_CONTEXT('2D SPACE',''
  ) );
#5628 = ORIENTED_EDGE('',*,*,#5629,.T.);
#5629 = EDGE_CURVE('',#5602,#3335,#5630,.T.);
#5630 = SURFACE_CURVE('',#5631,(#5635,#5642),.PCURVE_S1.);
#5631 = LINE('',#5632,#5633);
#5632 = CARTESIAN_POINT('',(-12.424944,13.5,-5.0));
#5633 = VECTOR('',#5634,1.);
#5634 = DIRECTION('',(-0.,-0.,-1.));
#5635 = PCURVE('',#3350,#5636);
#5636 = DEFINITIONAL_REPRESENTATION('',(#5637),#5641);
#5637 = LINE('',#5638,#5639);
#5638 = CARTESIAN_POINT('',(0.,8.));
#5639 = VECTOR('',#5640,1.);
#5640 = DIRECTION('',(-1.,0.));
#5641 = ( GEOMETRIC_REPRESENTATION_CONTEXT(2) 
PARAMETRIC_REPRESENTATION_CONTEXT() REPRESENTATION_CONTEXT('2D SPACE',''
  ) );
#5642 = PCURVE('',#3378,#5643);
#5643 = DEFINITIONAL_REPRESENTATION('',(#5644),#5648);
#5644 = LINE('',#5645,#5646);
#5645 = CARTESIAN_POINT('',(-0.,2.5));
#5646 = VECTOR('',#5647,1.);
#5647 = DIRECTION('',(1.,0.));
#5648 = ( GEOMETRIC_REPRESENTATION_CONTEXT(2) 
PARAMETRIC_REPRESENTATION_CONTEXT() REPRESENTATION_CONTEXT('2D SPACE',''
  ) );
#5649 = FACE_BOUND('',#5650,.T.);
#5650 = EDGE_LOOP('',(#5651,#5681,#5709,#5732,#5760,#5788));
#5651 = ORIENTED_EDGE('',*,*,#5652,.T.);
#5652 = EDGE_CURVE('',#5653,#5655,#5657,.T.);
#5653 = VERTEX_POINT('',#5654);
#5654 = CARTESIAN_POINT('',(1.704454,13.5,-7.9));
#5655 = VERTEX_POINT('',#5656);
#5656 = CARTESIAN_POINT('',(2.265701,13.5,-7.5));
#5657 = SURFACE_CURVE('',#5658,(#5663,#5674),.PCURVE_S1.);
#5658 = CIRCLE('',#5659,0.4);
#5659 = AXIS2_PLACEMENT_3D('',#5660,#5661,#5662);
#5660 = CARTESIAN_POINT('',(2.265701,13.5,-7.9));
#5661 = DIRECTION('',(0.,1.,0.));
#5662 = DIRECTION('',(-1.,0.,0.));
#5663 = PCURVE('',#3350,#5664);
#5664 = DEFINITIONAL_REPRESENTATION('',(#5665),#5673);
#5665 = ( BOUNDED_CURVE() B_SPLINE_CURVE(2,(#5666,#5667,#5668,#5669,
#5670,#5671,#5672),.UNSPECIFIED.,.T.,.F.) B_SPLINE_CURVE_WITH_KNOTS((1,2
    ,2,2,2,1),(-2.094395102393,0.,2.094395102393,4.188790204786,
6.28318530718,8.377580409573),.UNSPECIFIED.) CURVE() 
GEOMETRIC_REPRESENTATION_ITEM() RATIONAL_B_SPLINE_CURVE((1.,0.5,1.,0.5,
1.,0.5,1.)) REPRESENTATION_ITEM('') );
#5666 = CARTESIAN_POINT('',(-2.9,-2.07));
#5667 = CARTESIAN_POINT('',(-2.207179676972,-2.07));
#5668 = CARTESIAN_POINT('',(-2.553589838486,-2.67));
#5669 = CARTESIAN_POINT('',(-2.9,-3.27));
#5670 = CARTESIAN_POINT('',(-3.246410161514,-2.67));
#5671 = CARTESIAN_POINT('',(-3.592820323028,-2.07));
#5672 = CARTESIAN_POINT('',(-2.9,-2.07));
#5673 = ( GEOMETRIC_REPRESENTATION_CONTEXT(2) 
PARAMETRIC_REPRESENTATION_CONTEXT() REPRESENTATION_CONTEXT('2D SPACE',''
  ) );
#5674 = PCURVE('',#4992,#5675);
#5675 = DEFINITIONAL_REPRESENTATION('',(#5676),#5680);
#5676 = LINE('',#5677,#5678);
#5677 = CARTESIAN_POINT('',(1.570796326795,-0.7));
#5678 = VECTOR('',#5679,1.);
#5679 = DIRECTION('',(-1.,0.));
#5680 = ( GEOMETRIC_REPRESENTATION_CONTEXT(2) 
PARAMETRIC_REPRESENTATION_CONTEXT() REPRESENTATION_CONTEXT('2D SPACE',''
  ) );
#5681 = ORIENTED_EDGE('',*,*,#5682,.T.);
#5682 = EDGE_CURVE('',#5655,#5683,#5685,.T.);
#5683 = VERTEX_POINT('',#5684);
#5684 = CARTESIAN_POINT('',(2.826949,13.5,-7.9));
#5685 = SURFACE_CURVE('',#5686,(#5691,#5702),.PCURVE_S1.);
#5686 = CIRCLE('',#5687,0.4);
#5687 = AXIS2_PLACEMENT_3D('',#5688,#5689,#5690);
#5688 = CARTESIAN_POINT('',(2.265701,13.5,-7.9));
#5689 = DIRECTION('',(0.,1.,0.));
#5690 = DIRECTION('',(-1.,0.,0.));
#5691 = PCURVE('',#3350,#5692);
#5692 = DEFINITIONAL_REPRESENTATION('',(#5693),#5701);
#5693 = ( BOUNDED_CURVE() B_SPLINE_CURVE(2,(#5694,#5695,#5696,#5697,
#5698,#5699,#5700),.UNSPECIFIED.,.T.,.F.) B_SPLINE_CURVE_WITH_KNOTS((1,2
    ,2,2,2,1),(-2.094395102393,0.,2.094395102393,4.188790204786,
6.28318530718,8.377580409573),.UNSPECIFIED.) CURVE() 
GEOMETRIC_REPRESENTATION_ITEM() RATIONAL_B_SPLINE_CURVE((1.,0.5,1.,0.5,
1.,0.5,1.)) REPRESENTATION_ITEM('') );
#5694 = CARTESIAN_POINT('',(-2.9,-2.07));
#5695 = CARTESIAN_POINT('',(-2.207179676972,-2.07));
#5696 = CARTESIAN_POINT('',(-2.553589838486,-2.67));
#5697 = CARTESIAN_POINT('',(-2.9,-3.27));
#5698 = CARTESIAN_POINT('',(-3.246410161514,-2.67));
#5699 = CARTESIAN_POINT('',(-3.592820323028,-2.07));
#5700 = CARTESIAN_POINT('',(-2.9,-2.07));
#5701 = ( GEOMETRIC_REPRESENTATION_CONTEXT(2) 
PARAMETRIC_REPRESENTATION_CONTEXT() REPRESENTATION_CONTEXT('2D SPACE',''
  ) );
#5702 = PCURVE('',#4961,#5703);
#5703 = DEFINITIONAL_REPRESENTATION('',(#5704),#5708);
#5704 = LINE('',#5705,#5706);
#5705 = CARTESIAN_POINT('',(7.853981633974,-0.7));
#5706 = VECTOR('',#5707,1.);
#5707 = DIRECTION('',(-1.,0.));
#5708 = ( GEOMETRIC_REPRESENTATION_CONTEXT(2) 
PARAMETRIC_REPRESENTATION_CONTEXT() REPRESENTATION_CONTEXT('2D SPACE',''
  ) );
#5709 = ORIENTED_EDGE('',*,*,#5710,.T.);
#5710 = EDGE_CURVE('',#5683,#5711,#5713,.T.);
#5711 = VERTEX_POINT('',#5712);
#5712 = CARTESIAN_POINT('',(2.826949,13.5,-11.1));
#5713 = SURFACE_CURVE('',#5714,(#5718,#5725),.PCURVE_S1.);
#5714 = LINE('',#5715,#5716);
#5715 = CARTESIAN_POINT('',(2.826949,13.5,-7.9));
#5716 = VECTOR('',#5717,1.);
#5717 = DIRECTION('',(-0.,-0.,-1.));
#5718 = PCURVE('',#3350,#5719);
#5719 = DEFINITIONAL_REPRESENTATION('',(#5720),#5724);
#5720 = LINE('',#5721,#5722);
#5721 = CARTESIAN_POINT('',(-2.9,-2.87));
#5722 = VECTOR('',#5723,1.);
#5723 = DIRECTION('',(-1.,0.));
#5724 = ( GEOMETRIC_REPRESENTATION_CONTEXT(2) 
PARAMETRIC_REPRESENTATION_CONTEXT() REPRESENTATION_CONTEXT('2D SPACE',''
  ) );
#5725 = PCURVE('',#4928,#5726);
#5726 = DEFINITIONAL_REPRESENTATION('',(#5727),#5731);
#5727 = LINE('',#5728,#5729);
#5728 = CARTESIAN_POINT('',(1.6,0.7));
#5729 = VECTOR('',#5730,1.);
#5730 = DIRECTION('',(-1.,0.));
#5731 = ( GEOMETRIC_REPRESENTATION_CONTEXT(2) 
PARAMETRIC_REPRESENTATION_CONTEXT() REPRESENTATION_CONTEXT('2D SPACE',''
  ) );
#5732 = ORIENTED_EDGE('',*,*,#5733,.T.);
#5733 = EDGE_CURVE('',#5711,#5734,#5736,.T.);
#5734 = VERTEX_POINT('',#5735);
#5735 = CARTESIAN_POINT('',(2.265701,13.5,-11.5));
#5736 = SURFACE_CURVE('',#5737,(#5742,#5753),.PCURVE_S1.);
#5737 = CIRCLE('',#5738,0.4);
#5738 = AXIS2_PLACEMENT_3D('',#5739,#5740,#5741);
#5739 = CARTESIAN_POINT('',(2.265701,13.5,-11.1));
#5740 = DIRECTION('',(0.,1.,0.));
#5741 = DIRECTION('',(-1.,0.,0.));
#5742 = PCURVE('',#3350,#5743);
#5743 = DEFINITIONAL_REPRESENTATION('',(#5744),#5752);
#5744 = ( BOUNDED_CURVE() B_SPLINE_CURVE(2,(#5745,#5746,#5747,#5748,
#5749,#5750,#5751),.UNSPECIFIED.,.T.,.F.) B_SPLINE_CURVE_WITH_KNOTS((1,2
    ,2,2,2,1),(-2.094395102393,0.,2.094395102393,4.188790204786,
6.28318530718,8.377580409573),.UNSPECIFIED.) CURVE() 
GEOMETRIC_REPRESENTATION_ITEM() RATIONAL_B_SPLINE_CURVE((1.,0.5,1.,0.5,
1.,0.5,1.)) REPRESENTATION_ITEM('') );
#5745 = CARTESIAN_POINT('',(-6.1,-2.07));
#5746 = CARTESIAN_POINT('',(-5.407179676972,-2.07));
#5747 = CARTESIAN_POINT('',(-5.753589838486,-2.67));
#5748 = CARTESIAN_POINT('',(-6.1,-3.27));
#5749 = CARTESIAN_POINT('',(-6.446410161514,-2.67));
#5750 = CARTESIAN_POINT('',(-6.792820323028,-2.07));
#5751 = CARTESIAN_POINT('',(-6.1,-2.07));
#5752 = ( GEOMETRIC_REPRESENTATION_CONTEXT(2) 
PARAMETRIC_REPRESENTATION_CONTEXT() REPRESENTATION_CONTEXT('2D SPACE',''
  ) );
#5753 = PCURVE('',#4900,#5754);
#5754 = DEFINITIONAL_REPRESENTATION('',(#5755),#5759);
#5755 = LINE('',#5756,#5757);
#5756 = CARTESIAN_POINT('',(7.853981633974,-0.7));
#5757 = VECTOR('',#5758,1.);
#5758 = DIRECTION('',(-1.,0.));
#5759 = ( GEOMETRIC_REPRESENTATION_CONTEXT(2) 
PARAMETRIC_REPRESENTATION_CONTEXT() REPRESENTATION_CONTEXT('2D SPACE',''
  ) );
#5760 = ORIENTED_EDGE('',*,*,#5761,.T.);
#5761 = EDGE_CURVE('',#5734,#5762,#5764,.T.);
#5762 = VERTEX_POINT('',#5763);
#5763 = CARTESIAN_POINT('',(1.704454,13.5,-11.1));
#5764 = SURFACE_CURVE('',#5765,(#5770,#5781),.PCURVE_S1.);
#5765 = CIRCLE('',#5766,0.4);
#5766 = AXIS2_PLACEMENT_3D('',#5767,#5768,#5769);
#5767 = CARTESIAN_POINT('',(2.265701,13.5,-11.1));
#5768 = DIRECTION('',(0.,1.,0.));
#5769 = DIRECTION('',(-1.,0.,0.));
#5770 = PCURVE('',#3350,#5771);
#5771 = DEFINITIONAL_REPRESENTATION('',(#5772),#5780);
#5772 = ( BOUNDED_CURVE() B_SPLINE_CURVE(2,(#5773,#5774,#5775,#5776,
#5777,#5778,#5779),.UNSPECIFIED.,.T.,.F.) B_SPLINE_CURVE_WITH_KNOTS((1,2
    ,2,2,2,1),(-2.094395102393,0.,2.094395102393,4.188790204786,
6.28318530718,8.377580409573),.UNSPECIFIED.) CURVE() 
GEOMETRIC_REPRESENTATION_ITEM() RATIONAL_B_SPLINE_CURVE((1.,0.5,1.,0.5,
1.,0.5,1.)) REPRESENTATION_ITEM('') );
#5773 = CARTESIAN_POINT('',(-6.1,-2.07));
#5774 = CARTESIAN_POINT('',(-5.407179676972,-2.07));
#5775 = CARTESIAN_POINT('',(-5.753589838486,-2.67));
#5776 = CARTESIAN_POINT('',(-6.1,-3.27));
#5777 = CARTESIAN_POINT('',(-6.446410161514,-2.67));
#5778 = CARTESIAN_POINT('',(-6.792820323028,-2.07));
#5779 = CARTESIAN_POINT('',(-6.1,-2.07));
#5780 = ( GEOMETRIC_REPRESENTATION_CONTEXT(2) 
PARAMETRIC_REPRESENTATION_CONTEXT() REPRESENTATION_CONTEXT('2D SPACE',''
  ) );
#5781 = PCURVE('',#4867,#5782);
#5782 = DEFINITIONAL_REPRESENTATION('',(#5783),#5787);
#5783 = LINE('',#5784,#5785);
#5784 = CARTESIAN_POINT('',(7.853981633974,-0.7));
#5785 = VECTOR('',#5786,1.);
#5786 = DIRECTION('',(-1.,0.));
#5787 = ( GEOMETRIC_REPRESENTATION_CONTEXT(2) 
PARAMETRIC_REPRESENTATION_CONTEXT() REPRESENTATION_CONTEXT('2D SPACE',''
  ) );
#5788 = ORIENTED_EDGE('',*,*,#5789,.T.);
#5789 = EDGE_CURVE('',#5762,#5653,#5790,.T.);
#5790 = SURFACE_CURVE('',#5791,(#5795,#5802),.PCURVE_S1.);
#5791 = LINE('',#5792,#5793);
#5792 = CARTESIAN_POINT('',(1.704454,13.5,-11.1));
#5793 = VECTOR('',#5794,1.);
#5794 = DIRECTION('',(0.,0.,1.));
#5795 = PCURVE('',#3350,#5796);
#5796 = DEFINITIONAL_REPRESENTATION('',(#5797),#5801);
#5797 = LINE('',#5798,#5799);
#5798 = CARTESIAN_POINT('',(-6.1,-2.07));
#5799 = VECTOR('',#5800,1.);
#5800 = DIRECTION('',(1.,0.));
#5801 = ( GEOMETRIC_REPRESENTATION_CONTEXT(2) 
PARAMETRIC_REPRESENTATION_CONTEXT() REPRESENTATION_CONTEXT('2D SPACE',''
  ) );
#5802 = PCURVE('',#4834,#5803);
#5803 = DEFINITIONAL_REPRESENTATION('',(#5804),#5808);
#5804 = LINE('',#5805,#5806);
#5805 = CARTESIAN_POINT('',(1.6,0.7));
#5806 = VECTOR('',#5807,1.);
#5807 = DIRECTION('',(-1.,0.));
#5808 = ( GEOMETRIC_REPRESENTATION_CONTEXT(2) 
PARAMETRIC_REPRESENTATION_CONTEXT() REPRESENTATION_CONTEXT('2D SPACE',''
  ) );
#5809 = FACE_BOUND('',#5810,.T.);
#5810 = EDGE_LOOP('',(#5811,#5841,#5869,#5892,#5920,#5948));
#5811 = ORIENTED_EDGE('',*,*,#5812,.T.);
#5812 = EDGE_CURVE('',#5813,#5815,#5817,.T.);
#5813 = VERTEX_POINT('',#5814);
#5814 = CARTESIAN_POINT('',(-2.897773,13.5,-7.9));
#5815 = VERTEX_POINT('',#5816);
#5816 = CARTESIAN_POINT('',(-2.336526,13.5,-7.5));
#5817 = SURFACE_CURVE('',#5818,(#5823,#5834),.PCURVE_S1.);
#5818 = CIRCLE('',#5819,0.4);
#5819 = AXIS2_PLACEMENT_3D('',#5820,#5821,#5822);
#5820 = CARTESIAN_POINT('',(-2.336526,13.5,-7.9));
#5821 = DIRECTION('',(0.,1.,0.));
#5822 = DIRECTION('',(-1.,0.,0.));
#5823 = PCURVE('',#3350,#5824);
#5824 = DEFINITIONAL_REPRESENTATION('',(#5825),#5833);
#5825 = ( BOUNDED_CURVE() B_SPLINE_CURVE(2,(#5826,#5827,#5828,#5829,
#5830,#5831,#5832),.UNSPECIFIED.,.T.,.F.) B_SPLINE_CURVE_WITH_KNOTS((1,2
    ,2,2,2,1),(-2.094395102393,0.,2.094395102393,4.188790204786,
6.28318530718,8.377580409573),.UNSPECIFIED.) CURVE() 
GEOMETRIC_REPRESENTATION_ITEM() RATIONAL_B_SPLINE_CURVE((1.,0.5,1.,0.5,
1.,0.5,1.)) REPRESENTATION_ITEM('') );
#5826 = CARTESIAN_POINT('',(-2.9,1.21));
#5827 = CARTESIAN_POINT('',(-2.207179676972,1.21));
#5828 = CARTESIAN_POINT('',(-2.553589838486,0.61));
#5829 = CARTESIAN_POINT('',(-2.9,1.E-02));
#5830 = CARTESIAN_POINT('',(-3.246410161514,0.61));
#5831 = CARTESIAN_POINT('',(-3.592820323028,1.21));
#5832 = CARTESIAN_POINT('',(-2.9,1.21));
#5833 = ( GEOMETRIC_REPRESENTATION_CONTEXT(2) 
PARAMETRIC_REPRESENTATION_CONTEXT() REPRESENTATION_CONTEXT('2D SPACE',''
  ) );
#5834 = PCURVE('',#5182,#5835);
#5835 = DEFINITIONAL_REPRESENTATION('',(#5836),#5840);
#5836 = LINE('',#5837,#5838);
#5837 = CARTESIAN_POINT('',(1.570796326795,-0.7));
#5838 = VECTOR('',#5839,1.);
#5839 = DIRECTION('',(-1.,0.));
#5840 = ( GEOMETRIC_REPRESENTATION_CONTEXT(2) 
PARAMETRIC_REPRESENTATION_CONTEXT() REPRESENTATION_CONTEXT('2D SPACE',''
  ) );
#5841 = ORIENTED_EDGE('',*,*,#5842,.T.);
#5842 = EDGE_CURVE('',#5815,#5843,#5845,.T.);
#5843 = VERTEX_POINT('',#5844);
#5844 = CARTESIAN_POINT('',(-1.775278,13.5,-7.9));
#5845 = SURFACE_CURVE('',#5846,(#5851,#5862),.PCURVE_S1.);
#5846 = CIRCLE('',#5847,0.4);
#5847 = AXIS2_PLACEMENT_3D('',#5848,#5849,#5850);
#5848 = CARTESIAN_POINT('',(-2.336526,13.5,-7.9));
#5849 = DIRECTION('',(0.,1.,0.));
#5850 = DIRECTION('',(-1.,0.,0.));
#5851 = PCURVE('',#3350,#5852);
#5852 = DEFINITIONAL_REPRESENTATION('',(#5853),#5861);
#5853 = ( BOUNDED_CURVE() B_SPLINE_CURVE(2,(#5854,#5855,#5856,#5857,
#5858,#5859,#5860),.UNSPECIFIED.,.T.,.F.) B_SPLINE_CURVE_WITH_KNOTS((1,2
    ,2,2,2,1),(-2.094395102393,0.,2.094395102393,4.188790204786,
6.28318530718,8.377580409573),.UNSPECIFIED.) CURVE() 
GEOMETRIC_REPRESENTATION_ITEM() RATIONAL_B_SPLINE_CURVE((1.,0.5,1.,0.5,
1.,0.5,1.)) REPRESENTATION_ITEM('') );
#5854 = CARTESIAN_POINT('',(-2.9,1.21));
#5855 = CARTESIAN_POINT('',(-2.207179676972,1.21));
#5856 = CARTESIAN_POINT('',(-2.553589838486,0.61));
#5857 = CARTESIAN_POINT('',(-2.9,1.E-02));
#5858 = CARTESIAN_POINT('',(-3.246410161514,0.61));
#5859 = CARTESIAN_POINT('',(-3.592820323028,1.21));
#5860 = CARTESIAN_POINT('',(-2.9,1.21));
#5861 = ( GEOMETRIC_REPRESENTATION_CONTEXT(2) 
PARAMETRIC_REPRESENTATION_CONTEXT() REPRESENTATION_CONTEXT('2D SPACE',''
  ) );
#5862 = PCURVE('',#5151,#5863);
#5863 = DEFINITIONAL_REPRESENTATION('',(#5864),#5868);
#5864 = LINE('',#5865,#5866);
#5865 = CARTESIAN_POINT('',(7.853981633974,-0.7));
#5866 = VECTOR('',#5867,1.);
#5867 = DIRECTION('',(-1.,0.));
#5868 = ( GEOMETRIC_REPRESENTATION_CONTEXT(2) 
PARAMETRIC_REPRESENTATION_CONTEXT() REPRESENTATION_CONTEXT('2D SPACE',''
  ) );
#5869 = ORIENTED_EDGE('',*,*,#5870,.T.);
#5870 = EDGE_CURVE('',#5843,#5871,#5873,.T.);
#5871 = VERTEX_POINT('',#5872);
#5872 = CARTESIAN_POINT('',(-1.775278,13.5,-11.1));
#5873 = SURFACE_CURVE('',#5874,(#5878,#5885),.PCURVE_S1.);
#5874 = LINE('',#5875,#5876);
#5875 = CARTESIAN_POINT('',(-1.775278,13.5,-7.9));
#5876 = VECTOR('',#5877,1.);
#5877 = DIRECTION('',(-0.,-0.,-1.));
#5878 = PCURVE('',#3350,#5879);
#5879 = DEFINITIONAL_REPRESENTATION('',(#5880),#5884);
#5880 = LINE('',#5881,#5882);
#5881 = CARTESIAN_POINT('',(-2.9,0.41));
#5882 = VECTOR('',#5883,1.);
#5883 = DIRECTION('',(-1.,0.));
#5884 = ( GEOMETRIC_REPRESENTATION_CONTEXT(2) 
PARAMETRIC_REPRESENTATION_CONTEXT() REPRESENTATION_CONTEXT('2D SPACE',''
  ) );
#5885 = PCURVE('',#5118,#5886);
#5886 = DEFINITIONAL_REPRESENTATION('',(#5887),#5891);
#5887 = LINE('',#5888,#5889);
#5888 = CARTESIAN_POINT('',(1.6,0.7));
#5889 = VECTOR('',#5890,1.);
#5890 = DIRECTION('',(-1.,0.));
#5891 = ( GEOMETRIC_REPRESENTATION_CONTEXT(2) 
PARAMETRIC_REPRESENTATION_CONTEXT() REPRESENTATION_CONTEXT('2D SPACE',''
  ) );
#5892 = ORIENTED_EDGE('',*,*,#5893,.T.);
#5893 = EDGE_CURVE('',#5871,#5894,#5896,.T.);
#5894 = VERTEX_POINT('',#5895);
#5895 = CARTESIAN_POINT('',(-2.336526,13.5,-11.5));
#5896 = SURFACE_CURVE('',#5897,(#5902,#5913),.PCURVE_S1.);
#5897 = CIRCLE('',#5898,0.4);
#5898 = AXIS2_PLACEMENT_3D('',#5899,#5900,#5901);
#5899 = CARTESIAN_POINT('',(-2.336526,13.5,-11.1));
#5900 = DIRECTION('',(0.,1.,0.));
#5901 = DIRECTION('',(-1.,0.,0.));
#5902 = PCURVE('',#3350,#5903);
#5903 = DEFINITIONAL_REPRESENTATION('',(#5904),#5912);
#5904 = ( BOUNDED_CURVE() B_SPLINE_CURVE(2,(#5905,#5906,#5907,#5908,
#5909,#5910,#5911),.UNSPECIFIED.,.T.,.F.) B_SPLINE_CURVE_WITH_KNOTS((1,2
    ,2,2,2,1),(-2.094395102393,0.,2.094395102393,4.188790204786,
6.28318530718,8.377580409573),.UNSPECIFIED.) CURVE() 
GEOMETRIC_REPRESENTATION_ITEM() RATIONAL_B_SPLINE_CURVE((1.,0.5,1.,0.5,
1.,0.5,1.)) REPRESENTATION_ITEM('') );
#5905 = CARTESIAN_POINT('',(-6.1,1.21));
#5906 = CARTESIAN_POINT('',(-5.407179676972,1.21));
#5907 = CARTESIAN_POINT('',(-5.753589838486,0.61));
#5908 = CARTESIAN_POINT('',(-6.1,1.E-02));
#5909 = CARTESIAN_POINT('',(-6.446410161514,0.61));
#5910 = CARTESIAN_POINT('',(-6.792820323028,1.21));
#5911 = CARTESIAN_POINT('',(-6.1,1.21));
#5912 = ( GEOMETRIC_REPRESENTATION_CONTEXT(2) 
PARAMETRIC_REPRESENTATION_CONTEXT() REPRESENTATION_CONTEXT('2D SPACE',''
  ) );
#5913 = PCURVE('',#5090,#5914);
#5914 = DEFINITIONAL_REPRESENTATION('',(#5915),#5919);
#5915 = LINE('',#5916,#5917);
#5916 = CARTESIAN_POINT('',(7.853981633974,-0.7));
#5917 = VECTOR('',#5918,1.);
#5918 = DIRECTION('',(-1.,0.));
#5919 = ( GEOMETRIC_REPRESENTATION_CONTEXT(2) 
PARAMETRIC_REPRESENTATION_CONTEXT() REPRESENTATION_CONTEXT('2D SPACE',''
  ) );
#5920 = ORIENTED_EDGE('',*,*,#5921,.T.);
#5921 = EDGE_CURVE('',#5894,#5922,#5924,.T.);
#5922 = VERTEX_POINT('',#5923);
#5923 = CARTESIAN_POINT('',(-2.897773,13.5,-11.1));
#5924 = SURFACE_CURVE('',#5925,(#5930,#5941),.PCURVE_S1.);
#5925 = CIRCLE('',#5926,0.4);
#5926 = AXIS2_PLACEMENT_3D('',#5927,#5928,#5929);
#5927 = CARTESIAN_POINT('',(-2.336526,13.5,-11.1));
#5928 = DIRECTION('',(0.,1.,0.));
#5929 = DIRECTION('',(-1.,0.,0.));
#5930 = PCURVE('',#3350,#5931);
#5931 = DEFINITIONAL_REPRESENTATION('',(#5932),#5940);
#5932 = ( BOUNDED_CURVE() B_SPLINE_CURVE(2,(#5933,#5934,#5935,#5936,
#5937,#5938,#5939),.UNSPECIFIED.,.T.,.F.) B_SPLINE_CURVE_WITH_KNOTS((1,2
    ,2,2,2,1),(-2.094395102393,0.,2.094395102393,4.188790204786,
6.28318530718,8.377580409573),.UNSPECIFIED.) CURVE() 
GEOMETRIC_REPRESENTATION_ITEM() RATIONAL_B_SPLINE_CURVE((1.,0.5,1.,0.5,
1.,0.5,1.)) REPRESENTATION_ITEM('') );
#5933 = CARTESIAN_POINT('',(-6.1,1.21));
#5934 = CARTESIAN_POINT('',(-5.407179676972,1.21));
#5935 = CARTESIAN_POINT('',(-5.753589838486,0.61));
#5936 = CARTESIAN_POINT('',(-6.1,1.E-02));
#5937 = CARTESIAN_POINT('',(-6.446410161514,0.61));
#5938 = CARTESIAN_POINT('',(-6.792820323028,1.21));
#5939 = CARTESIAN_POINT('',(-6.1,1.21));
#5940 = ( GEOMETRIC_REPRESENTATION_CONTEXT(2) 
PARAMETRIC_REPRESENTATION_CONTEXT() REPRESENTATION_CONTEXT('2D SPACE',''
  ) );
#5941 = PCURVE('',#5057,#5942);
#5942 = DEFINITIONAL_REPRESENTATION('',(#5943),#5947);
#5943 = LINE('',#5944,#5945);
#5944 = CARTESIAN_POINT('',(7.853981633974,-0.7));
#5945 = VECTOR('',#5946,1.);
#5946 = DIRECTION('',(-1.,0.));
#5947 = ( GEOMETRIC_REPRESENTATION_CONTEXT(2) 
PARAMETRIC_REPRESENTATION_CONTEXT() REPRESENTATION_CONTEXT('2D SPACE',''
  ) );
#5948 = ORIENTED_EDGE('',*,*,#5949,.T.);
#5949 = EDGE_CURVE('',#5922,#5813,#5950,.T.);
#5950 = SURFACE_CURVE('',#5951,(#5955,#5962),.PCURVE_S1.);
#5951 = LINE('',#5952,#5953);
#5952 = CARTESIAN_POINT('',(-2.897773,13.5,-11.1));
#5953 = VECTOR('',#5954,1.);
#5954 = DIRECTION('',(0.,0.,1.));
#5955 = PCURVE('',#3350,#5956);
#5956 = DEFINITIONAL_REPRESENTATION('',(#5957),#5961);
#5957 = LINE('',#5958,#5959);
#5958 = CARTESIAN_POINT('',(-6.1,1.21));
#5959 = VECTOR('',#5960,1.);
#5960 = DIRECTION('',(1.,0.));
#5961 = ( GEOMETRIC_REPRESENTATION_CONTEXT(2) 
PARAMETRIC_REPRESENTATION_CONTEXT() REPRESENTATION_CONTEXT('2D SPACE',''
  ) );
#5962 = PCURVE('',#5024,#5963);
#5963 = DEFINITIONAL_REPRESENTATION('',(#5964),#5968);
#5964 = LINE('',#5965,#5966);
#5965 = CARTESIAN_POINT('',(1.6,0.7));
#5966 = VECTOR('',#5967,1.);
#5967 = DIRECTION('',(-1.,0.));
#5968 = ( GEOMETRIC_REPRESENTATION_CONTEXT(2) 
PARAMETRIC_REPRESENTATION_CONTEXT() REPRESENTATION_CONTEXT('2D SPACE',''
  ) );
#5969 = FACE_BOUND('',#5970,.T.);
#5970 = EDGE_LOOP('',(#5971,#6001,#6029,#6052,#6080,#6108));
#5971 = ORIENTED_EDGE('',*,*,#5972,.T.);
#5972 = EDGE_CURVE('',#5973,#5975,#5977,.T.);
#5973 = VERTEX_POINT('',#5974);
#5974 = CARTESIAN_POINT('',(-5.198886,13.5,-7.9));
#5975 = VERTEX_POINT('',#5976);
#5976 = CARTESIAN_POINT('',(-4.637639,13.5,-7.5));
#5977 = SURFACE_CURVE('',#5978,(#5983,#5994),.PCURVE_S1.);
#5978 = CIRCLE('',#5979,0.4);
#5979 = AXIS2_PLACEMENT_3D('',#5980,#5981,#5982);
#5980 = CARTESIAN_POINT('',(-4.637639,13.5,-7.9));
#5981 = DIRECTION('',(0.,1.,0.));
#5982 = DIRECTION('',(-1.,0.,0.));
#5983 = PCURVE('',#3350,#5984);
#5984 = DEFINITIONAL_REPRESENTATION('',(#5985),#5993);
#5985 = ( BOUNDED_CURVE() B_SPLINE_CURVE(2,(#5986,#5987,#5988,#5989,
#5990,#5991,#5992),.UNSPECIFIED.,.T.,.F.) B_SPLINE_CURVE_WITH_KNOTS((1,2
    ,2,2,2,1),(-2.094395102393,0.,2.094395102393,4.188790204786,
6.28318530718,8.377580409573),.UNSPECIFIED.) CURVE() 
GEOMETRIC_REPRESENTATION_ITEM() RATIONAL_B_SPLINE_CURVE((1.,0.5,1.,0.5,
1.,0.5,1.)) REPRESENTATION_ITEM('') );
#5986 = CARTESIAN_POINT('',(-2.9,2.85));
#5987 = CARTESIAN_POINT('',(-2.207179676972,2.85));
#5988 = CARTESIAN_POINT('',(-2.553589838486,2.25));
#5989 = CARTESIAN_POINT('',(-2.9,1.65));
#5990 = CARTESIAN_POINT('',(-3.246410161514,2.25));
#5991 = CARTESIAN_POINT('',(-3.592820323028,2.85));
#5992 = CARTESIAN_POINT('',(-2.9,2.85));
#5993 = ( GEOMETRIC_REPRESENTATION_CONTEXT(2) 
PARAMETRIC_REPRESENTATION_CONTEXT() REPRESENTATION_CONTEXT('2D SPACE',''
  ) );
#5994 = PCURVE('',#5346,#5995);
#5995 = DEFINITIONAL_REPRESENTATION('',(#5996),#6000);
#5996 = LINE('',#5997,#5998);
#5997 = CARTESIAN_POINT('',(1.570796326795,-0.7));
#5998 = VECTOR('',#5999,1.);
#5999 = DIRECTION('',(-1.,0.));
#6000 = ( GEOMETRIC_REPRESENTATION_CONTEXT(2) 
PARAMETRIC_REPRESENTATION_CONTEXT() REPRESENTATION_CONTEXT('2D SPACE',''
  ) );
#6001 = ORIENTED_EDGE('',*,*,#6002,.T.);
#6002 = EDGE_CURVE('',#5975,#6003,#6005,.T.);
#6003 = VERTEX_POINT('',#6004);
#6004 = CARTESIAN_POINT('',(-4.076392,13.5,-7.9));
#6005 = SURFACE_CURVE('',#6006,(#6011,#6022),.PCURVE_S1.);
#6006 = CIRCLE('',#6007,0.4);
#6007 = AXIS2_PLACEMENT_3D('',#6008,#6009,#6010);
#6008 = CARTESIAN_POINT('',(-4.637639,13.5,-7.9));
#6009 = DIRECTION('',(0.,1.,0.));
#6010 = DIRECTION('',(-1.,0.,0.));
#6011 = PCURVE('',#3350,#6012);
#6012 = DEFINITIONAL_REPRESENTATION('',(#6013),#6021);
#6013 = ( BOUNDED_CURVE() B_SPLINE_CURVE(2,(#6014,#6015,#6016,#6017,
#6018,#6019,#6020),.UNSPECIFIED.,.T.,.F.) B_SPLINE_CURVE_WITH_KNOTS((1,2
    ,2,2,2,1),(-2.094395102393,0.,2.094395102393,4.188790204786,
6.28318530718,8.377580409573),.UNSPECIFIED.) CURVE() 
GEOMETRIC_REPRESENTATION_ITEM() RATIONAL_B_SPLINE_CURVE((1.,0.5,1.,0.5,
1.,0.5,1.)) REPRESENTATION_ITEM('') );
#6014 = CARTESIAN_POINT('',(-2.9,2.85));
#6015 = CARTESIAN_POINT('',(-2.207179676972,2.85));
#6016 = CARTESIAN_POINT('',(-2.553589838486,2.25));
#6017 = CARTESIAN_POINT('',(-2.9,1.65));
#6018 = CARTESIAN_POINT('',(-3.246410161514,2.25));
#6019 = CARTESIAN_POINT('',(-3.592820323028,2.85));
#6020 = CARTESIAN_POINT('',(-2.9,2.85));
#6021 = ( GEOMETRIC_REPRESENTATION_CONTEXT(2) 
PARAMETRIC_REPRESENTATION_CONTEXT() REPRESENTATION_CONTEXT('2D SPACE',''
  ) );
#6022 = PCURVE('',#5313,#6023);
#6023 = DEFINITIONAL_REPRESENTATION('',(#6024),#6028);
#6024 = LINE('',#6025,#6026);
#6025 = CARTESIAN_POINT('',(7.853981633974,-0.7));
#6026 = VECTOR('',#6027,1.);
#6027 = DIRECTION('',(-1.,0.));
#6028 = ( GEOMETRIC_REPRESENTATION_CONTEXT(2) 
PARAMETRIC_REPRESENTATION_CONTEXT() REPRESENTATION_CONTEXT('2D SPACE',''
  ) );
#6029 = ORIENTED_EDGE('',*,*,#6030,.T.);
#6030 = EDGE_CURVE('',#6003,#6031,#6033,.T.);
#6031 = VERTEX_POINT('',#6032);
#6032 = CARTESIAN_POINT('',(-4.076392,13.5,-11.1));
#6033 = SURFACE_CURVE('',#6034,(#6038,#6045),.PCURVE_S1.);
#6034 = LINE('',#6035,#6036);
#6035 = CARTESIAN_POINT('',(-4.076392,13.5,-7.9));
#6036 = VECTOR('',#6037,1.);
#6037 = DIRECTION('',(-0.,-0.,-1.));
#6038 = PCURVE('',#3350,#6039);
#6039 = DEFINITIONAL_REPRESENTATION('',(#6040),#6044);
#6040 = LINE('',#6041,#6042);
#6041 = CARTESIAN_POINT('',(-2.9,2.05));
#6042 = VECTOR('',#6043,1.);
#6043 = DIRECTION('',(-1.,0.));
#6044 = ( GEOMETRIC_REPRESENTATION_CONTEXT(2) 
PARAMETRIC_REPRESENTATION_CONTEXT() REPRESENTATION_CONTEXT('2D SPACE',''
  ) );
#6045 = PCURVE('',#5280,#6046);
#6046 = DEFINITIONAL_REPRESENTATION('',(#6047),#6051);
#6047 = LINE('',#6048,#6049);
#6048 = CARTESIAN_POINT('',(1.6,0.7));
#6049 = VECTOR('',#6050,1.);
#6050 = DIRECTION('',(-1.,0.));
#6051 = ( GEOMETRIC_REPRESENTATION_CONTEXT(2) 
PARAMETRIC_REPRESENTATION_CONTEXT() REPRESENTATION_CONTEXT('2D SPACE',''
  ) );
#6052 = ORIENTED_EDGE('',*,*,#6053,.T.);
#6053 = EDGE_CURVE('',#6031,#6054,#6056,.T.);
#6054 = VERTEX_POINT('',#6055);
#6055 = CARTESIAN_POINT('',(-4.637639,13.5,-11.5));
#6056 = SURFACE_CURVE('',#6057,(#6062,#6073),.PCURVE_S1.);
#6057 = CIRCLE('',#6058,0.4);
#6058 = AXIS2_PLACEMENT_3D('',#6059,#6060,#6061);
#6059 = CARTESIAN_POINT('',(-4.637639,13.5,-11.1));
#6060 = DIRECTION('',(0.,1.,0.));
#6061 = DIRECTION('',(-1.,0.,0.));
#6062 = PCURVE('',#3350,#6063);
#6063 = DEFINITIONAL_REPRESENTATION('',(#6064),#6072);
#6064 = ( BOUNDED_CURVE() B_SPLINE_CURVE(2,(#6065,#6066,#6067,#6068,
#6069,#6070,#6071),.UNSPECIFIED.,.T.,.F.) B_SPLINE_CURVE_WITH_KNOTS((1,2
    ,2,2,2,1),(-2.094395102393,0.,2.094395102393,4.188790204786,
6.28318530718,8.377580409573),.UNSPECIFIED.) CURVE() 
GEOMETRIC_REPRESENTATION_ITEM() RATIONAL_B_SPLINE_CURVE((1.,0.5,1.,0.5,
1.,0.5,1.)) REPRESENTATION_ITEM('') );
#6065 = CARTESIAN_POINT('',(-6.1,2.85));
#6066 = CARTESIAN_POINT('',(-5.407179676972,2.85));
#6067 = CARTESIAN_POINT('',(-5.753589838486,2.25));
#6068 = CARTESIAN_POINT('',(-6.1,1.65));
#6069 = CARTESIAN_POINT('',(-6.446410161514,2.25));
#6070 = CARTESIAN_POINT('',(-6.792820323028,2.85));
#6071 = CARTESIAN_POINT('',(-6.1,2.85));
#6072 = ( GEOMETRIC_REPRESENTATION_CONTEXT(2) 
PARAMETRIC_REPRESENTATION_CONTEXT() REPRESENTATION_CONTEXT('2D SPACE',''
  ) );
#6073 = PCURVE('',#5252,#6074);
#6074 = DEFINITIONAL_REPRESENTATION('',(#6075),#6079);
#6075 = LINE('',#6076,#6077);
#6076 = CARTESIAN_POINT('',(7.853981633974,-0.7));
#6077 = VECTOR('',#6078,1.);
#6078 = DIRECTION('',(-1.,0.));
#6079 = ( GEOMETRIC_REPRESENTATION_CONTEXT(2) 
PARAMETRIC_REPRESENTATION_CONTEXT() REPRESENTATION_CONTEXT('2D SPACE',''
  ) );
#6080 = ORIENTED_EDGE('',*,*,#6081,.T.);
#6081 = EDGE_CURVE('',#6054,#6082,#6084,.T.);
#6082 = VERTEX_POINT('',#6083);
#6083 = CARTESIAN_POINT('',(-5.198886,13.5,-11.1));
#6084 = SURFACE_CURVE('',#6085,(#6090,#6101),.PCURVE_S1.);
#6085 = CIRCLE('',#6086,0.4);
#6086 = AXIS2_PLACEMENT_3D('',#6087,#6088,#6089);
#6087 = CARTESIAN_POINT('',(-4.637639,13.5,-11.1));
#6088 = DIRECTION('',(0.,1.,0.));
#6089 = DIRECTION('',(-1.,0.,0.));
#6090 = PCURVE('',#3350,#6091);
#6091 = DEFINITIONAL_REPRESENTATION('',(#6092),#6100);
#6092 = ( BOUNDED_CURVE() B_SPLINE_CURVE(2,(#6093,#6094,#6095,#6096,
#6097,#6098,#6099),.UNSPECIFIED.,.T.,.F.) B_SPLINE_CURVE_WITH_KNOTS((1,2
    ,2,2,2,1),(-2.094395102393,0.,2.094395102393,4.188790204786,
6.28318530718,8.377580409573),.UNSPECIFIED.) CURVE() 
GEOMETRIC_REPRESENTATION_ITEM() RATIONAL_B_SPLINE_CURVE((1.,0.5,1.,0.5,
1.,0.5,1.)) REPRESENTATION_ITEM('') );
#6093 = CARTESIAN_POINT('',(-6.1,2.85));
#6094 = CARTESIAN_POINT('',(-5.407179676972,2.85));
#6095 = CARTESIAN_POINT('',(-5.753589838486,2.25));
#6096 = CARTESIAN_POINT('',(-6.1,1.65));
#6097 = CARTESIAN_POINT('',(-6.446410161514,2.25));
#6098 = CARTESIAN_POINT('',(-6.792820323028,2.85));
#6099 = CARTESIAN_POINT('',(-6.1,2.85));
#6100 = ( GEOMETRIC_REPRESENTATION_CONTEXT(2) 
PARAMETRIC_REPRESENTATION_CONTEXT() REPRESENTATION_CONTEXT('2D SPACE',''
  ) );
#6101 = PCURVE('',#5219,#6102);
#6102 = DEFINITIONAL_REPRESENTATION('',(#6103),#6107);
#6103 = LINE('',#6104,#6105);
#6104 = CARTESIAN_POINT('',(7.853981633974,-0.7));
#6105 = VECTOR('',#6106,1.);
#6106 = DIRECTION('',(-1.,0.));
#6107 = ( GEOMETRIC_REPRESENTATION_CONTEXT(2) 
PARAMETRIC_REPRESENTATION_CONTEXT() REPRESENTATION_CONTEXT('2D SPACE',''
  ) );
#6108 = ORIENTED_EDGE('',*,*,#6109,.T.);
#6109 = EDGE_CURVE('',#6082,#5973,#6110,.T.);
#6110 = SURFACE_CURVE('',#6111,(#6115,#6122),.PCURVE_S1.);
#6111 = LINE('',#6112,#6113);
#6112 = CARTESIAN_POINT('',(-5.198886,13.5,-11.1));
#6113 = VECTOR('',#6114,1.);
#6114 = DIRECTION('',(0.,0.,1.));
#6115 = PCURVE('',#3350,#6116);
#6116 = DEFINITIONAL_REPRESENTATION('',(#6117),#6121);
#6117 = LINE('',#6118,#6119);
#6118 = CARTESIAN_POINT('',(-6.1,2.85));
#6119 = VECTOR('',#6120,1.);
#6120 = DIRECTION('',(1.,0.));
#6121 = ( GEOMETRIC_REPRESENTATION_CONTEXT(2) 
PARAMETRIC_REPRESENTATION_CONTEXT() REPRESENTATION_CONTEXT('2D SPACE',''
  ) );
#6122 = PCURVE('',#5372,#6123);
#6123 = DEFINITIONAL_REPRESENTATION('',(#6124),#6128);
#6124 = LINE('',#6125,#6126);
#6125 = CARTESIAN_POINT('',(1.6,0.7));
#6126 = VECTOR('',#6127,1.);
#6127 = DIRECTION('',(-1.,0.));
#6128 = ( GEOMETRIC_REPRESENTATION_CONTEXT(2) 
PARAMETRIC_REPRESENTATION_CONTEXT() REPRESENTATION_CONTEXT('2D SPACE',''
  ) );
#6129 = FACE_BOUND('',#6130,.T.);
#6130 = EDGE_LOOP('',(#6131,#6156,#6184,#6212,#6235,#6263));
#6131 = ORIENTED_EDGE('',*,*,#6132,.T.);
#6132 = EDGE_CURVE('',#6133,#6135,#6137,.T.);
#6133 = VERTEX_POINT('',#6134);
#6134 = CARTESIAN_POINT('',(0.525835,13.5,-7.9));
#6135 = VERTEX_POINT('',#6136);
#6136 = CARTESIAN_POINT('',(0.525835,13.5,-11.1));
#6137 = SURFACE_CURVE('',#6138,(#6142,#6149),.PCURVE_S1.);
#6138 = LINE('',#6139,#6140);
#6139 = CARTESIAN_POINT('',(0.525835,13.5,-7.9));
#6140 = VECTOR('',#6141,1.);
#6141 = DIRECTION('',(-0.,-0.,-1.));
#6142 = PCURVE('',#3350,#6143);
#6143 = DEFINITIONAL_REPRESENTATION('',(#6144),#6148);
#6144 = LINE('',#6145,#6146);
#6145 = CARTESIAN_POINT('',(-2.9,-1.23));
#6146 = VECTOR('',#6147,1.);
#6147 = DIRECTION('',(-1.,0.));
#6148 = ( GEOMETRIC_REPRESENTATION_CONTEXT(2) 
PARAMETRIC_REPRESENTATION_CONTEXT() REPRESENTATION_CONTEXT('2D SPACE',''
  ) );
#6149 = PCURVE('',#5470,#6150);
#6150 = DEFINITIONAL_REPRESENTATION('',(#6151),#6155);
#6151 = LINE('',#6152,#6153);
#6152 = CARTESIAN_POINT('',(1.6,0.7));
#6153 = VECTOR('',#6154,1.);
#6154 = DIRECTION('',(-1.,0.));
#6155 = ( GEOMETRIC_REPRESENTATION_CONTEXT(2) 
PARAMETRIC_REPRESENTATION_CONTEXT() REPRESENTATION_CONTEXT('2D SPACE',''
  ) );
#6156 = ORIENTED_EDGE('',*,*,#6157,.T.);
#6157 = EDGE_CURVE('',#6135,#6158,#6160,.T.);
#6158 = VERTEX_POINT('',#6159);
#6159 = CARTESIAN_POINT('',(-0.035412,13.5,-11.5));
#6160 = SURFACE_CURVE('',#6161,(#6166,#6177),.PCURVE_S1.);
#6161 = CIRCLE('',#6162,0.4);
#6162 = AXIS2_PLACEMENT_3D('',#6163,#6164,#6165);
#6163 = CARTESIAN_POINT('',(-0.035412,13.5,-11.1));
#6164 = DIRECTION('',(0.,1.,0.));
#6165 = DIRECTION('',(-1.,0.,0.));
#6166 = PCURVE('',#3350,#6167);
#6167 = DEFINITIONAL_REPRESENTATION('',(#6168),#6176);
#6168 = ( BOUNDED_CURVE() B_SPLINE_CURVE(2,(#6169,#6170,#6171,#6172,
#6173,#6174,#6175),.UNSPECIFIED.,.T.,.F.) B_SPLINE_CURVE_WITH_KNOTS((1,2
    ,2,2,2,1),(-2.094395102393,0.,2.094395102393,4.188790204786,
6.28318530718,8.377580409573),.UNSPECIFIED.) CURVE() 
GEOMETRIC_REPRESENTATION_ITEM() RATIONAL_B_SPLINE_CURVE((1.,0.5,1.,0.5,
1.,0.5,1.)) REPRESENTATION_ITEM('') );
#6169 = CARTESIAN_POINT('',(-6.1,-0.43));
#6170 = CARTESIAN_POINT('',(-5.407179676972,-0.43));
#6171 = CARTESIAN_POINT('',(-5.753589838486,-1.03));
#6172 = CARTESIAN_POINT('',(-6.1,-1.63));
#6173 = CARTESIAN_POINT('',(-6.446410161514,-1.03));
#6174 = CARTESIAN_POINT('',(-6.792820323028,-0.43));
#6175 = CARTESIAN_POINT('',(-6.1,-0.43));
#6176 = ( GEOMETRIC_REPRESENTATION_CONTEXT(2) 
PARAMETRIC_REPRESENTATION_CONTEXT() REPRESENTATION_CONTEXT('2D SPACE',''
  ) );
#6177 = PCURVE('',#5442,#6178);
#6178 = DEFINITIONAL_REPRESENTATION('',(#6179),#6183);
#6179 = LINE('',#6180,#6181);
#6180 = CARTESIAN_POINT('',(7.853981633974,-0.7));
#6181 = VECTOR('',#6182,1.);
#6182 = DIRECTION('',(-1.,0.));
#6183 = ( GEOMETRIC_REPRESENTATION_CONTEXT(2) 
PARAMETRIC_REPRESENTATION_CONTEXT() REPRESENTATION_CONTEXT('2D SPACE',''
  ) );
#6184 = ORIENTED_EDGE('',*,*,#6185,.T.);
#6185 = EDGE_CURVE('',#6158,#6186,#6188,.T.);
#6186 = VERTEX_POINT('',#6187);
#6187 = CARTESIAN_POINT('',(-0.596659,13.5,-11.1));
#6188 = SURFACE_CURVE('',#6189,(#6194,#6205),.PCURVE_S1.);
#6189 = CIRCLE('',#6190,0.4);
#6190 = AXIS2_PLACEMENT_3D('',#6191,#6192,#6193);
#6191 = CARTESIAN_POINT('',(-0.035412,13.5,-11.1));
#6192 = DIRECTION('',(0.,1.,0.));
#6193 = DIRECTION('',(-1.,0.,0.));
#6194 = PCURVE('',#3350,#6195);
#6195 = DEFINITIONAL_REPRESENTATION('',(#6196),#6204);
#6196 = ( BOUNDED_CURVE() B_SPLINE_CURVE(2,(#6197,#6198,#6199,#6200,
#6201,#6202,#6203),.UNSPECIFIED.,.T.,.F.) B_SPLINE_CURVE_WITH_KNOTS((1,2
    ,2,2,2,1),(-2.094395102393,0.,2.094395102393,4.188790204786,
6.28318530718,8.377580409573),.UNSPECIFIED.) CURVE() 
GEOMETRIC_REPRESENTATION_ITEM() RATIONAL_B_SPLINE_CURVE((1.,0.5,1.,0.5,
1.,0.5,1.)) REPRESENTATION_ITEM('') );
#6197 = CARTESIAN_POINT('',(-6.1,-0.43));
#6198 = CARTESIAN_POINT('',(-5.407179676972,-0.43));
#6199 = CARTESIAN_POINT('',(-5.753589838486,-1.03));
#6200 = CARTESIAN_POINT('',(-6.1,-1.63));
#6201 = CARTESIAN_POINT('',(-6.446410161514,-1.03));
#6202 = CARTESIAN_POINT('',(-6.792820323028,-0.43));
#6203 = CARTESIAN_POINT('',(-6.1,-0.43));
#6204 = ( GEOMETRIC_REPRESENTATION_CONTEXT(2) 
PARAMETRIC_REPRESENTATION_CONTEXT() REPRESENTATION_CONTEXT('2D SPACE',''
  ) );
#6205 = PCURVE('',#5409,#6206);
#6206 = DEFINITIONAL_REPRESENTATION('',(#6207),#6211);
#6207 = LINE('',#6208,#6209);
#6208 = CARTESIAN_POINT('',(7.853981633974,-0.7));
#6209 = VECTOR('',#6210,1.);
#6210 = DIRECTION('',(-1.,0.));
#6211 = ( GEOMETRIC_REPRESENTATION_CONTEXT(2) 
PARAMETRIC_REPRESENTATION_CONTEXT() REPRESENTATION_CONTEXT('2D SPACE',''
  ) );
#6212 = ORIENTED_EDGE('',*,*,#6213,.T.);
#6213 = EDGE_CURVE('',#6186,#6214,#6216,.T.);
#6214 = VERTEX_POINT('',#6215);
#6215 = CARTESIAN_POINT('',(-0.596659,13.5,-7.9));
#6216 = SURFACE_CURVE('',#6217,(#6221,#6228),.PCURVE_S1.);
#6217 = LINE('',#6218,#6219);
#6218 = CARTESIAN_POINT('',(-0.596659,13.5,-11.1));
#6219 = VECTOR('',#6220,1.);
#6220 = DIRECTION('',(0.,0.,1.));
#6221 = PCURVE('',#3350,#6222);
#6222 = DEFINITIONAL_REPRESENTATION('',(#6223),#6227);
#6223 = LINE('',#6224,#6225);
#6224 = CARTESIAN_POINT('',(-6.1,-0.43));
#6225 = VECTOR('',#6226,1.);
#6226 = DIRECTION('',(1.,0.));
#6227 = ( GEOMETRIC_REPRESENTATION_CONTEXT(2) 
PARAMETRIC_REPRESENTATION_CONTEXT() REPRESENTATION_CONTEXT('2D SPACE',''
  ) );
#6228 = PCURVE('',#5562,#6229);
#6229 = DEFINITIONAL_REPRESENTATION('',(#6230),#6234);
#6230 = LINE('',#6231,#6232);
#6231 = CARTESIAN_POINT('',(1.6,0.7));
#6232 = VECTOR('',#6233,1.);
#6233 = DIRECTION('',(-1.,0.));
#6234 = ( GEOMETRIC_REPRESENTATION_CONTEXT(2) 
PARAMETRIC_REPRESENTATION_CONTEXT() REPRESENTATION_CONTEXT('2D SPACE',''
  ) );
#6235 = ORIENTED_EDGE('',*,*,#6236,.T.);
#6236 = EDGE_CURVE('',#6214,#6237,#6239,.T.);
#6237 = VERTEX_POINT('',#6238);
#6238 = CARTESIAN_POINT('',(-0.035412,13.5,-7.5));
#6239 = SURFACE_CURVE('',#6240,(#6245,#6256),.PCURVE_S1.);
#6240 = CIRCLE('',#6241,0.4);
#6241 = AXIS2_PLACEMENT_3D('',#6242,#6243,#6244);
#6242 = CARTESIAN_POINT('',(-0.035412,13.5,-7.9));
#6243 = DIRECTION('',(0.,1.,0.));
#6244 = DIRECTION('',(-1.,0.,0.));
#6245 = PCURVE('',#3350,#6246);
#6246 = DEFINITIONAL_REPRESENTATION('',(#6247),#6255);
#6247 = ( BOUNDED_CURVE() B_SPLINE_CURVE(2,(#6248,#6249,#6250,#6251,
#6252,#6253,#6254),.UNSPECIFIED.,.T.,.F.) B_SPLINE_CURVE_WITH_KNOTS((1,2
    ,2,2,2,1),(-2.094395102393,0.,2.094395102393,4.188790204786,
6.28318530718,8.377580409573),.UNSPECIFIED.) CURVE() 
GEOMETRIC_REPRESENTATION_ITEM() RATIONAL_B_SPLINE_CURVE((1.,0.5,1.,0.5,
1.,0.5,1.)) REPRESENTATION_ITEM('') );
#6248 = CARTESIAN_POINT('',(-2.9,-0.43));
#6249 = CARTESIAN_POINT('',(-2.207179676972,-0.43));
#6250 = CARTESIAN_POINT('',(-2.553589838486,-1.03));
#6251 = CARTESIAN_POINT('',(-2.9,-1.63));
#6252 = CARTESIAN_POINT('',(-3.246410161514,-1.03));
#6253 = CARTESIAN_POINT('',(-3.592820323028,-0.43));
#6254 = CARTESIAN_POINT('',(-2.9,-0.43));
#6255 = ( GEOMETRIC_REPRESENTATION_CONTEXT(2) 
PARAMETRIC_REPRESENTATION_CONTEXT() REPRESENTATION_CONTEXT('2D SPACE',''
  ) );
#6256 = PCURVE('',#5536,#6257);
#6257 = DEFINITIONAL_REPRESENTATION('',(#6258),#6262);
#6258 = LINE('',#6259,#6260);
#6259 = CARTESIAN_POINT('',(1.570796326795,-0.7));
#6260 = VECTOR('',#6261,1.);
#6261 = DIRECTION('',(-1.,0.));
#6262 = ( GEOMETRIC_REPRESENTATION_CONTEXT(2) 
PARAMETRIC_REPRESENTATION_CONTEXT() REPRESENTATION_CONTEXT('2D SPACE',''
  ) );
#6263 = ORIENTED_EDGE('',*,*,#6264,.T.);
#6264 = EDGE_CURVE('',#6237,#6133,#6265,.T.);
#6265 = SURFACE_CURVE('',#6266,(#6271,#6282),.PCURVE_S1.);
#6266 = CIRCLE('',#6267,0.4);
#6267 = AXIS2_PLACEMENT_3D('',#6268,#6269,#6270);
#6268 = CARTESIAN_POINT('',(-0.035412,13.5,-7.9));
#6269 = DIRECTION('',(0.,1.,0.));
#6270 = DIRECTION('',(-1.,0.,0.));
#6271 = PCURVE('',#3350,#6272);
#6272 = DEFINITIONAL_REPRESENTATION('',(#6273),#6281);
#6273 = ( BOUNDED_CURVE() B_SPLINE_CURVE(2,(#6274,#6275,#6276,#6277,
#6278,#6279,#6280),.UNSPECIFIED.,.T.,.F.) B_SPLINE_CURVE_WITH_KNOTS((1,2
    ,2,2,2,1),(-2.094395102393,0.,2.094395102393,4.188790204786,
6.28318530718,8.377580409573),.UNSPECIFIED.) CURVE() 
GEOMETRIC_REPRESENTATION_ITEM() RATIONAL_B_SPLINE_CURVE((1.,0.5,1.,0.5,
1.,0.5,1.)) REPRESENTATION_ITEM('') );
#6274 = CARTESIAN_POINT('',(-2.9,-0.43));
#6275 = CARTESIAN_POINT('',(-2.207179676972,-0.43));
#6276 = CARTESIAN_POINT('',(-2.553589838486,-1.03));
#6277 = CARTESIAN_POINT('',(-2.9,-1.63));
#6278 = CARTESIAN_POINT('',(-3.246410161514,-1.03));
#6279 = CARTESIAN_POINT('',(-3.592820323028,-0.43));
#6280 = CARTESIAN_POINT('',(-2.9,-0.43));
#6281 = ( GEOMETRIC_REPRESENTATION_CONTEXT(2) 
PARAMETRIC_REPRESENTATION_CONTEXT() REPRESENTATION_CONTEXT('2D SPACE',''
  ) );
#6282 = PCURVE('',#5503,#6283);
#6283 = DEFINITIONAL_REPRESENTATION('',(#6284),#6288);
#6284 = LINE('',#6285,#6286);
#6285 = CARTESIAN_POINT('',(7.853981633974,-0.7));
#6286 = VECTOR('',#6287,1.);
#6287 = DIRECTION('',(-1.,0.));
#6288 = ( GEOMETRIC_REPRESENTATION_CONTEXT(2) 
PARAMETRIC_REPRESENTATION_CONTEXT() REPRESENTATION_CONTEXT('2D SPACE',''
  ) );
#6289 = ADVANCED_FACE('',(#6290),#893,.F.);
#6290 = FACE_BOUND('',#6291,.T.);
#6291 = EDGE_LOOP('',(#6292,#6313,#6314,#6315));
#6292 = ORIENTED_EDGE('',*,*,#6293,.F.);
#6293 = EDGE_CURVE('',#3284,#4266,#6294,.T.);
#6294 = SURFACE_CURVE('',#6295,(#6299,#6306),.PCURVE_S1.);
#6295 = LINE('',#6296,#6297);
#6296 = CARTESIAN_POINT('',(10.024944,9.9,-12.0));
#6297 = VECTOR('',#6298,1.);
#6298 = DIRECTION('',(0.,-0.,1.));
#6299 = PCURVE('',#893,#6300);
#6300 = DEFINITIONAL_REPRESENTATION('',(#6301),#6305);
#6301 = LINE('',#6302,#6303);
#6302 = CARTESIAN_POINT('',(0.,-8.));
#6303 = VECTOR('',#6304,1.);
#6304 = DIRECTION('',(-1.,0.));
#6305 = ( GEOMETRIC_REPRESENTATION_CONTEXT(2) 
PARAMETRIC_REPRESENTATION_CONTEXT() REPRESENTATION_CONTEXT('2D SPACE',''
  ) );
#6306 = PCURVE('',#3322,#6307);
#6307 = DEFINITIONAL_REPRESENTATION('',(#6308),#6312);
#6308 = LINE('',#6309,#6310);
#6309 = CARTESIAN_POINT('',(-1.1,7.));
#6310 = VECTOR('',#6311,1.);
#6311 = DIRECTION('',(0.,-1.));
#6312 = ( GEOMETRIC_REPRESENTATION_CONTEXT(2) 
PARAMETRIC_REPRESENTATION_CONTEXT() REPRESENTATION_CONTEXT('2D SPACE',''
  ) );
#6313 = ORIENTED_EDGE('',*,*,#3283,.F.);
#6314 = ORIENTED_EDGE('',*,*,#877,.T.);
#6315 = ORIENTED_EDGE('',*,*,#4288,.T.);
#6316 = ADVANCED_FACE('',(#6317),#3406,.F.);
#6317 = FACE_BOUND('',#6318,.T.);
#6318 = EDGE_LOOP('',(#6319,#6340,#6341,#6362));
#6319 = ORIENTED_EDGE('',*,*,#6320,.F.);
#6320 = EDGE_CURVE('',#4192,#3363,#6321,.T.);
#6321 = SURFACE_CURVE('',#6322,(#6326,#6333),.PCURVE_S1.);
#6322 = LINE('',#6323,#6324);
#6323 = CARTESIAN_POINT('',(-12.424944,9.9,-9.0));
#6324 = VECTOR('',#6325,1.);
#6325 = DIRECTION('',(-0.,0.,-1.));
#6326 = PCURVE('',#3406,#6327);
#6327 = DEFINITIONAL_REPRESENTATION('',(#6328),#6332);
#6328 = LINE('',#6329,#6330);
#6329 = CARTESIAN_POINT('',(-3.,8.));
#6330 = VECTOR('',#6331,1.);
#6331 = DIRECTION('',(1.,0.));
#6332 = ( GEOMETRIC_REPRESENTATION_CONTEXT(2) 
PARAMETRIC_REPRESENTATION_CONTEXT() REPRESENTATION_CONTEXT('2D SPACE',''
  ) );
#6333 = PCURVE('',#3378,#6334);
#6334 = DEFINITIONAL_REPRESENTATION('',(#6335),#6339);
#6335 = LINE('',#6336,#6337);
#6336 = CARTESIAN_POINT('',(4.,-1.1));
#6337 = VECTOR('',#6338,1.);
#6338 = DIRECTION('',(1.,0.));
#6339 = ( GEOMETRIC_REPRESENTATION_CONTEXT(2) 
PARAMETRIC_REPRESENTATION_CONTEXT() REPRESENTATION_CONTEXT('2D SPACE',''
  ) );
#6340 = ORIENTED_EDGE('',*,*,#4191,.T.);
#6341 = ORIENTED_EDGE('',*,*,#6342,.F.);
#6342 = EDGE_CURVE('',#3391,#4169,#6343,.T.);
#6343 = SURFACE_CURVE('',#6344,(#6348,#6355),.PCURVE_S1.);
#6344 = LINE('',#6345,#6346);
#6345 = CARTESIAN_POINT('',(-25.684410,9.9,-12.0));
#6346 = VECTOR('',#6347,1.);
#6347 = DIRECTION('',(0.,-0.,1.));
#6348 = PCURVE('',#3406,#6349);
#6349 = DEFINITIONAL_REPRESENTATION('',(#6350),#6354);
#6350 = LINE('',#6351,#6352);
#6351 = CARTESIAN_POINT('',(0.,17.45));
#6352 = VECTOR('',#6353,1.);
#6353 = DIRECTION('',(-1.,0.));
#6354 = ( GEOMETRIC_REPRESENTATION_CONTEXT(2) 
PARAMETRIC_REPRESENTATION_CONTEXT() REPRESENTATION_CONTEXT('2D SPACE',''
  ) );
#6355 = PCURVE('',#3434,#6356);
#6356 = DEFINITIONAL_REPRESENTATION('',(#6357),#6361);
#6357 = LINE('',#6358,#6359);
#6358 = CARTESIAN_POINT('',(-8.,26.6));
#6359 = VECTOR('',#6360,1.);
#6360 = DIRECTION('',(1.,0.));
#6361 = ( GEOMETRIC_REPRESENTATION_CONTEXT(2) 
PARAMETRIC_REPRESENTATION_CONTEXT() REPRESENTATION_CONTEXT('2D SPACE',''
  ) );
#6362 = ORIENTED_EDGE('',*,*,#3390,.F.);
#6363 = ADVANCED_FACE('',(#6364,#6395),#1833,.T.);
#6364 = FACE_BOUND('',#6365,.T.);
#6365 = EDGE_LOOP('',(#6366));
#6366 = ORIENTED_EDGE('',*,*,#6367,.F.);
#6367 = EDGE_CURVE('',#6368,#6368,#6370,.T.);
#6368 = VERTEX_POINT('',#6369);
#6369 = CARTESIAN_POINT('',(-13.757907,-43.4,-8.0));
#6370 = SURFACE_CURVE('',#6371,(#6376,#6383),.PCURVE_S1.);
#6371 = CIRCLE('',#6372,1.);
#6372 = AXIS2_PLACEMENT_3D('',#6373,#6374,#6375);
#6373 = CARTESIAN_POINT('',(-13.757907,-43.4,-9.0));
#6374 = DIRECTION('',(-0.,-1.,0.));
#6375 = DIRECTION('',(0.,-0.,1.));
#6376 = PCURVE('',#1833,#6377);
#6377 = DEFINITIONAL_REPRESENTATION('',(#6378),#6382);
#6378 = CIRCLE('',#6379,1.);
#6379 = AXIS2_PLACEMENT_2D('',#6380,#6381);
#6380 = CARTESIAN_POINT('',(0.,8.95));
#6381 = DIRECTION('',(1.,0.));
#6382 = ( GEOMETRIC_REPRESENTATION_CONTEXT(2) 
PARAMETRIC_REPRESENTATION_CONTEXT() REPRESENTATION_CONTEXT('2D SPACE',''
  ) );
#6383 = PCURVE('',#6384,#6389);
#6384 = CYLINDRICAL_SURFACE('',#6385,1.);
#6385 = AXIS2_PLACEMENT_3D('',#6386,#6387,#6388);
#6386 = CARTESIAN_POINT('',(-13.757907,-34.6,-9.0));
#6387 = DIRECTION('',(-0.,-1.,-0.));
#6388 = DIRECTION('',(0.,-0.,1.));
#6389 = DEFINITIONAL_REPRESENTATION('',(#6390),#6394);
#6390 = LINE('',#6391,#6392);
#6391 = CARTESIAN_POINT('',(0.,8.8));
#6392 = VECTOR('',#6393,1.);
#6393 = DIRECTION('',(1.,0.));
#6394 = ( GEOMETRIC_REPRESENTATION_CONTEXT(2) 
PARAMETRIC_REPRESENTATION_CONTEXT() REPRESENTATION_CONTEXT('2D SPACE',''
  ) );
#6395 = FACE_BOUND('',#6396,.T.);
#6396 = EDGE_LOOP('',(#6397,#6398,#6421,#6447,#6448,#6469,#6470,#6494));
#6397 = ORIENTED_EDGE('',*,*,#1817,.T.);
#6398 = ORIENTED_EDGE('',*,*,#6399,.T.);
#6399 = EDGE_CURVE('',#1790,#6400,#6402,.T.);
#6400 = VERTEX_POINT('',#6401);
#6401 = CARTESIAN_POINT('',(-10.320267,-43.4,-8.25));
#6402 = SURFACE_CURVE('',#6403,(#6407,#6414),.PCURVE_S1.);
#6403 = LINE('',#6404,#6405);
#6404 = CARTESIAN_POINT('',(-10.320267,-43.4,-12.0));
#6405 = VECTOR('',#6406,1.);
#6406 = DIRECTION('',(0.,0.,1.));
#6407 = PCURVE('',#1833,#6408);
#6408 = DEFINITIONAL_REPRESENTATION('',(#6409),#6413);
#6409 = LINE('',#6410,#6411);
#6410 = CARTESIAN_POINT('',(-3.,6.5));
#6411 = VECTOR('',#6412,1.);
#6412 = DIRECTION('',(1.,0.));
#6413 = ( GEOMETRIC_REPRESENTATION_CONTEXT(2) 
PARAMETRIC_REPRESENTATION_CONTEXT() REPRESENTATION_CONTEXT('2D SPACE',''
  ) );
#6414 = PCURVE('',#1805,#6415);
#6415 = DEFINITIONAL_REPRESENTATION('',(#6416),#6420);
#6416 = LINE('',#6417,#6418);
#6417 = CARTESIAN_POINT('',(3.,1.75));
#6418 = VECTOR('',#6419,1.);
#6419 = DIRECTION('',(0.,-1.));
#6420 = ( GEOMETRIC_REPRESENTATION_CONTEXT(2) 
PARAMETRIC_REPRESENTATION_CONTEXT() REPRESENTATION_CONTEXT('2D SPACE',''
  ) );
#6421 = ORIENTED_EDGE('',*,*,#6422,.T.);
#6422 = EDGE_CURVE('',#6400,#2290,#6423,.T.);
#6423 = SURFACE_CURVE('',#6424,(#6429,#6440),.PCURVE_S1.);
#6424 = CIRCLE('',#6425,2.);
#6425 = AXIS2_PLACEMENT_3D('',#6426,#6427,#6428);
#6426 = CARTESIAN_POINT('',(-7.514031,-43.4,-8.25));
#6427 = DIRECTION('',(0.,1.,0.));
#6428 = DIRECTION('',(0.,-0.,1.));
#6429 = PCURVE('',#1833,#6430);
#6430 = DEFINITIONAL_REPRESENTATION('',(#6431),#6439);
#6431 = ( BOUNDED_CURVE() B_SPLINE_CURVE(2,(#6432,#6433,#6434,#6435,
#6436,#6437,#6438),.UNSPECIFIED.,.T.,.F.) B_SPLINE_CURVE_WITH_KNOTS((1,2
    ,2,2,2,1),(-2.094395102393,0.,2.094395102393,4.188790204786,
6.28318530718,8.377580409573),.UNSPECIFIED.) CURVE() 
GEOMETRIC_REPRESENTATION_ITEM() RATIONAL_B_SPLINE_CURVE((1.,0.5,1.,0.5,
1.,0.5,1.)) REPRESENTATION_ITEM('') );
#6432 = CARTESIAN_POINT('',(2.75,4.5));
#6433 = CARTESIAN_POINT('',(2.75,1.035898384862));
#6434 = CARTESIAN_POINT('',(-0.25,2.767949192431));
#6435 = CARTESIAN_POINT('',(-3.25,4.5));
#6436 = CARTESIAN_POINT('',(-0.25,6.232050807569));
#6437 = CARTESIAN_POINT('',(2.75,7.964101615138));
#6438 = CARTESIAN_POINT('',(2.75,4.5));
#6439 = ( GEOMETRIC_REPRESENTATION_CONTEXT(2) 
PARAMETRIC_REPRESENTATION_CONTEXT() REPRESENTATION_CONTEXT('2D SPACE',''
  ) );
#6440 = PCURVE('',#2362,#6441);
#6441 = DEFINITIONAL_REPRESENTATION('',(#6442),#6446);
#6442 = LINE('',#6443,#6444);
#6443 = CARTESIAN_POINT('',(6.28318530718,3.));
#6444 = VECTOR('',#6445,1.);
#6445 = DIRECTION('',(-1.,0.));
#6446 = ( GEOMETRIC_REPRESENTATION_CONTEXT(2) 
PARAMETRIC_REPRESENTATION_CONTEXT() REPRESENTATION_CONTEXT('2D SPACE',''
  ) );
#6447 = ORIENTED_EDGE('',*,*,#2289,.T.);
#6448 = ORIENTED_EDGE('',*,*,#6449,.T.);
#6449 = EDGE_CURVE('',#2292,#3498,#6450,.T.);
#6450 = SURFACE_CURVE('',#6451,(#6455,#6462),.PCURVE_S1.);
#6451 = LINE('',#6452,#6453);
#6452 = CARTESIAN_POINT('',(-15.862584,-43.4,-6.8));
#6453 = VECTOR('',#6454,1.);
#6454 = DIRECTION('',(-0.,-0.,-1.));
#6455 = PCURVE('',#1833,#6456);
#6456 = DEFINITIONAL_REPRESENTATION('',(#6457),#6461);
#6457 = LINE('',#6458,#6459);
#6458 = CARTESIAN_POINT('',(2.2,10.45));
#6459 = VECTOR('',#6460,1.);
#6460 = DIRECTION('',(-1.,0.));
#6461 = ( GEOMETRIC_REPRESENTATION_CONTEXT(2) 
PARAMETRIC_REPRESENTATION_CONTEXT() REPRESENTATION_CONTEXT('2D SPACE',''
  ) );
#6462 = PCURVE('',#3537,#6463);
#6463 = DEFINITIONAL_REPRESENTATION('',(#6464),#6468);
#6464 = LINE('',#6465,#6466);
#6465 = CARTESIAN_POINT('',(4.712388980385,-2.2));
#6466 = VECTOR('',#6467,1.);
#6467 = DIRECTION('',(0.,1.));
#6468 = ( GEOMETRIC_REPRESENTATION_CONTEXT(2) 
PARAMETRIC_REPRESENTATION_CONTEXT() REPRESENTATION_CONTEXT('2D SPACE',''
  ) );
#6469 = ORIENTED_EDGE('',*,*,#3497,.T.);
#6470 = ORIENTED_EDGE('',*,*,#6471,.F.);
#6471 = EDGE_CURVE('',#6472,#3470,#6474,.T.);
#6472 = VERTEX_POINT('',#6473);
#6473 = CARTESIAN_POINT('',(-13.757907,-43.4,-11.0));
#6474 = SURFACE_CURVE('',#6475,(#6480,#6487),.PCURVE_S1.);
#6475 = CIRCLE('',#6476,1.);
#6476 = AXIS2_PLACEMENT_3D('',#6477,#6478,#6479);
#6477 = CARTESIAN_POINT('',(-13.757907,-43.4,-12.0));
#6478 = DIRECTION('',(-0.,-1.,0.));
#6479 = DIRECTION('',(0.,-0.,1.));
#6480 = PCURVE('',#1833,#6481);
#6481 = DEFINITIONAL_REPRESENTATION('',(#6482),#6486);
#6482 = CIRCLE('',#6483,1.);
#6483 = AXIS2_PLACEMENT_2D('',#6484,#6485);
#6484 = CARTESIAN_POINT('',(-3.,8.95));
#6485 = DIRECTION('',(1.,0.));
#6486 = ( GEOMETRIC_REPRESENTATION_CONTEXT(2) 
PARAMETRIC_REPRESENTATION_CONTEXT() REPRESENTATION_CONTEXT('2D SPACE',''
  ) );
#6487 = PCURVE('',#3485,#6488);
#6488 = DEFINITIONAL_REPRESENTATION('',(#6489),#6493);
#6489 = LINE('',#6490,#6491);
#6490 = CARTESIAN_POINT('',(0.,8.8));
#6491 = VECTOR('',#6492,1.);
#6492 = DIRECTION('',(1.,0.));
#6493 = ( GEOMETRIC_REPRESENTATION_CONTEXT(2) 
PARAMETRIC_REPRESENTATION_CONTEXT() REPRESENTATION_CONTEXT('2D SPACE',''
  ) );
#6494 = ORIENTED_EDGE('',*,*,#6495,.F.);
#6495 = EDGE_CURVE('',#1818,#6472,#6496,.T.);
#6496 = SURFACE_CURVE('',#6497,(#6502,#6509),.PCURVE_S1.);
#6497 = CIRCLE('',#6498,1.);
#6498 = AXIS2_PLACEMENT_3D('',#6499,#6500,#6501);
#6499 = CARTESIAN_POINT('',(-13.757907,-43.4,-12.0));
#6500 = DIRECTION('',(-0.,-1.,0.));
#6501 = DIRECTION('',(0.,-0.,1.));
#6502 = PCURVE('',#1833,#6503);
#6503 = DEFINITIONAL_REPRESENTATION('',(#6504),#6508);
#6504 = CIRCLE('',#6505,1.);
#6505 = AXIS2_PLACEMENT_2D('',#6506,#6507);
#6506 = CARTESIAN_POINT('',(-3.,8.95));
#6507 = DIRECTION('',(1.,0.));
#6508 = ( GEOMETRIC_REPRESENTATION_CONTEXT(2) 
PARAMETRIC_REPRESENTATION_CONTEXT() REPRESENTATION_CONTEXT('2D SPACE',''
  ) );
#6509 = PCURVE('',#1861,#6510);
#6510 = DEFINITIONAL_REPRESENTATION('',(#6511),#6515);
#6511 = LINE('',#6512,#6513);
#6512 = CARTESIAN_POINT('',(0.,8.8));
#6513 = VECTOR('',#6514,1.);
#6514 = DIRECTION('',(1.,0.));
#6515 = ( GEOMETRIC_REPRESENTATION_CONTEXT(2) 
PARAMETRIC_REPRESENTATION_CONTEXT() REPRESENTATION_CONTEXT('2D SPACE',''
  ) );
#6516 = ADVANCED_FACE('',(#6517,#6698),#2545,.T.);
#6517 = FACE_BOUND('',#6518,.T.);
#6518 = EDGE_LOOP('',(#6519,#6543,#6544,#6568,#6591,#6620,#6643,#6672));
#6519 = ORIENTED_EDGE('',*,*,#6520,.T.);
#6520 = EDGE_CURVE('',#6521,#2530,#6523,.T.);
#6521 = VERTEX_POINT('',#6522);
#6522 = CARTESIAN_POINT('',(-28.490646,-31.4,-3.8));
#6523 = SURFACE_CURVE('',#6524,(#6529,#6536),.PCURVE_S1.);
#6524 = CIRCLE('',#6525,9.);
#6525 = AXIS2_PLACEMENT_3D('',#6526,#6527,#6528);
#6526 = CARTESIAN_POINT('',(-15.862584,-31.4,-3.8));
#6527 = DIRECTION('',(0.,0.,1.));
#6528 = DIRECTION('',(1.,0.,-0.));
#6529 = PCURVE('',#2545,#6530);
#6530 = DEFINITIONAL_REPRESENTATION('',(#6531),#6535);
#6531 = CIRCLE('',#6532,9.);
#6532 = AXIS2_PLACEMENT_2D('',#6533,#6534);
#6533 = CARTESIAN_POINT('',(-10.45,-17.2));
#6534 = DIRECTION('',(1.,0.));
#6535 = ( GEOMETRIC_REPRESENTATION_CONTEXT(2) 
PARAMETRIC_REPRESENTATION_CONTEXT() REPRESENTATION_CONTEXT('2D SPACE',''
  ) );
#6536 = PCURVE('',#2572,#6537);
#6537 = DEFINITIONAL_REPRESENTATION('',(#6538),#6542);
#6538 = LINE('',#6539,#6540);
#6539 = CARTESIAN_POINT('',(0.,1.570796326795));
#6540 = VECTOR('',#6541,1.);
#6541 = DIRECTION('',(1.,-4.240739575285E-16));
#6542 = ( GEOMETRIC_REPRESENTATION_CONTEXT(2) 
PARAMETRIC_REPRESENTATION_CONTEXT() REPRESENTATION_CONTEXT('2D SPACE',''
  ) );
#6543 = ORIENTED_EDGE('',*,*,#2529,.T.);
#6544 = ORIENTED_EDGE('',*,*,#6545,.T.);
#6545 = EDGE_CURVE('',#2501,#6546,#6548,.T.);
#6546 = VERTEX_POINT('',#6547);
#6547 = CARTESIAN_POINT('',(26.090646,-31.4,-3.8));
#6548 = SURFACE_CURVE('',#6549,(#6554,#6561),.PCURVE_S1.);
#6549 = CIRCLE('',#6550,9.);
#6550 = AXIS2_PLACEMENT_3D('',#6551,#6552,#6553);
#6551 = CARTESIAN_POINT('',(13.462583,-31.4,-3.8));
#6552 = DIRECTION('',(0.,0.,1.));
#6553 = DIRECTION('',(1.,0.,-0.));
#6554 = PCURVE('',#2545,#6555);
#6555 = DEFINITIONAL_REPRESENTATION('',(#6556),#6560);
#6556 = CIRCLE('',#6557,9.);
#6557 = AXIS2_PLACEMENT_2D('',#6558,#6559);
#6558 = CARTESIAN_POINT('',(10.45,-17.2));
#6559 = DIRECTION('',(1.,0.));
#6560 = ( GEOMETRIC_REPRESENTATION_CONTEXT(2) 
PARAMETRIC_REPRESENTATION_CONTEXT() REPRESENTATION_CONTEXT('2D SPACE',''
  ) );
#6561 = PCURVE('',#2517,#6562);
#6562 = DEFINITIONAL_REPRESENTATION('',(#6563),#6567);
#6563 = LINE('',#6564,#6565);
#6564 = CARTESIAN_POINT('',(0.,1.570796326795));
#6565 = VECTOR('',#6566,1.);
#6566 = DIRECTION('',(1.,0.));
#6567 = ( GEOMETRIC_REPRESENTATION_CONTEXT(2) 
PARAMETRIC_REPRESENTATION_CONTEXT() REPRESENTATION_CONTEXT('2D SPACE',''
  ) );
#6568 = ORIENTED_EDGE('',*,*,#6569,.T.);
#6569 = EDGE_CURVE('',#6546,#6570,#6572,.T.);
#6570 = VERTEX_POINT('',#6571);
#6571 = CARTESIAN_POINT('',(26.090646,3.0,-3.8));
#6572 = SURFACE_CURVE('',#6573,(#6577,#6584),.PCURVE_S1.);
#6573 = LINE('',#6574,#6575);
#6574 = CARTESIAN_POINT('',(26.090646,-31.4,-3.8));
#6575 = VECTOR('',#6576,1.);
#6576 = DIRECTION('',(0.,1.,0.));
#6577 = PCURVE('',#2545,#6578);
#6578 = DEFINITIONAL_REPRESENTATION('',(#6579),#6583);
#6579 = LINE('',#6580,#6581);
#6580 = CARTESIAN_POINT('',(19.45,-17.2));
#6581 = VECTOR('',#6582,1.);
#6582 = DIRECTION('',(0.,1.));
#6583 = ( GEOMETRIC_REPRESENTATION_CONTEXT(2) 
PARAMETRIC_REPRESENTATION_CONTEXT() REPRESENTATION_CONTEXT('2D SPACE',''
  ) );
#6584 = PCURVE('',#422,#6585);
#6585 = DEFINITIONAL_REPRESENTATION('',(#6586),#6590);
#6586 = LINE('',#6587,#6588);
#6587 = CARTESIAN_POINT('',(3.14159265359,-17.2));
#6588 = VECTOR('',#6589,1.);
#6589 = DIRECTION('',(0.,1.));
#6590 = ( GEOMETRIC_REPRESENTATION_CONTEXT(2) 
PARAMETRIC_REPRESENTATION_CONTEXT() REPRESENTATION_CONTEXT('2D SPACE',''
  ) );
#6591 = ORIENTED_EDGE('',*,*,#6592,.T.);
#6592 = EDGE_CURVE('',#6570,#6593,#6595,.T.);
#6593 = VERTEX_POINT('',#6594);
#6594 = CARTESIAN_POINT('',(13.462583,12.0,-3.8));
#6595 = SURFACE_CURVE('',#6596,(#6601,#6608),.PCURVE_S1.);
#6596 = CIRCLE('',#6597,9.);
#6597 = AXIS2_PLACEMENT_3D('',#6598,#6599,#6600);
#6598 = CARTESIAN_POINT('',(13.462583,3.0,-3.8));
#6599 = DIRECTION('',(0.,0.,1.));
#6600 = DIRECTION('',(1.,0.,-0.));
#6601 = PCURVE('',#2545,#6602);
#6602 = DEFINITIONAL_REPRESENTATION('',(#6603),#6607);
#6603 = CIRCLE('',#6604,9.);
#6604 = AXIS2_PLACEMENT_2D('',#6605,#6606);
#6605 = CARTESIAN_POINT('',(10.45,17.2));
#6606 = DIRECTION('',(1.,0.));
#6607 = ( GEOMETRIC_REPRESENTATION_CONTEXT(2) 
PARAMETRIC_REPRESENTATION_CONTEXT() REPRESENTATION_CONTEXT('2D SPACE',''
  ) );
#6608 = PCURVE('',#6609,#6614);
#6609 = TOROIDAL_SURFACE('',#6610,9.,3.);
#6610 = AXIS2_PLACEMENT_3D('',#6611,#6612,#6613);
#6611 = CARTESIAN_POINT('',(13.462583,3.0,-6.8));
#6612 = DIRECTION('',(0.,0.,1.));
#6613 = DIRECTION('',(1.,0.,-0.));
#6614 = DEFINITIONAL_REPRESENTATION('',(#6615),#6619);
#6615 = LINE('',#6616,#6617);
#6616 = CARTESIAN_POINT('',(0.,1.570796326795));
#6617 = VECTOR('',#6618,1.);
#6618 = DIRECTION('',(1.,0.));
#6619 = ( GEOMETRIC_REPRESENTATION_CONTEXT(2) 
PARAMETRIC_REPRESENTATION_CONTEXT() REPRESENTATION_CONTEXT('2D SPACE',''
  ) );
#6620 = ORIENTED_EDGE('',*,*,#6621,.T.);
#6621 = EDGE_CURVE('',#6593,#6622,#6624,.T.);
#6622 = VERTEX_POINT('',#6623);
#6623 = CARTESIAN_POINT('',(-15.862584,12.0,-3.8));
#6624 = SURFACE_CURVE('',#6625,(#6629,#6636),.PCURVE_S1.);
#6625 = LINE('',#6626,#6627);
#6626 = CARTESIAN_POINT('',(13.462583,12.0,-3.8));
#6627 = VECTOR('',#6628,1.);
#6628 = DIRECTION('',(-1.,0.,0.));
#6629 = PCURVE('',#2545,#6630);
#6630 = DEFINITIONAL_REPRESENTATION('',(#6631),#6635);
#6631 = LINE('',#6632,#6633);
#6632 = CARTESIAN_POINT('',(10.45,26.2));
#6633 = VECTOR('',#6634,1.);
#6634 = DIRECTION('',(-1.,0.));
#6635 = ( GEOMETRIC_REPRESENTATION_CONTEXT(2) 
PARAMETRIC_REPRESENTATION_CONTEXT() REPRESENTATION_CONTEXT('2D SPACE',''
  ) );
#6636 = PCURVE('',#4780,#6637);
#6637 = DEFINITIONAL_REPRESENTATION('',(#6638),#6642);
#6638 = LINE('',#6639,#6640);
#6639 = CARTESIAN_POINT('',(0.,-10.45));
#6640 = VECTOR('',#6641,1.);
#6641 = DIRECTION('',(0.,1.));
#6642 = ( GEOMETRIC_REPRESENTATION_CONTEXT(2) 
PARAMETRIC_REPRESENTATION_CONTEXT() REPRESENTATION_CONTEXT('2D SPACE',''
  ) );
#6643 = ORIENTED_EDGE('',*,*,#6644,.T.);
#6644 = EDGE_CURVE('',#6622,#6645,#6647,.T.);
#6645 = VERTEX_POINT('',#6646);
#6646 = CARTESIAN_POINT('',(-28.490646,3.0,-3.8));
#6647 = SURFACE_CURVE('',#6648,(#6653,#6660),.PCURVE_S1.);
#6648 = CIRCLE('',#6649,9.);
#6649 = AXIS2_PLACEMENT_3D('',#6650,#6651,#6652);
#6650 = CARTESIAN_POINT('',(-15.862584,3.0,-3.8));
#6651 = DIRECTION('',(0.,0.,1.));
#6652 = DIRECTION('',(1.,0.,-0.));
#6653 = PCURVE('',#2545,#6654);
#6654 = DEFINITIONAL_REPRESENTATION('',(#6655),#6659);
#6655 = CIRCLE('',#6656,9.);
#6656 = AXIS2_PLACEMENT_2D('',#6657,#6658);
#6657 = CARTESIAN_POINT('',(-10.45,17.2));
#6658 = DIRECTION('',(1.,0.));
#6659 = ( GEOMETRIC_REPRESENTATION_CONTEXT(2) 
PARAMETRIC_REPRESENTATION_CONTEXT() REPRESENTATION_CONTEXT('2D SPACE',''
  ) );
#6660 = PCURVE('',#6661,#6666);
#6661 = TOROIDAL_SURFACE('',#6662,9.,3.);
#6662 = AXIS2_PLACEMENT_3D('',#6663,#6664,#6665);
#6663 = CARTESIAN_POINT('',(-15.862584,3.0,-6.8));
#6664 = DIRECTION('',(0.,0.,1.));
#6665 = DIRECTION('',(1.,0.,-0.));
#6666 = DEFINITIONAL_REPRESENTATION('',(#6667),#6671);
#6667 = LINE('',#6668,#6669);
#6668 = CARTESIAN_POINT('',(0.,1.570796326795));
#6669 = VECTOR('',#6670,1.);
#6670 = DIRECTION('',(1.,4.240739575285E-16));
#6671 = ( GEOMETRIC_REPRESENTATION_CONTEXT(2) 
PARAMETRIC_REPRESENTATION_CONTEXT() REPRESENTATION_CONTEXT('2D SPACE',''
  ) );
#6672 = ORIENTED_EDGE('',*,*,#6673,.T.);
#6673 = EDGE_CURVE('',#6645,#6521,#6674,.T.);
#6674 = SURFACE_CURVE('',#6675,(#6679,#6686),.PCURVE_S1.);
#6675 = LINE('',#6676,#6677);
#6676 = CARTESIAN_POINT('',(-28.490646,3.0,-3.8));
#6677 = VECTOR('',#6678,1.);
#6678 = DIRECTION('',(-0.,-1.,-0.));
#6679 = PCURVE('',#2545,#6680);
#6680 = DEFINITIONAL_REPRESENTATION('',(#6681),#6685);
#6681 = LINE('',#6682,#6683);
#6682 = CARTESIAN_POINT('',(-19.45,17.2));
#6683 = VECTOR('',#6684,1.);
#6684 = DIRECTION('',(0.,-1.));
#6685 = ( GEOMETRIC_REPRESENTATION_CONTEXT(2) 
PARAMETRIC_REPRESENTATION_CONTEXT() REPRESENTATION_CONTEXT('2D SPACE',''
  ) );
#6686 = PCURVE('',#6687,#6692);
#6687 = CYLINDRICAL_SURFACE('',#6688,3.);
#6688 = AXIS2_PLACEMENT_3D('',#6689,#6690,#6691);
#6689 = CARTESIAN_POINT('',(-28.490646,-14.2,-6.8));
#6690 = DIRECTION('',(-0.,-1.,-0.));
#6691 = DIRECTION('',(0.,-0.,1.));
#6692 = DEFINITIONAL_REPRESENTATION('',(#6693),#6697);
#6693 = LINE('',#6694,#6695);
#6694 = CARTESIAN_POINT('',(0.,-17.2));
#6695 = VECTOR('',#6696,1.);
#6696 = DIRECTION('',(0.,1.));
#6697 = ( GEOMETRIC_REPRESENTATION_CONTEXT(2) 
PARAMETRIC_REPRESENTATION_CONTEXT() REPRESENTATION_CONTEXT('2D SPACE',''
  ) );
#6698 = FACE_BOUND('',#6699,.T.);
#6699 = EDGE_LOOP('',(#6700,#6735,#6763,#6796,#6824,#6857,#6885,#6918));
#6700 = ORIENTED_EDGE('',*,*,#6701,.T.);
#6701 = EDGE_CURVE('',#6702,#6704,#6706,.T.);
#6702 = VERTEX_POINT('',#6703);
#6703 = CARTESIAN_POINT('',(19.495991,-24.2,-3.8));
#6704 = VERTEX_POINT('',#6705);
#6705 = CARTESIAN_POINT('',(15.286637,-27.2,-3.8));
#6706 = SURFACE_CURVE('',#6707,(#6712,#6723),.PCURVE_S1.);
#6707 = CIRCLE('',#6708,3.);
#6708 = AXIS2_PLACEMENT_3D('',#6709,#6710,#6711);
#6709 = CARTESIAN_POINT('',(15.286637,-24.2,-3.8));
#6710 = DIRECTION('',(0.,-0.,-1.));
#6711 = DIRECTION('',(1.,-0.,0.));
#6712 = PCURVE('',#2545,#6713);
#6713 = DEFINITIONAL_REPRESENTATION('',(#6714),#6722);
#6714 = ( BOUNDED_CURVE() B_SPLINE_CURVE(2,(#6715,#6716,#6717,#6718,
#6719,#6720,#6721),.UNSPECIFIED.,.T.,.F.) B_SPLINE_CURVE_WITH_KNOTS((1,2
    ,2,2,2,1),(-2.094395102393,0.,2.094395102393,4.188790204786,
6.28318530718,8.377580409573),.UNSPECIFIED.) CURVE() 
GEOMETRIC_REPRESENTATION_ITEM() RATIONAL_B_SPLINE_CURVE((1.,0.5,1.,0.5,
1.,0.5,1.)) REPRESENTATION_ITEM('') );
#6715 = CARTESIAN_POINT('',(14.75,-10.));
#6716 = CARTESIAN_POINT('',(14.75,-15.1961524227));
#6717 = CARTESIAN_POINT('',(10.25,-12.59807621135));
#6718 = CARTESIAN_POINT('',(5.75,-10.));
#6719 = CARTESIAN_POINT('',(10.25,-7.401923788647));
#6720 = CARTESIAN_POINT('',(14.75,-4.803847577293));
#6721 = CARTESIAN_POINT('',(14.75,-10.));
#6722 = ( GEOMETRIC_REPRESENTATION_CONTEXT(2) 
PARAMETRIC_REPRESENTATION_CONTEXT() REPRESENTATION_CONTEXT('2D SPACE',''
  ) );
#6723 = PCURVE('',#6724,#6729);
#6724 = CONICAL_SURFACE('',#6725,2.,0.7853981625);
#6725 = AXIS2_PLACEMENT_3D('',#6726,#6727,#6728);
#6726 = CARTESIAN_POINT('',(15.286637,-24.2,-4.8));
#6727 = DIRECTION('',(0.,0.,1.));
#6728 = DIRECTION('',(1.,0.,-0.));
#6729 = DEFINITIONAL_REPRESENTATION('',(#6730),#6734);
#6730 = LINE('',#6731,#6732);
#6731 = CARTESIAN_POINT('',(6.28318530718,1.000000000897));
#6732 = VECTOR('',#6733,1.);
#6733 = DIRECTION('',(-1.,0.));
#6734 = ( GEOMETRIC_REPRESENTATION_CONTEXT(2) 
PARAMETRIC_REPRESENTATION_CONTEXT() REPRESENTATION_CONTEXT('2D SPACE',''
  ) );
#6735 = ORIENTED_EDGE('',*,*,#6736,.T.);
#6736 = EDGE_CURVE('',#6704,#6737,#6739,.T.);
#6737 = VERTEX_POINT('',#6738);
#6738 = CARTESIAN_POINT('',(-18.388196,-27.2,-3.8));
#6739 = SURFACE_CURVE('',#6740,(#6744,#6751),.PCURVE_S1.);
#6740 = LINE('',#6741,#6742);
#6741 = CARTESIAN_POINT('',(15.286637,-27.2,-3.8));
#6742 = VECTOR('',#6743,1.);
#6743 = DIRECTION('',(-1.,0.,0.));
#6744 = PCURVE('',#2545,#6745);
#6745 = DEFINITIONAL_REPRESENTATION('',(#6746),#6750);
#6746 = LINE('',#6747,#6748);
#6747 = CARTESIAN_POINT('',(11.75,-13.));
#6748 = VECTOR('',#6749,1.);
#6749 = DIRECTION('',(-1.,0.));
#6750 = ( GEOMETRIC_REPRESENTATION_CONTEXT(2) 
PARAMETRIC_REPRESENTATION_CONTEXT() REPRESENTATION_CONTEXT('2D SPACE',''
  ) );
#6751 = PCURVE('',#6752,#6757);
#6752 = PLANE('',#6753);
#6753 = AXIS2_PLACEMENT_3D('',#6754,#6755,#6756);
#6754 = CARTESIAN_POINT('',(19.495991,-26.2,-4.8));
#6755 = DIRECTION('',(0.,0.707106781187,0.707106781187));
#6756 = DIRECTION('',(-1.,0.,0.));
#6757 = DEFINITIONAL_REPRESENTATION('',(#6758),#6762);
#6758 = LINE('',#6759,#6760);
#6759 = CARTESIAN_POINT('',(3.,1.414213562373));
#6760 = VECTOR('',#6761,1.);
#6761 = DIRECTION('',(1.,0.));
#6762 = ( GEOMETRIC_REPRESENTATION_CONTEXT(2) 
PARAMETRIC_REPRESENTATION_CONTEXT() REPRESENTATION_CONTEXT('2D SPACE',''
  ) );
#6763 = ORIENTED_EDGE('',*,*,#6764,.T.);
#6764 = EDGE_CURVE('',#6737,#6765,#6767,.T.);
#6765 = VERTEX_POINT('',#6766);
#6766 = CARTESIAN_POINT('',(-22.597550,-24.2,-3.8));
#6767 = SURFACE_CURVE('',#6768,(#6773,#6784),.PCURVE_S1.);
#6768 = CIRCLE('',#6769,3.);
#6769 = AXIS2_PLACEMENT_3D('',#6770,#6771,#6772);
#6770 = CARTESIAN_POINT('',(-18.388196,-24.2,-3.8));
#6771 = DIRECTION('',(0.,-0.,-1.));
#6772 = DIRECTION('',(1.,-0.,0.));
#6773 = PCURVE('',#2545,#6774);
#6774 = DEFINITIONAL_REPRESENTATION('',(#6775),#6783);
#6775 = ( BOUNDED_CURVE() B_SPLINE_CURVE(2,(#6776,#6777,#6778,#6779,
#6780,#6781,#6782),.UNSPECIFIED.,.T.,.F.) B_SPLINE_CURVE_WITH_KNOTS((1,2
    ,2,2,2,1),(-2.094395102393,0.,2.094395102393,4.188790204786,
6.28318530718,8.377580409573),.UNSPECIFIED.) CURVE() 
GEOMETRIC_REPRESENTATION_ITEM() RATIONAL_B_SPLINE_CURVE((1.,0.5,1.,0.5,
1.,0.5,1.)) REPRESENTATION_ITEM('') );
#6776 = CARTESIAN_POINT('',(-9.25,-10.));
#6777 = CARTESIAN_POINT('',(-9.25,-15.1961524227));
#6778 = CARTESIAN_POINT('',(-13.75,-12.59807621135));
#6779 = CARTESIAN_POINT('',(-18.25,-10.));
#6780 = CARTESIAN_POINT('',(-13.75,-7.401923788647));
#6781 = CARTESIAN_POINT('',(-9.25,-4.803847577293));
#6782 = CARTESIAN_POINT('',(-9.25,-10.));
#6783 = ( GEOMETRIC_REPRESENTATION_CONTEXT(2) 
PARAMETRIC_REPRESENTATION_CONTEXT() REPRESENTATION_CONTEXT('2D SPACE',''
  ) );
#6784 = PCURVE('',#6785,#6790);
#6785 = CONICAL_SURFACE('',#6786,2.,0.7853981625);
#6786 = AXIS2_PLACEMENT_3D('',#6787,#6788,#6789);
#6787 = CARTESIAN_POINT('',(-18.388196,-24.2,-4.8));
#6788 = DIRECTION('',(0.,0.,1.));
#6789 = DIRECTION('',(1.,0.,-0.));
#6790 = DEFINITIONAL_REPRESENTATION('',(#6791),#6795);
#6791 = LINE('',#6792,#6793);
#6792 = CARTESIAN_POINT('',(6.28318530718,1.000000000897));
#6793 = VECTOR('',#6794,1.);
#6794 = DIRECTION('',(-1.,0.));
#6795 = ( GEOMETRIC_REPRESENTATION_CONTEXT(2) 
PARAMETRIC_REPRESENTATION_CONTEXT() REPRESENTATION_CONTEXT('2D SPACE',''
  ) );
#6796 = ORIENTED_EDGE('',*,*,#6797,.T.);
#6797 = EDGE_CURVE('',#6765,#6798,#6800,.T.);
#6798 = VERTEX_POINT('',#6799);
#6799 = CARTESIAN_POINT('',(-22.597550,0.8,-3.8));
#6800 = SURFACE_CURVE('',#6801,(#6805,#6812),.PCURVE_S1.);
#6801 = LINE('',#6802,#6803);
#6802 = CARTESIAN_POINT('',(-22.597550,-24.2,-3.8));
#6803 = VECTOR('',#6804,1.);
#6804 = DIRECTION('',(0.,1.,0.));
#6805 = PCURVE('',#2545,#6806);
#6806 = DEFINITIONAL_REPRESENTATION('',(#6807),#6811);
#6807 = LINE('',#6808,#6809);
#6808 = CARTESIAN_POINT('',(-15.25,-10.));
#6809 = VECTOR('',#6810,1.);
#6810 = DIRECTION('',(0.,1.));
#6811 = ( GEOMETRIC_REPRESENTATION_CONTEXT(2) 
PARAMETRIC_REPRESENTATION_CONTEXT() REPRESENTATION_CONTEXT('2D SPACE',''
  ) );
#6812 = PCURVE('',#6813,#6818);
#6813 = PLANE('',#6814);
#6814 = AXIS2_PLACEMENT_3D('',#6815,#6816,#6817);
#6815 = CARTESIAN_POINT('',(-21.194432,3.8,-4.8));
#6816 = DIRECTION('',(-0.707106781187,0.,-0.707106781187));
#6817 = DIRECTION('',(0.,-1.,-0.));
#6818 = DEFINITIONAL_REPRESENTATION('',(#6819),#6823);
#6819 = LINE('',#6820,#6821);
#6820 = CARTESIAN_POINT('',(28.,1.414213562373));
#6821 = VECTOR('',#6822,1.);
#6822 = DIRECTION('',(-1.,0.));
#6823 = ( GEOMETRIC_REPRESENTATION_CONTEXT(2) 
PARAMETRIC_REPRESENTATION_CONTEXT() REPRESENTATION_CONTEXT('2D SPACE',''
  ) );
#6824 = ORIENTED_EDGE('',*,*,#6825,.T.);
#6825 = EDGE_CURVE('',#6798,#6826,#6828,.T.);
#6826 = VERTEX_POINT('',#6827);
#6827 = CARTESIAN_POINT('',(-18.388196,3.8,-3.8));
#6828 = SURFACE_CURVE('',#6829,(#6834,#6845),.PCURVE_S1.);
#6829 = CIRCLE('',#6830,3.);
#6830 = AXIS2_PLACEMENT_3D('',#6831,#6832,#6833);
#6831 = CARTESIAN_POINT('',(-18.388196,0.8,-3.8));
#6832 = DIRECTION('',(0.,-0.,-1.));
#6833 = DIRECTION('',(1.,-0.,0.));
#6834 = PCURVE('',#2545,#6835);
#6835 = DEFINITIONAL_REPRESENTATION('',(#6836),#6844);
#6836 = ( BOUNDED_CURVE() B_SPLINE_CURVE(2,(#6837,#6838,#6839,#6840,
#6841,#6842,#6843),.UNSPECIFIED.,.T.,.F.) B_SPLINE_CURVE_WITH_KNOTS((1,2
    ,2,2,2,1),(-2.094395102393,0.,2.094395102393,4.188790204786,
6.28318530718,8.377580409573),.UNSPECIFIED.) CURVE() 
GEOMETRIC_REPRESENTATION_ITEM() RATIONAL_B_SPLINE_CURVE((1.,0.5,1.,0.5,
1.,0.5,1.)) REPRESENTATION_ITEM('') );
#6837 = CARTESIAN_POINT('',(-9.25,15.));
#6838 = CARTESIAN_POINT('',(-9.25,9.803847577293));
#6839 = CARTESIAN_POINT('',(-13.75,12.401923788647));
#6840 = CARTESIAN_POINT('',(-18.25,15.));
#6841 = CARTESIAN_POINT('',(-13.75,17.598076211353));
#6842 = CARTESIAN_POINT('',(-9.25,20.196152422707));
#6843 = CARTESIAN_POINT('',(-9.25,15.));
#6844 = ( GEOMETRIC_REPRESENTATION_CONTEXT(2) 
PARAMETRIC_REPRESENTATION_CONTEXT() REPRESENTATION_CONTEXT('2D SPACE',''
  ) );
#6845 = PCURVE('',#6846,#6851);
#6846 = CONICAL_SURFACE('',#6847,2.,0.7853981625);
#6847 = AXIS2_PLACEMENT_3D('',#6848,#6849,#6850);
#6848 = CARTESIAN_POINT('',(-18.388196,0.8,-4.8));
#6849 = DIRECTION('',(0.,0.,1.));
#6850 = DIRECTION('',(1.,0.,-0.));
#6851 = DEFINITIONAL_REPRESENTATION('',(#6852),#6856);
#6852 = LINE('',#6853,#6854);
#6853 = CARTESIAN_POINT('',(6.28318530718,1.000000000897));
#6854 = VECTOR('',#6855,1.);
#6855 = DIRECTION('',(-1.,0.));
#6856 = ( GEOMETRIC_REPRESENTATION_CONTEXT(2) 
PARAMETRIC_REPRESENTATION_CONTEXT() REPRESENTATION_CONTEXT('2D SPACE',''
  ) );
#6857 = ORIENTED_EDGE('',*,*,#6858,.T.);
#6858 = EDGE_CURVE('',#6826,#6859,#6861,.T.);
#6859 = VERTEX_POINT('',#6860);
#6860 = CARTESIAN_POINT('',(15.286637,3.8,-3.8));
#6861 = SURFACE_CURVE('',#6862,(#6866,#6873),.PCURVE_S1.);
#6862 = LINE('',#6863,#6864);
#6863 = CARTESIAN_POINT('',(-18.388196,3.8,-3.8));
#6864 = VECTOR('',#6865,1.);
#6865 = DIRECTION('',(1.,-0.,-0.));
#6866 = PCURVE('',#2545,#6867);
#6867 = DEFINITIONAL_REPRESENTATION('',(#6868),#6872);
#6868 = LINE('',#6869,#6870);
#6869 = CARTESIAN_POINT('',(-12.25,18.));
#6870 = VECTOR('',#6871,1.);
#6871 = DIRECTION('',(1.,-0.));
#6872 = ( GEOMETRIC_REPRESENTATION_CONTEXT(2) 
PARAMETRIC_REPRESENTATION_CONTEXT() REPRESENTATION_CONTEXT('2D SPACE',''
  ) );
#6873 = PCURVE('',#6874,#6879);
#6874 = PLANE('',#6875);
#6875 = AXIS2_PLACEMENT_3D('',#6876,#6877,#6878);
#6876 = CARTESIAN_POINT('',(-1.550780,2.8,-4.8));
#6877 = DIRECTION('',(0.,-0.707106781187,0.707106781187));
#6878 = DIRECTION('',(1.,0.,0.));
#6879 = DEFINITIONAL_REPRESENTATION('',(#6880),#6884);
#6880 = LINE('',#6881,#6882);
#6881 = CARTESIAN_POINT('',(-12.,1.414213562373));
#6882 = VECTOR('',#6883,1.);
#6883 = DIRECTION('',(1.,0.));
#6884 = ( GEOMETRIC_REPRESENTATION_CONTEXT(2) 
PARAMETRIC_REPRESENTATION_CONTEXT() REPRESENTATION_CONTEXT('2D SPACE',''
  ) );
#6885 = ORIENTED_EDGE('',*,*,#6886,.T.);
#6886 = EDGE_CURVE('',#6859,#6887,#6889,.T.);
#6887 = VERTEX_POINT('',#6888);
#6888 = CARTESIAN_POINT('',(19.495991,0.8,-3.8));
#6889 = SURFACE_CURVE('',#6890,(#6895,#6906),.PCURVE_S1.);
#6890 = CIRCLE('',#6891,3.);
#6891 = AXIS2_PLACEMENT_3D('',#6892,#6893,#6894);
#6892 = CARTESIAN_POINT('',(15.286637,0.8,-3.8));
#6893 = DIRECTION('',(0.,-0.,-1.));
#6894 = DIRECTION('',(1.,-0.,0.));
#6895 = PCURVE('',#2545,#6896);
#6896 = DEFINITIONAL_REPRESENTATION('',(#6897),#6905);
#6897 = ( BOUNDED_CURVE() B_SPLINE_CURVE(2,(#6898,#6899,#6900,#6901,
#6902,#6903,#6904),.UNSPECIFIED.,.T.,.F.) B_SPLINE_CURVE_WITH_KNOTS((1,2
    ,2,2,2,1),(-2.094395102393,0.,2.094395102393,4.188790204786,
6.28318530718,8.377580409573),.UNSPECIFIED.) CURVE() 
GEOMETRIC_REPRESENTATION_ITEM() RATIONAL_B_SPLINE_CURVE((1.,0.5,1.,0.5,
1.,0.5,1.)) REPRESENTATION_ITEM('') );
#6898 = CARTESIAN_POINT('',(14.75,15.));
#6899 = CARTESIAN_POINT('',(14.75,9.803847577293));
#6900 = CARTESIAN_POINT('',(10.25,12.401923788647));
#6901 = CARTESIAN_POINT('',(5.75,15.));
#6902 = CARTESIAN_POINT('',(10.25,17.598076211353));
#6903 = CARTESIAN_POINT('',(14.75,20.196152422707));
#6904 = CARTESIAN_POINT('',(14.75,15.));
#6905 = ( GEOMETRIC_REPRESENTATION_CONTEXT(2) 
PARAMETRIC_REPRESENTATION_CONTEXT() REPRESENTATION_CONTEXT('2D SPACE',''
  ) );
#6906 = PCURVE('',#6907,#6912);
#6907 = CONICAL_SURFACE('',#6908,2.,0.7853981625);
#6908 = AXIS2_PLACEMENT_3D('',#6909,#6910,#6911);
#6909 = CARTESIAN_POINT('',(15.286637,0.8,-4.8));
#6910 = DIRECTION('',(0.,0.,1.));
#6911 = DIRECTION('',(1.,0.,-0.));
#6912 = DEFINITIONAL_REPRESENTATION('',(#6913),#6917);
#6913 = LINE('',#6914,#6915);
#6914 = CARTESIAN_POINT('',(6.28318530718,1.000000000897));
#6915 = VECTOR('',#6916,1.);
#6916 = DIRECTION('',(-1.,0.));
#6917 = ( GEOMETRIC_REPRESENTATION_CONTEXT(2) 
PARAMETRIC_REPRESENTATION_CONTEXT() REPRESENTATION_CONTEXT('2D SPACE',''
  ) );
#6918 = ORIENTED_EDGE('',*,*,#6919,.T.);
#6919 = EDGE_CURVE('',#6887,#6702,#6920,.T.);
#6920 = SURFACE_CURVE('',#6921,(#6925,#6932),.PCURVE_S1.);
#6921 = LINE('',#6922,#6923);
#6922 = CARTESIAN_POINT('',(19.495991,0.8,-3.8));
#6923 = VECTOR('',#6924,1.);
#6924 = DIRECTION('',(-0.,-1.,0.));
#6925 = PCURVE('',#2545,#6926);
#6926 = DEFINITIONAL_REPRESENTATION('',(#6927),#6931);
#6927 = LINE('',#6928,#6929);
#6928 = CARTESIAN_POINT('',(14.75,15.));
#6929 = VECTOR('',#6930,1.);
#6930 = DIRECTION('',(-0.,-1.));
#6931 = ( GEOMETRIC_REPRESENTATION_CONTEXT(2) 
PARAMETRIC_REPRESENTATION_CONTEXT() REPRESENTATION_CONTEXT('2D SPACE',''
  ) );
#6932 = PCURVE('',#6933,#6938);
#6933 = PLANE('',#6934);
#6934 = AXIS2_PLACEMENT_3D('',#6935,#6936,#6937);
#6935 = CARTESIAN_POINT('',(18.092873,-11.7,-4.8));
#6936 = DIRECTION('',(-0.707106781187,0.,0.707106781187));
#6937 = DIRECTION('',(-0.,-1.,0.));
#6938 = DEFINITIONAL_REPRESENTATION('',(#6939),#6943);
#6939 = LINE('',#6940,#6941);
#6940 = CARTESIAN_POINT('',(-12.5,1.414213562373));
#6941 = VECTOR('',#6942,1.);
#6942 = DIRECTION('',(1.,0.));
#6943 = ( GEOMETRIC_REPRESENTATION_CONTEXT(2) 
PARAMETRIC_REPRESENTATION_CONTEXT() REPRESENTATION_CONTEXT('2D SPACE',''
  ) );
#6944 = ADVANCED_FACE('',(#6945),#6959,.T.);
#6945 = FACE_BOUND('',#6946,.T.);
#6946 = EDGE_LOOP('',(#6947,#6977,#7005,#7033));
#6947 = ORIENTED_EDGE('',*,*,#6948,.F.);
#6948 = EDGE_CURVE('',#6949,#6951,#6953,.T.);
#6949 = VERTEX_POINT('',#6950);
#6950 = CARTESIAN_POINT('',(-16.985078,-33.4,-4.8));
#6951 = VERTEX_POINT('',#6952);
#6952 = CARTESIAN_POINT('',(-24.281292,-33.4,-4.8));
#6953 = SURFACE_CURVE('',#6954,(#6958,#6970),.PCURVE_S1.);
#6954 = LINE('',#6955,#6956);
#6955 = CARTESIAN_POINT('',(-16.985078,-33.4,-4.8));
#6956 = VECTOR('',#6957,1.);
#6957 = DIRECTION('',(-1.,0.,0.));
#6958 = PCURVE('',#6959,#6964);
#6959 = PLANE('',#6960);
#6960 = AXIS2_PLACEMENT_3D('',#6961,#6962,#6963);
#6961 = CARTESIAN_POINT('',(14.058909,-33.4,-9.0));
#6962 = DIRECTION('',(0.,1.,0.));
#6963 = DIRECTION('',(-0.,0.,-1.));
#6964 = DEFINITIONAL_REPRESENTATION('',(#6965),#6969);
#6965 = LINE('',#6966,#6967);
#6966 = CARTESIAN_POINT('',(-4.2,22.125));
#6967 = VECTOR('',#6968,1.);
#6968 = DIRECTION('',(0.,1.));
#6969 = ( GEOMETRIC_REPRESENTATION_CONTEXT(2) 
PARAMETRIC_REPRESENTATION_CONTEXT() REPRESENTATION_CONTEXT('2D SPACE',''
  ) );
#6970 = PCURVE('',#3871,#6971);
#6971 = DEFINITIONAL_REPRESENTATION('',(#6972),#6976);
#6972 = LINE('',#6973,#6974);
#6973 = CARTESIAN_POINT('',(-11.25,-19.2));
#6974 = VECTOR('',#6975,1.);
#6975 = DIRECTION('',(-1.,0.));
#6976 = ( GEOMETRIC_REPRESENTATION_CONTEXT(2) 
PARAMETRIC_REPRESENTATION_CONTEXT() REPRESENTATION_CONTEXT('2D SPACE',''
  ) );
#6977 = ORIENTED_EDGE('',*,*,#6978,.F.);
#6978 = EDGE_CURVE('',#6979,#6949,#6981,.T.);
#6979 = VERTEX_POINT('',#6980);
#6980 = CARTESIAN_POINT('',(-16.985078,-33.4,-9.0));
#6981 = SURFACE_CURVE('',#6982,(#6986,#6993),.PCURVE_S1.);
#6982 = LINE('',#6983,#6984);
#6983 = CARTESIAN_POINT('',(-16.985078,-33.4,-9.0));
#6984 = VECTOR('',#6985,1.);
#6985 = DIRECTION('',(0.,0.,1.));
#6986 = PCURVE('',#6959,#6987);
#6987 = DEFINITIONAL_REPRESENTATION('',(#6988),#6992);
#6988 = LINE('',#6989,#6990);
#6989 = CARTESIAN_POINT('',(0.,22.125));
#6990 = VECTOR('',#6991,1.);
#6991 = DIRECTION('',(-1.,0.));
#6992 = ( GEOMETRIC_REPRESENTATION_CONTEXT(2) 
PARAMETRIC_REPRESENTATION_CONTEXT() REPRESENTATION_CONTEXT('2D SPACE',''
  ) );
#6993 = PCURVE('',#6994,#6999);
#6994 = PLANE('',#6995);
#6995 = AXIS2_PLACEMENT_3D('',#6996,#6997,#6998);
#6996 = CARTESIAN_POINT('',(-16.985078,-35.7,-9.0));
#6997 = DIRECTION('',(-1.,0.,0.));
#6998 = DIRECTION('',(0.,0.,1.));
#6999 = DEFINITIONAL_REPRESENTATION('',(#7000),#7004);
#7000 = LINE('',#7001,#7002);
#7001 = CARTESIAN_POINT('',(0.,2.3));
#7002 = VECTOR('',#7003,1.);
#7003 = DIRECTION('',(1.,0.));
#7004 = ( GEOMETRIC_REPRESENTATION_CONTEXT(2) 
PARAMETRIC_REPRESENTATION_CONTEXT() REPRESENTATION_CONTEXT('2D SPACE',''
  ) );
#7005 = ORIENTED_EDGE('',*,*,#7006,.F.);
#7006 = EDGE_CURVE('',#7007,#6979,#7009,.T.);
#7007 = VERTEX_POINT('',#7008);
#7008 = CARTESIAN_POINT('',(-24.281292,-33.4,-9.0));
#7009 = SURFACE_CURVE('',#7010,(#7014,#7021),.PCURVE_S1.);
#7010 = LINE('',#7011,#7012);
#7011 = CARTESIAN_POINT('',(-24.281292,-33.4,-9.0));
#7012 = VECTOR('',#7013,1.);
#7013 = DIRECTION('',(1.,-0.,-0.));
#7014 = PCURVE('',#6959,#7015);
#7015 = DEFINITIONAL_REPRESENTATION('',(#7016),#7020);
#7016 = LINE('',#7017,#7018);
#7017 = CARTESIAN_POINT('',(0.,27.325));
#7018 = VECTOR('',#7019,1.);
#7019 = DIRECTION('',(0.,-1.));
#7020 = ( GEOMETRIC_REPRESENTATION_CONTEXT(2) 
PARAMETRIC_REPRESENTATION_CONTEXT() REPRESENTATION_CONTEXT('2D SPACE',''
  ) );
#7021 = PCURVE('',#7022,#7027);
#7022 = PLANE('',#7023);
#7023 = AXIS2_PLACEMENT_3D('',#7024,#7025,#7026);
#7024 = CARTESIAN_POINT('',(-1.200000,-14.2,-9.0));
#7025 = DIRECTION('',(0.,0.,1.));
#7026 = DIRECTION('',(1.,0.,-0.));
#7027 = DEFINITIONAL_REPRESENTATION('',(#7028),#7032);
#7028 = LINE('',#7029,#7030);
#7029 = CARTESIAN_POINT('',(-16.45,-19.2));
#7030 = VECTOR('',#7031,1.);
#7031 = DIRECTION('',(1.,-0.));
#7032 = ( GEOMETRIC_REPRESENTATION_CONTEXT(2) 
PARAMETRIC_REPRESENTATION_CONTEXT() REPRESENTATION_CONTEXT('2D SPACE',''
  ) );
#7033 = ORIENTED_EDGE('',*,*,#7034,.T.);
#7034 = EDGE_CURVE('',#7007,#6951,#7035,.T.);
#7035 = SURFACE_CURVE('',#7036,(#7040,#7047),.PCURVE_S1.);
#7036 = LINE('',#7037,#7038);
#7037 = CARTESIAN_POINT('',(-24.281292,-33.4,-9.0));
#7038 = VECTOR('',#7039,1.);
#7039 = DIRECTION('',(0.,0.,1.));
#7040 = PCURVE('',#6959,#7041);
#7041 = DEFINITIONAL_REPRESENTATION('',(#7042),#7046);
#7042 = LINE('',#7043,#7044);
#7043 = CARTESIAN_POINT('',(0.,27.325));
#7044 = VECTOR('',#7045,1.);
#7045 = DIRECTION('',(-1.,0.));
#7046 = ( GEOMETRIC_REPRESENTATION_CONTEXT(2) 
PARAMETRIC_REPRESENTATION_CONTEXT() REPRESENTATION_CONTEXT('2D SPACE',''
  ) );
#7047 = PCURVE('',#7048,#7053);
#7048 = PLANE('',#7049);
#7049 = AXIS2_PLACEMENT_3D('',#7050,#7051,#7052);
#7050 = CARTESIAN_POINT('',(-24.281292,-14.2,-9.0));
#7051 = DIRECTION('',(1.,-0.,-0.));
#7052 = DIRECTION('',(-0.,-0.,-1.));
#7053 = DEFINITIONAL_REPRESENTATION('',(#7054),#7058);
#7054 = LINE('',#7055,#7056);
#7055 = CARTESIAN_POINT('',(0.,-19.2));
#7056 = VECTOR('',#7057,1.);
#7057 = DIRECTION('',(-1.,0.));
#7058 = ( GEOMETRIC_REPRESENTATION_CONTEXT(2) 
PARAMETRIC_REPRESENTATION_CONTEXT() REPRESENTATION_CONTEXT('2D SPACE',''
  ) );
#7059 = ADVANCED_FACE('',(#7060,#7095),#7022,.F.);
#7060 = FACE_BOUND('',#7061,.T.);
#7061 = EDGE_LOOP('',(#7062));
#7062 = ORIENTED_EDGE('',*,*,#7063,.F.);
#7063 = EDGE_CURVE('',#7064,#7064,#7066,.T.);
#7064 = VERTEX_POINT('',#7065);
#7065 = CARTESIAN_POINT('',(-22.246771,-36.2,-9.0));
#7066 = SURFACE_CURVE('',#7067,(#7072,#7083),.PCURVE_S1.);
#7067 = CIRCLE('',#7068,1.);
#7068 = AXIS2_PLACEMENT_3D('',#7069,#7070,#7071);
#7069 = CARTESIAN_POINT('',(-20.843653,-36.2,-9.0));
#7070 = DIRECTION('',(-0.,0.,-1.));
#7071 = DIRECTION('',(-1.,0.,0.));
#7072 = PCURVE('',#7022,#7073);
#7073 = DEFINITIONAL_REPRESENTATION('',(#7074),#7082);
#7074 = ( BOUNDED_CURVE() B_SPLINE_CURVE(2,(#7075,#7076,#7077,#7078,
#7079,#7080,#7081),.UNSPECIFIED.,.T.,.F.) B_SPLINE_CURVE_WITH_KNOTS((1,2
    ,2,2,2,1),(-2.094395102393,0.,2.094395102393,4.188790204786,
6.28318530718,8.377580409573),.UNSPECIFIED.) CURVE() 
GEOMETRIC_REPRESENTATION_ITEM() RATIONAL_B_SPLINE_CURVE((1.,0.5,1.,0.5,
1.,0.5,1.)) REPRESENTATION_ITEM('') );
#7075 = CARTESIAN_POINT('',(-15.,-22.));
#7076 = CARTESIAN_POINT('',(-15.,-20.26794919243));
#7077 = CARTESIAN_POINT('',(-13.5,-21.13397459621));
#7078 = CARTESIAN_POINT('',(-12.,-22.));
#7079 = CARTESIAN_POINT('',(-13.5,-22.86602540378));
#7080 = CARTESIAN_POINT('',(-15.,-23.73205080756));
#7081 = CARTESIAN_POINT('',(-15.,-22.));
#7082 = ( GEOMETRIC_REPRESENTATION_CONTEXT(2) 
PARAMETRIC_REPRESENTATION_CONTEXT() REPRESENTATION_CONTEXT('2D SPACE',''
  ) );
#7083 = PCURVE('',#7084,#7089);
#7084 = CYLINDRICAL_SURFACE('',#7085,1.);
#7085 = AXIS2_PLACEMENT_3D('',#7086,#7087,#7088);
#7086 = CARTESIAN_POINT('',(-20.843653,-36.2,-6.0));
#7087 = DIRECTION('',(-0.,-0.,-1.));
#7088 = DIRECTION('',(-1.,0.,0.));
#7089 = DEFINITIONAL_REPRESENTATION('',(#7090),#7094);
#7090 = LINE('',#7091,#7092);
#7091 = CARTESIAN_POINT('',(0.,3.));
#7092 = VECTOR('',#7093,1.);
#7093 = DIRECTION('',(1.,0.));
#7094 = ( GEOMETRIC_REPRESENTATION_CONTEXT(2) 
PARAMETRIC_REPRESENTATION_CONTEXT() REPRESENTATION_CONTEXT('2D SPACE',''
  ) );
#7095 = FACE_BOUND('',#7096,.T.);
#7096 = EDGE_LOOP('',(#7097,#7122,#7151,#7184,#7205,#7206,#7229));
#7097 = ORIENTED_EDGE('',*,*,#7098,.F.);
#7098 = EDGE_CURVE('',#7099,#7101,#7103,.T.);
#7099 = VERTEX_POINT('',#7100);
#7100 = CARTESIAN_POINT('',(-25.684410,-22.7,-9.0));
#7101 = VERTEX_POINT('',#7102);
#7102 = CARTESIAN_POINT('',(-25.684410,-38.5,-9.0));
#7103 = SURFACE_CURVE('',#7104,(#7108,#7115),.PCURVE_S1.);
#7104 = LINE('',#7105,#7106);
#7105 = CARTESIAN_POINT('',(-25.684410,-22.7,-9.0));
#7106 = VECTOR('',#7107,1.);
#7107 = DIRECTION('',(-0.,-1.,-0.));
#7108 = PCURVE('',#7022,#7109);
#7109 = DEFINITIONAL_REPRESENTATION('',(#7110),#7114);
#7110 = LINE('',#7111,#7112);
#7111 = CARTESIAN_POINT('',(-17.45,-8.5));
#7112 = VECTOR('',#7113,1.);
#7113 = DIRECTION('',(0.,-1.));
#7114 = ( GEOMETRIC_REPRESENTATION_CONTEXT(2) 
PARAMETRIC_REPRESENTATION_CONTEXT() REPRESENTATION_CONTEXT('2D SPACE',''
  ) );
#7115 = PCURVE('',#3434,#7116);
#7116 = DEFINITIONAL_REPRESENTATION('',(#7117),#7121);
#7117 = LINE('',#7118,#7119);
#7118 = CARTESIAN_POINT('',(-5.,-6.));
#7119 = VECTOR('',#7120,1.);
#7120 = DIRECTION('',(0.,-1.));
#7121 = ( GEOMETRIC_REPRESENTATION_CONTEXT(2) 
PARAMETRIC_REPRESENTATION_CONTEXT() REPRESENTATION_CONTEXT('2D SPACE',''
  ) );
#7122 = ORIENTED_EDGE('',*,*,#7123,.T.);
#7123 = EDGE_CURVE('',#7099,#7124,#7126,.T.);
#7124 = VERTEX_POINT('',#7125);
#7125 = CARTESIAN_POINT('',(-24.982849,-23.2,-9.0));
#7126 = SURFACE_CURVE('',#7127,(#7132,#7139),.PCURVE_S1.);
#7127 = CIRCLE('',#7128,0.5);
#7128 = AXIS2_PLACEMENT_3D('',#7129,#7130,#7131);
#7129 = CARTESIAN_POINT('',(-24.982851,-22.7,-9.0));
#7130 = DIRECTION('',(0.,0.,1.));
#7131 = DIRECTION('',(1.,0.,-0.));
#7132 = PCURVE('',#7022,#7133);
#7133 = DEFINITIONAL_REPRESENTATION('',(#7134),#7138);
#7134 = CIRCLE('',#7135,0.5);
#7135 = AXIS2_PLACEMENT_2D('',#7136,#7137);
#7136 = CARTESIAN_POINT('',(-16.95,-8.5));
#7137 = DIRECTION('',(1.,0.));
#7138 = ( GEOMETRIC_REPRESENTATION_CONTEXT(2) 
PARAMETRIC_REPRESENTATION_CONTEXT() REPRESENTATION_CONTEXT('2D SPACE',''
  ) );
#7139 = PCURVE('',#7140,#7145);
#7140 = CYLINDRICAL_SURFACE('',#7141,0.5);
#7141 = AXIS2_PLACEMENT_3D('',#7142,#7143,#7144);
#7142 = CARTESIAN_POINT('',(-24.982851,-22.7,-4.0));
#7143 = DIRECTION('',(0.,0.,1.));
#7144 = DIRECTION('',(1.,0.,-0.));
#7145 = DEFINITIONAL_REPRESENTATION('',(#7146),#7150);
#7146 = LINE('',#7147,#7148);
#7147 = CARTESIAN_POINT('',(0.,-5.));
#7148 = VECTOR('',#7149,1.);
#7149 = DIRECTION('',(1.,0.));
#7150 = ( GEOMETRIC_REPRESENTATION_CONTEXT(2) 
PARAMETRIC_REPRESENTATION_CONTEXT() REPRESENTATION_CONTEXT('2D SPACE',''
  ) );
#7151 = ORIENTED_EDGE('',*,*,#7152,.T.);
#7152 = EDGE_CURVE('',#7124,#7153,#7155,.T.);
#7153 = VERTEX_POINT('',#7154);
#7154 = CARTESIAN_POINT('',(-24.281292,-23.7,-9.0));
#7155 = SURFACE_CURVE('',#7156,(#7161,#7172),.PCURVE_S1.);
#7156 = CIRCLE('',#7157,0.5);
#7157 = AXIS2_PLACEMENT_3D('',#7158,#7159,#7160);
#7158 = CARTESIAN_POINT('',(-24.982851,-23.7,-9.0));
#7159 = DIRECTION('',(0.,-0.,-1.));
#7160 = DIRECTION('',(1.,-0.,0.));
#7161 = PCURVE('',#7022,#7162);
#7162 = DEFINITIONAL_REPRESENTATION('',(#7163),#7171);
#7163 = ( BOUNDED_CURVE() B_SPLINE_CURVE(2,(#7164,#7165,#7166,#7167,
#7168,#7169,#7170),.UNSPECIFIED.,.T.,.F.) B_SPLINE_CURVE_WITH_KNOTS((1,2
    ,2,2,2,1),(-2.094395102393,0.,2.094395102393,4.188790204786,
6.28318530718,8.377580409573),.UNSPECIFIED.) CURVE() 
GEOMETRIC_REPRESENTATION_ITEM() RATIONAL_B_SPLINE_CURVE((1.,0.5,1.,0.5,
1.,0.5,1.)) REPRESENTATION_ITEM('') );
#7164 = CARTESIAN_POINT('',(-16.45,-9.5));
#7165 = CARTESIAN_POINT('',(-16.45,-10.36602540378));
#7166 = CARTESIAN_POINT('',(-17.2,-9.933012701892));
#7167 = CARTESIAN_POINT('',(-17.95,-9.5));
#7168 = CARTESIAN_POINT('',(-17.2,-9.066987298108));
#7169 = CARTESIAN_POINT('',(-16.45,-8.633974596216));
#7170 = CARTESIAN_POINT('',(-16.45,-9.5));
#7171 = ( GEOMETRIC_REPRESENTATION_CONTEXT(2) 
PARAMETRIC_REPRESENTATION_CONTEXT() REPRESENTATION_CONTEXT('2D SPACE',''
  ) );
#7172 = PCURVE('',#7173,#7178);
#7173 = CYLINDRICAL_SURFACE('',#7174,0.5);
#7174 = AXIS2_PLACEMENT_3D('',#7175,#7176,#7177);
#7175 = CARTESIAN_POINT('',(-24.982851,-23.7,-4.0));
#7176 = DIRECTION('',(0.,0.,1.));
#7177 = DIRECTION('',(1.,0.,-0.));
#7178 = DEFINITIONAL_REPRESENTATION('',(#7179),#7183);
#7179 = LINE('',#7180,#7181);
#7180 = CARTESIAN_POINT('',(6.28318530718,-5.));
#7181 = VECTOR('',#7182,1.);
#7182 = DIRECTION('',(-1.,0.));
#7183 = ( GEOMETRIC_REPRESENTATION_CONTEXT(2) 
PARAMETRIC_REPRESENTATION_CONTEXT() REPRESENTATION_CONTEXT('2D SPACE',''
  ) );
#7184 = ORIENTED_EDGE('',*,*,#7185,.F.);
#7185 = EDGE_CURVE('',#7007,#7153,#7186,.T.);
#7186 = SURFACE_CURVE('',#7187,(#7191,#7198),.PCURVE_S1.);
#7187 = LINE('',#7188,#7189);
#7188 = CARTESIAN_POINT('',(-24.281292,-33.4,-9.0));
#7189 = VECTOR('',#7190,1.);
#7190 = DIRECTION('',(0.,1.,0.));
#7191 = PCURVE('',#7022,#7192);
#7192 = DEFINITIONAL_REPRESENTATION('',(#7193),#7197);
#7193 = LINE('',#7194,#7195);
#7194 = CARTESIAN_POINT('',(-16.45,-19.2));
#7195 = VECTOR('',#7196,1.);
#7196 = DIRECTION('',(0.,1.));
#7197 = ( GEOMETRIC_REPRESENTATION_CONTEXT(2) 
PARAMETRIC_REPRESENTATION_CONTEXT() REPRESENTATION_CONTEXT('2D SPACE',''
  ) );
#7198 = PCURVE('',#7048,#7199);
#7199 = DEFINITIONAL_REPRESENTATION('',(#7200),#7204);
#7200 = LINE('',#7201,#7202);
#7201 = CARTESIAN_POINT('',(0.,-19.2));
#7202 = VECTOR('',#7203,1.);
#7203 = DIRECTION('',(-0.,1.));
#7204 = ( GEOMETRIC_REPRESENTATION_CONTEXT(2) 
PARAMETRIC_REPRESENTATION_CONTEXT() REPRESENTATION_CONTEXT('2D SPACE',''
  ) );
#7205 = ORIENTED_EDGE('',*,*,#7006,.T.);
#7206 = ORIENTED_EDGE('',*,*,#7207,.T.);
#7207 = EDGE_CURVE('',#6979,#7208,#7210,.T.);
#7208 = VERTEX_POINT('',#7209);
#7209 = CARTESIAN_POINT('',(-16.985078,-38.5,-9.0));
#7210 = SURFACE_CURVE('',#7211,(#7215,#7222),.PCURVE_S1.);
#7211 = LINE('',#7212,#7213);
#7212 = CARTESIAN_POINT('',(-16.985078,-33.4,-9.0));
#7213 = VECTOR('',#7214,1.);
#7214 = DIRECTION('',(-0.,-1.,-0.));
#7215 = PCURVE('',#7022,#7216);
#7216 = DEFINITIONAL_REPRESENTATION('',(#7217),#7221);
#7217 = LINE('',#7218,#7219);
#7218 = CARTESIAN_POINT('',(-11.25,-19.2));
#7219 = VECTOR('',#7220,1.);
#7220 = DIRECTION('',(0.,-1.));
#7221 = ( GEOMETRIC_REPRESENTATION_CONTEXT(2) 
PARAMETRIC_REPRESENTATION_CONTEXT() REPRESENTATION_CONTEXT('2D SPACE',''
  ) );
#7222 = PCURVE('',#6994,#7223);
#7223 = DEFINITIONAL_REPRESENTATION('',(#7224),#7228);
#7224 = LINE('',#7225,#7226);
#7225 = CARTESIAN_POINT('',(0.,2.3));
#7226 = VECTOR('',#7227,1.);
#7227 = DIRECTION('',(0.,-1.));
#7228 = ( GEOMETRIC_REPRESENTATION_CONTEXT(2) 
PARAMETRIC_REPRESENTATION_CONTEXT() REPRESENTATION_CONTEXT('2D SPACE',''
  ) );
#7229 = ORIENTED_EDGE('',*,*,#7230,.F.);
#7230 = EDGE_CURVE('',#7101,#7208,#7231,.T.);
#7231 = SURFACE_CURVE('',#7232,(#7236,#7243),.PCURVE_S1.);
#7232 = LINE('',#7233,#7234);
#7233 = CARTESIAN_POINT('',(-25.684410,-38.5,-9.0));
#7234 = VECTOR('',#7235,1.);
#7235 = DIRECTION('',(1.,-0.,-0.));
#7236 = PCURVE('',#7022,#7237);
#7237 = DEFINITIONAL_REPRESENTATION('',(#7238),#7242);
#7238 = LINE('',#7239,#7240);
#7239 = CARTESIAN_POINT('',(-17.45,-24.3));
#7240 = VECTOR('',#7241,1.);
#7241 = DIRECTION('',(1.,-0.));
#7242 = ( GEOMETRIC_REPRESENTATION_CONTEXT(2) 
PARAMETRIC_REPRESENTATION_CONTEXT() REPRESENTATION_CONTEXT('2D SPACE',''
  ) );
#7243 = PCURVE('',#1584,#7244);
#7244 = DEFINITIONAL_REPRESENTATION('',(#7245),#7249);
#7245 = LINE('',#7246,#7247);
#7246 = CARTESIAN_POINT('',(0.,17.45));
#7247 = VECTOR('',#7248,1.);
#7248 = DIRECTION('',(0.,-1.));
#7249 = ( GEOMETRIC_REPRESENTATION_CONTEXT(2) 
PARAMETRIC_REPRESENTATION_CONTEXT() REPRESENTATION_CONTEXT('2D SPACE',''
  ) );
#7250 = ADVANCED_FACE('',(#7251),#4094,.T.);
#7251 = FACE_BOUND('',#7252,.T.);
#7252 = EDGE_LOOP('',(#7253,#7278,#7299,#7300));
#7253 = ORIENTED_EDGE('',*,*,#7254,.F.);
#7254 = EDGE_CURVE('',#7255,#7257,#7259,.T.);
#7255 = VERTEX_POINT('',#7256);
#7256 = CARTESIAN_POINT('',(-24.281292,-9.700001019,-4.8));
#7257 = VERTEX_POINT('',#7258);
#7258 = CARTESIAN_POINT('',(-24.281292,5.0,-4.8));
#7259 = SURFACE_CURVE('',#7260,(#7264,#7271),.PCURVE_S1.);
#7260 = LINE('',#7261,#7262);
#7261 = CARTESIAN_POINT('',(-24.281292,-9.700001019,-4.8));
#7262 = VECTOR('',#7263,1.);
#7263 = DIRECTION('',(0.,1.,0.));
#7264 = PCURVE('',#4094,#7265);
#7265 = DEFINITIONAL_REPRESENTATION('',(#7266),#7270);
#7266 = LINE('',#7267,#7268);
#7267 = CARTESIAN_POINT('',(-4.2,4.499998981));
#7268 = VECTOR('',#7269,1.);
#7269 = DIRECTION('',(-0.,1.));
#7270 = ( GEOMETRIC_REPRESENTATION_CONTEXT(2) 
PARAMETRIC_REPRESENTATION_CONTEXT() REPRESENTATION_CONTEXT('2D SPACE',''
  ) );
#7271 = PCURVE('',#3871,#7272);
#7272 = DEFINITIONAL_REPRESENTATION('',(#7273),#7277);
#7273 = LINE('',#7274,#7275);
#7274 = CARTESIAN_POINT('',(-16.45,4.499998981));
#7275 = VECTOR('',#7276,1.);
#7276 = DIRECTION('',(0.,1.));
#7277 = ( GEOMETRIC_REPRESENTATION_CONTEXT(2) 
PARAMETRIC_REPRESENTATION_CONTEXT() REPRESENTATION_CONTEXT('2D SPACE',''
  ) );
#7278 = ORIENTED_EDGE('',*,*,#7279,.T.);
#7279 = EDGE_CURVE('',#7255,#4079,#7280,.T.);
#7280 = SURFACE_CURVE('',#7281,(#7285,#7292),.PCURVE_S1.);
#7281 = LINE('',#7282,#7283);
#7282 = CARTESIAN_POINT('',(-24.281292,-9.7,-4.8));
#7283 = VECTOR('',#7284,1.);
#7284 = DIRECTION('',(-0.,-0.,-1.));
#7285 = PCURVE('',#4094,#7286);
#7286 = DEFINITIONAL_REPRESENTATION('',(#7287),#7291);
#7287 = LINE('',#7288,#7289);
#7288 = CARTESIAN_POINT('',(-4.2,4.5));
#7289 = VECTOR('',#7290,1.);
#7290 = DIRECTION('',(1.,0.));
#7291 = ( GEOMETRIC_REPRESENTATION_CONTEXT(2) 
PARAMETRIC_REPRESENTATION_CONTEXT() REPRESENTATION_CONTEXT('2D SPACE',''
  ) );
#7292 = PCURVE('',#4127,#7293);
#7293 = DEFINITIONAL_REPRESENTATION('',(#7294),#7298);
#7294 = LINE('',#7295,#7296);
#7295 = CARTESIAN_POINT('',(3.14159265359,0.8));
#7296 = VECTOR('',#7297,1.);
#7297 = DIRECTION('',(0.,1.));
#7298 = ( GEOMETRIC_REPRESENTATION_CONTEXT(2) 
PARAMETRIC_REPRESENTATION_CONTEXT() REPRESENTATION_CONTEXT('2D SPACE',''
  ) );
#7299 = ORIENTED_EDGE('',*,*,#4078,.T.);
#7300 = ORIENTED_EDGE('',*,*,#7301,.T.);
#7301 = EDGE_CURVE('',#4051,#7257,#7302,.T.);
#7302 = SURFACE_CURVE('',#7303,(#7307,#7314),.PCURVE_S1.);
#7303 = LINE('',#7304,#7305);
#7304 = CARTESIAN_POINT('',(-24.281292,5.0,-9.0));
#7305 = VECTOR('',#7306,1.);
#7306 = DIRECTION('',(0.,0.,1.));
#7307 = PCURVE('',#4094,#7308);
#7308 = DEFINITIONAL_REPRESENTATION('',(#7309),#7313);
#7309 = LINE('',#7310,#7311);
#7310 = CARTESIAN_POINT('',(-0.,19.2));
#7311 = VECTOR('',#7312,1.);
#7312 = DIRECTION('',(-1.,0.));
#7313 = ( GEOMETRIC_REPRESENTATION_CONTEXT(2) 
PARAMETRIC_REPRESENTATION_CONTEXT() REPRESENTATION_CONTEXT('2D SPACE',''
  ) );
#7314 = PCURVE('',#4066,#7315);
#7315 = DEFINITIONAL_REPRESENTATION('',(#7316),#7320);
#7316 = LINE('',#7317,#7318);
#7317 = CARTESIAN_POINT('',(0.,7.825));
#7318 = VECTOR('',#7319,1.);
#7319 = DIRECTION('',(-1.,0.));
#7320 = ( GEOMETRIC_REPRESENTATION_CONTEXT(2) 
PARAMETRIC_REPRESENTATION_CONTEXT() REPRESENTATION_CONTEXT('2D SPACE',''
  ) );
#7321 = ADVANCED_FACE('',(#7322,#7372,#7544),#1584,.F.);
#7322 = FACE_BOUND('',#7323,.T.);
#7323 = EDGE_LOOP('',(#7324,#7350));
#7324 = ORIENTED_EDGE('',*,*,#7325,.T.);
#7325 = EDGE_CURVE('',#7326,#7328,#7330,.T.);
#7326 = VERTEX_POINT('',#7327);
#7327 = CARTESIAN_POINT('',(8.621826,-38.5,-9.4));
#7328 = VERTEX_POINT('',#7329);
#7329 = CARTESIAN_POINT('',(10.024944,-38.5,-8.4));
#7330 = SURFACE_CURVE('',#7331,(#7336,#7343),.PCURVE_S1.);
#7331 = CIRCLE('',#7332,1.);
#7332 = AXIS2_PLACEMENT_3D('',#7333,#7334,#7335);
#7333 = CARTESIAN_POINT('',(10.024944,-38.5,-9.4));
#7334 = DIRECTION('',(-0.,-1.,-0.));
#7335 = DIRECTION('',(-1.,0.,0.));
#7336 = PCURVE('',#1584,#7337);
#7337 = DEFINITIONAL_REPRESENTATION('',(#7338),#7342);
#7338 = CIRCLE('',#7339,1.);
#7339 = AXIS2_PLACEMENT_2D('',#7340,#7341);
#7340 = CARTESIAN_POINT('',(-0.4,-8.));
#7341 = DIRECTION('',(0.,1.));
#7342 = ( GEOMETRIC_REPRESENTATION_CONTEXT(2) 
PARAMETRIC_REPRESENTATION_CONTEXT() REPRESENTATION_CONTEXT('2D SPACE',''
  ) );
#7343 = PCURVE('',#1914,#7344);
#7344 = DEFINITIONAL_REPRESENTATION('',(#7345),#7349);
#7345 = LINE('',#7346,#7347);
#7346 = CARTESIAN_POINT('',(1.570796326795,8.1));
#7347 = VECTOR('',#7348,1.);
#7348 = DIRECTION('',(1.,0.));
#7349 = ( GEOMETRIC_REPRESENTATION_CONTEXT(2) 
PARAMETRIC_REPRESENTATION_CONTEXT() REPRESENTATION_CONTEXT('2D SPACE',''
  ) );
#7350 = ORIENTED_EDGE('',*,*,#7351,.T.);
#7351 = EDGE_CURVE('',#7328,#7326,#7352,.T.);
#7352 = SURFACE_CURVE('',#7353,(#7358,#7365),.PCURVE_S1.);
#7353 = CIRCLE('',#7354,1.);
#7354 = AXIS2_PLACEMENT_3D('',#7355,#7356,#7357);
#7355 = CARTESIAN_POINT('',(10.024944,-38.5,-9.4));
#7356 = DIRECTION('',(-0.,-1.,-0.));
#7357 = DIRECTION('',(-1.,0.,0.));
#7358 = PCURVE('',#1584,#7359);
#7359 = DEFINITIONAL_REPRESENTATION('',(#7360),#7364);
#7360 = CIRCLE('',#7361,1.);
#7361 = AXIS2_PLACEMENT_2D('',#7362,#7363);
#7362 = CARTESIAN_POINT('',(-0.4,-8.));
#7363 = DIRECTION('',(0.,1.));
#7364 = ( GEOMETRIC_REPRESENTATION_CONTEXT(2) 
PARAMETRIC_REPRESENTATION_CONTEXT() REPRESENTATION_CONTEXT('2D SPACE',''
  ) );
#7365 = PCURVE('',#1914,#7366);
#7366 = DEFINITIONAL_REPRESENTATION('',(#7367),#7371);
#7367 = LINE('',#7368,#7369);
#7368 = CARTESIAN_POINT('',(-4.712388980385,8.1));
#7369 = VECTOR('',#7370,1.);
#7370 = DIRECTION('',(1.,0.));
#7371 = ( GEOMETRIC_REPRESENTATION_CONTEXT(2) 
PARAMETRIC_REPRESENTATION_CONTEXT() REPRESENTATION_CONTEXT('2D SPACE',''
  ) );
#7372 = FACE_BOUND('',#7373,.T.);
#7373 = EDGE_LOOP('',(#7374,#7404,#7425,#7426,#7447,#7448,#7449,#7450,
    #7451,#7452,#7453,#7454,#7478,#7500,#7501,#7522,#7523));
#7374 = ORIENTED_EDGE('',*,*,#7375,.T.);
#7375 = EDGE_CURVE('',#7376,#7378,#7380,.T.);
#7376 = VERTEX_POINT('',#7377);
#7377 = CARTESIAN_POINT('',(-16.985078,-38.5,-7.0));
#7378 = VERTEX_POINT('',#7379);
#7379 = CARTESIAN_POINT('',(11.428062,-38.5,-7.0));
#7380 = SURFACE_CURVE('',#7381,(#7385,#7392),.PCURVE_S1.);
#7381 = LINE('',#7382,#7383);
#7382 = CARTESIAN_POINT('',(-16.985078,-38.5,-7.0));
#7383 = VECTOR('',#7384,1.);
#7384 = DIRECTION('',(1.,-0.,-0.));
#7385 = PCURVE('',#1584,#7386);
#7386 = DEFINITIONAL_REPRESENTATION('',(#7387),#7391);
#7387 = LINE('',#7388,#7389);
#7388 = CARTESIAN_POINT('',(2.,11.25));
#7389 = VECTOR('',#7390,1.);
#7390 = DIRECTION('',(0.,-1.));
#7391 = ( GEOMETRIC_REPRESENTATION_CONTEXT(2) 
PARAMETRIC_REPRESENTATION_CONTEXT() REPRESENTATION_CONTEXT('2D SPACE',''
  ) );
#7392 = PCURVE('',#7393,#7398);
#7393 = PLANE('',#7394);
#7394 = AXIS2_PLACEMENT_3D('',#7395,#7396,#7397);
#7395 = CARTESIAN_POINT('',(-1.200000,-14.2,-7.0));
#7396 = DIRECTION('',(-0.,-0.,-1.));
#7397 = DIRECTION('',(-1.,0.,0.));
#7398 = DEFINITIONAL_REPRESENTATION('',(#7399),#7403);
#7399 = LINE('',#7400,#7401);
#7400 = CARTESIAN_POINT('',(11.25,-24.3));
#7401 = VECTOR('',#7402,1.);
#7402 = DIRECTION('',(-1.,0.));
#7403 = ( GEOMETRIC_REPRESENTATION_CONTEXT(2) 
PARAMETRIC_REPRESENTATION_CONTEXT() REPRESENTATION_CONTEXT('2D SPACE',''
  ) );
#7404 = ORIENTED_EDGE('',*,*,#7405,.F.);
#7405 = EDGE_CURVE('',#3983,#7378,#7406,.T.);
#7406 = SURFACE_CURVE('',#7407,(#7411,#7418),.PCURVE_S1.);
#7407 = LINE('',#7408,#7409);
#7408 = CARTESIAN_POINT('',(11.428062,-38.5,-9.0));
#7409 = VECTOR('',#7410,1.);
#7410 = DIRECTION('',(0.,0.,1.));
#7411 = PCURVE('',#1584,#7412);
#7412 = DEFINITIONAL_REPRESENTATION('',(#7413),#7417);
#7413 = LINE('',#7414,#7415);
#7414 = CARTESIAN_POINT('',(0.,-9.));
#7415 = VECTOR('',#7416,1.);
#7416 = DIRECTION('',(1.,0.));
#7417 = ( GEOMETRIC_REPRESENTATION_CONTEXT(2) 
PARAMETRIC_REPRESENTATION_CONTEXT() REPRESENTATION_CONTEXT('2D SPACE',''
  ) );
#7418 = PCURVE('',#3843,#7419);
#7419 = DEFINITIONAL_REPRESENTATION('',(#7420),#7424);
#7420 = LINE('',#7421,#7422);
#7421 = CARTESIAN_POINT('',(0.,-2.8));
#7422 = VECTOR('',#7423,1.);
#7423 = DIRECTION('',(1.,0.));
#7424 = ( GEOMETRIC_REPRESENTATION_CONTEXT(2) 
PARAMETRIC_REPRESENTATION_CONTEXT() REPRESENTATION_CONTEXT('2D SPACE',''
  ) );
#7425 = ORIENTED_EDGE('',*,*,#3982,.T.);
#7426 = ORIENTED_EDGE('',*,*,#7427,.F.);
#7427 = EDGE_CURVE('',#1252,#3960,#7428,.T.);
#7428 = SURFACE_CURVE('',#7429,(#7433,#7440),.PCURVE_S1.);
#7429 = LINE('',#7430,#7431);
#7430 = CARTESIAN_POINT('',(23.284410,-38.5,-12.0));
#7431 = VECTOR('',#7432,1.);
#7432 = DIRECTION('',(0.,0.,1.));
#7433 = PCURVE('',#1584,#7434);
#7434 = DEFINITIONAL_REPRESENTATION('',(#7435),#7439);
#7435 = LINE('',#7436,#7437);
#7436 = CARTESIAN_POINT('',(-3.,-17.45));
#7437 = VECTOR('',#7438,1.);
#7438 = DIRECTION('',(1.,0.));
#7439 = ( GEOMETRIC_REPRESENTATION_CONTEXT(2) 
PARAMETRIC_REPRESENTATION_CONTEXT() REPRESENTATION_CONTEXT('2D SPACE',''
  ) );
#7440 = PCURVE('',#1269,#7441);
#7441 = DEFINITIONAL_REPRESENTATION('',(#7442),#7446);
#7442 = LINE('',#7443,#7444);
#7443 = CARTESIAN_POINT('',(0.,-23.3));
#7444 = VECTOR('',#7445,1.);
#7445 = DIRECTION('',(-1.,0.));
#7446 = ( GEOMETRIC_REPRESENTATION_CONTEXT(2) 
PARAMETRIC_REPRESENTATION_CONTEXT() REPRESENTATION_CONTEXT('2D SPACE',''
  ) );
#7447 = ORIENTED_EDGE('',*,*,#1570,.F.);
#7448 = ORIENTED_EDGE('',*,*,#2165,.F.);
#7449 = ORIENTED_EDGE('',*,*,#2587,.T.);
#7450 = ORIENTED_EDGE('',*,*,#2265,.F.);
#7451 = ORIENTED_EDGE('',*,*,#2636,.T.);
#7452 = ORIENTED_EDGE('',*,*,#2089,.T.);
#7453 = ORIENTED_EDGE('',*,*,#1873,.F.);
#7454 = ORIENTED_EDGE('',*,*,#7455,.T.);
#7455 = EDGE_CURVE('',#1846,#7456,#7458,.T.);
#7456 = VERTEX_POINT('',#7457);
#7457 = CARTESIAN_POINT('',(-13.757907,-38.5,-11.0));
#7458 = SURFACE_CURVE('',#7459,(#7464,#7471),.PCURVE_S1.);
#7459 = CIRCLE('',#7460,1.);
#7460 = AXIS2_PLACEMENT_3D('',#7461,#7462,#7463);
#7461 = CARTESIAN_POINT('',(-13.757907,-38.5,-12.0));
#7462 = DIRECTION('',(-0.,-1.,-0.));
#7463 = DIRECTION('',(-1.,0.,0.));
#7464 = PCURVE('',#1584,#7465);
#7465 = DEFINITIONAL_REPRESENTATION('',(#7466),#7470);
#7466 = CIRCLE('',#7467,1.);
#7467 = AXIS2_PLACEMENT_2D('',#7468,#7469);
#7468 = CARTESIAN_POINT('',(-3.,8.95));
#7469 = DIRECTION('',(0.,1.));
#7470 = ( GEOMETRIC_REPRESENTATION_CONTEXT(2) 
PARAMETRIC_REPRESENTATION_CONTEXT() REPRESENTATION_CONTEXT('2D SPACE',''
  ) );
#7471 = PCURVE('',#1861,#7472);
#7472 = DEFINITIONAL_REPRESENTATION('',(#7473),#7477);
#7473 = LINE('',#7474,#7475);
#7474 = CARTESIAN_POINT('',(1.570796326795,3.9));
#7475 = VECTOR('',#7476,1.);
#7476 = DIRECTION('',(1.,0.));
#7477 = ( GEOMETRIC_REPRESENTATION_CONTEXT(2) 
PARAMETRIC_REPRESENTATION_CONTEXT() REPRESENTATION_CONTEXT('2D SPACE',''
  ) );
#7478 = ORIENTED_EDGE('',*,*,#7479,.T.);
#7479 = EDGE_CURVE('',#7456,#3447,#7480,.T.);
#7480 = SURFACE_CURVE('',#7481,(#7486,#7493),.PCURVE_S1.);
#7481 = CIRCLE('',#7482,1.);
#7482 = AXIS2_PLACEMENT_3D('',#7483,#7484,#7485);
#7483 = CARTESIAN_POINT('',(-13.757907,-38.5,-12.0));
#7484 = DIRECTION('',(-0.,-1.,-0.));
#7485 = DIRECTION('',(-1.,0.,0.));
#7486 = PCURVE('',#1584,#7487);
#7487 = DEFINITIONAL_REPRESENTATION('',(#7488),#7492);
#7488 = CIRCLE('',#7489,1.);
#7489 = AXIS2_PLACEMENT_2D('',#7490,#7491);
#7490 = CARTESIAN_POINT('',(-3.,8.95));
#7491 = DIRECTION('',(0.,1.));
#7492 = ( GEOMETRIC_REPRESENTATION_CONTEXT(2) 
PARAMETRIC_REPRESENTATION_CONTEXT() REPRESENTATION_CONTEXT('2D SPACE',''
  ) );
#7493 = PCURVE('',#3485,#7494);
#7494 = DEFINITIONAL_REPRESENTATION('',(#7495),#7499);
#7495 = LINE('',#7496,#7497);
#7496 = CARTESIAN_POINT('',(-4.712388980385,3.9));
#7497 = VECTOR('',#7498,1.);
#7498 = DIRECTION('',(1.,0.));
#7499 = ( GEOMETRIC_REPRESENTATION_CONTEXT(2) 
PARAMETRIC_REPRESENTATION_CONTEXT() REPRESENTATION_CONTEXT('2D SPACE',''
  ) );
#7500 = ORIENTED_EDGE('',*,*,#3446,.F.);
#7501 = ORIENTED_EDGE('',*,*,#7502,.T.);
#7502 = EDGE_CURVE('',#3419,#7101,#7503,.T.);
#7503 = SURFACE_CURVE('',#7504,(#7508,#7515),.PCURVE_S1.);
#7504 = LINE('',#7505,#7506);
#7505 = CARTESIAN_POINT('',(-25.684410,-38.5,-12.0));
#7506 = VECTOR('',#7507,1.);
#7507 = DIRECTION('',(0.,0.,1.));
#7508 = PCURVE('',#1584,#7509);
#7509 = DEFINITIONAL_REPRESENTATION('',(#7510),#7514);
#7510 = LINE('',#7511,#7512);
#7511 = CARTESIAN_POINT('',(-3.,17.45));
#7512 = VECTOR('',#7513,1.);
#7513 = DIRECTION('',(1.,0.));
#7514 = ( GEOMETRIC_REPRESENTATION_CONTEXT(2) 
PARAMETRIC_REPRESENTATION_CONTEXT() REPRESENTATION_CONTEXT('2D SPACE',''
  ) );
#7515 = PCURVE('',#3434,#7516);
#7516 = DEFINITIONAL_REPRESENTATION('',(#7517),#7521);
#7517 = LINE('',#7518,#7519);
#7518 = CARTESIAN_POINT('',(-8.,-21.8));
#7519 = VECTOR('',#7520,1.);
#7520 = DIRECTION('',(1.,0.));
#7521 = ( GEOMETRIC_REPRESENTATION_CONTEXT(2) 
PARAMETRIC_REPRESENTATION_CONTEXT() REPRESENTATION_CONTEXT('2D SPACE',''
  ) );
#7522 = ORIENTED_EDGE('',*,*,#7230,.T.);
#7523 = ORIENTED_EDGE('',*,*,#7524,.T.);
#7524 = EDGE_CURVE('',#7208,#7376,#7525,.T.);
#7525 = SURFACE_CURVE('',#7526,(#7530,#7537),.PCURVE_S1.);
#7526 = LINE('',#7527,#7528);
#7527 = CARTESIAN_POINT('',(-16.985078,-38.5,-9.0));
#7528 = VECTOR('',#7529,1.);
#7529 = DIRECTION('',(0.,0.,1.));
#7530 = PCURVE('',#1584,#7531);
#7531 = DEFINITIONAL_REPRESENTATION('',(#7532),#7536);
#7532 = LINE('',#7533,#7534);
#7533 = CARTESIAN_POINT('',(0.,11.25));
#7534 = VECTOR('',#7535,1.);
#7535 = DIRECTION('',(1.,0.));
#7536 = ( GEOMETRIC_REPRESENTATION_CONTEXT(2) 
PARAMETRIC_REPRESENTATION_CONTEXT() REPRESENTATION_CONTEXT('2D SPACE',''
  ) );
#7537 = PCURVE('',#6994,#7538);
#7538 = DEFINITIONAL_REPRESENTATION('',(#7539),#7543);
#7539 = LINE('',#7540,#7541);
#7540 = CARTESIAN_POINT('',(0.,-2.8));
#7541 = VECTOR('',#7542,1.);
#7542 = DIRECTION('',(1.,0.));
#7543 = ( GEOMETRIC_REPRESENTATION_CONTEXT(2) 
PARAMETRIC_REPRESENTATION_CONTEXT() REPRESENTATION_CONTEXT('2D SPACE',''
  ) );
#7544 = FACE_BOUND('',#7545,.T.);
#7545 = EDGE_LOOP('',(#7546,#7572));
#7546 = ORIENTED_EDGE('',*,*,#7547,.T.);
#7547 = EDGE_CURVE('',#7548,#7550,#7552,.T.);
#7548 = VERTEX_POINT('',#7549);
#7549 = CARTESIAN_POINT('',(-15.161025,-38.5,-9.0));
#7550 = VERTEX_POINT('',#7551);
#7551 = CARTESIAN_POINT('',(-13.757907,-38.5,-8.0));
#7552 = SURFACE_CURVE('',#7553,(#7558,#7565),.PCURVE_S1.);
#7553 = CIRCLE('',#7554,1.);
#7554 = AXIS2_PLACEMENT_3D('',#7555,#7556,#7557);
#7555 = CARTESIAN_POINT('',(-13.757907,-38.5,-9.0));
#7556 = DIRECTION('',(-0.,-1.,-0.));
#7557 = DIRECTION('',(-1.,0.,0.));
#7558 = PCURVE('',#1584,#7559);
#7559 = DEFINITIONAL_REPRESENTATION('',(#7560),#7564);
#7560 = CIRCLE('',#7561,1.);
#7561 = AXIS2_PLACEMENT_2D('',#7562,#7563);
#7562 = CARTESIAN_POINT('',(0.,8.95));
#7563 = DIRECTION('',(0.,1.));
#7564 = ( GEOMETRIC_REPRESENTATION_CONTEXT(2) 
PARAMETRIC_REPRESENTATION_CONTEXT() REPRESENTATION_CONTEXT('2D SPACE',''
  ) );
#7565 = PCURVE('',#6384,#7566);
#7566 = DEFINITIONAL_REPRESENTATION('',(#7567),#7571);
#7567 = LINE('',#7568,#7569);
#7568 = CARTESIAN_POINT('',(1.570796326795,3.9));
#7569 = VECTOR('',#7570,1.);
#7570 = DIRECTION('',(1.,0.));
#7571 = ( GEOMETRIC_REPRESENTATION_CONTEXT(2) 
PARAMETRIC_REPRESENTATION_CONTEXT() REPRESENTATION_CONTEXT('2D SPACE',''
  ) );
#7572 = ORIENTED_EDGE('',*,*,#7573,.T.);
#7573 = EDGE_CURVE('',#7550,#7548,#7574,.T.);
#7574 = SURFACE_CURVE('',#7575,(#7580,#7587),.PCURVE_S1.);
#7575 = CIRCLE('',#7576,1.);
#7576 = AXIS2_PLACEMENT_3D('',#7577,#7578,#7579);
#7577 = CARTESIAN_POINT('',(-13.757907,-38.5,-9.0));
#7578 = DIRECTION('',(-0.,-1.,-0.));
#7579 = DIRECTION('',(-1.,0.,0.));
#7580 = PCURVE('',#1584,#7581);
#7581 = DEFINITIONAL_REPRESENTATION('',(#7582),#7586);
#7582 = CIRCLE('',#7583,1.);
#7583 = AXIS2_PLACEMENT_2D('',#7584,#7585);
#7584 = CARTESIAN_POINT('',(0.,8.95));
#7585 = DIRECTION('',(0.,1.));
#7586 = ( GEOMETRIC_REPRESENTATION_CONTEXT(2) 
PARAMETRIC_REPRESENTATION_CONTEXT() REPRESENTATION_CONTEXT('2D SPACE',''
  ) );
#7587 = PCURVE('',#6384,#7588);
#7588 = DEFINITIONAL_REPRESENTATION('',(#7589),#7593);
#7589 = LINE('',#7590,#7591);
#7590 = CARTESIAN_POINT('',(-4.712388980385,3.9));
#7591 = VECTOR('',#7592,1.);
#7592 = DIRECTION('',(1.,0.));
#7593 = ( GEOMETRIC_REPRESENTATION_CONTEXT(2) 
PARAMETRIC_REPRESENTATION_CONTEXT() REPRESENTATION_CONTEXT('2D SPACE',''
  ) );
#7594 = ADVANCED_FACE('',(#7595),#3634,.T.);
#7595 = FACE_BOUND('',#7596,.T.);
#7596 = EDGE_LOOP('',(#7597,#7620,#7643,#7664));
#7597 = ORIENTED_EDGE('',*,*,#7598,.T.);
#7598 = EDGE_CURVE('',#3595,#7599,#7601,.T.);
#7599 = VERTEX_POINT('',#7600);
#7600 = CARTESIAN_POINT('',(-32.700000,-31.4,-6.8));
#7601 = SURFACE_CURVE('',#7602,(#7606,#7613),.PCURVE_S1.);
#7602 = LINE('',#7603,#7604);
#7603 = CARTESIAN_POINT('',(-32.700000,-31.4,-12.0));
#7604 = VECTOR('',#7605,1.);
#7605 = DIRECTION('',(0.,0.,1.));
#7606 = PCURVE('',#3634,#7607);
#7607 = DEFINITIONAL_REPRESENTATION('',(#7608),#7612);
#7608 = LINE('',#7609,#7610);
#7609 = CARTESIAN_POINT('',(-3.,-17.2));
#7610 = VECTOR('',#7611,1.);
#7611 = DIRECTION('',(1.,0.));
#7612 = ( GEOMETRIC_REPRESENTATION_CONTEXT(2) 
PARAMETRIC_REPRESENTATION_CONTEXT() REPRESENTATION_CONTEXT('2D SPACE',''
  ) );
#7613 = PCURVE('',#3537,#7614);
#7614 = DEFINITIONAL_REPRESENTATION('',(#7615),#7619);
#7615 = LINE('',#7616,#7617);
#7616 = CARTESIAN_POINT('',(6.28318530718,3.));
#7617 = VECTOR('',#7618,1.);
#7618 = DIRECTION('',(0.,-1.));
#7619 = ( GEOMETRIC_REPRESENTATION_CONTEXT(2) 
PARAMETRIC_REPRESENTATION_CONTEXT() REPRESENTATION_CONTEXT('2D SPACE',''
  ) );
#7620 = ORIENTED_EDGE('',*,*,#7621,.T.);
#7621 = EDGE_CURVE('',#7599,#7622,#7624,.T.);
#7622 = VERTEX_POINT('',#7623);
#7623 = CARTESIAN_POINT('',(-32.700000,3.0,-6.8));
#7624 = SURFACE_CURVE('',#7625,(#7629,#7636),.PCURVE_S1.);
#7625 = LINE('',#7626,#7627);
#7626 = CARTESIAN_POINT('',(-32.700000,-31.4,-6.8));
#7627 = VECTOR('',#7628,1.);
#7628 = DIRECTION('',(0.,1.,0.));
#7629 = PCURVE('',#3634,#7630);
#7630 = DEFINITIONAL_REPRESENTATION('',(#7631),#7635);
#7631 = LINE('',#7632,#7633);
#7632 = CARTESIAN_POINT('',(2.2,-17.2));
#7633 = VECTOR('',#7634,1.);
#7634 = DIRECTION('',(0.,1.));
#7635 = ( GEOMETRIC_REPRESENTATION_CONTEXT(2) 
PARAMETRIC_REPRESENTATION_CONTEXT() REPRESENTATION_CONTEXT('2D SPACE',''
  ) );
#7636 = PCURVE('',#6687,#7637);
#7637 = DEFINITIONAL_REPRESENTATION('',(#7638),#7642);
#7638 = LINE('',#7639,#7640);
#7639 = CARTESIAN_POINT('',(1.570796326795,17.2));
#7640 = VECTOR('',#7641,1.);
#7641 = DIRECTION('',(0.,-1.));
#7642 = ( GEOMETRIC_REPRESENTATION_CONTEXT(2) 
PARAMETRIC_REPRESENTATION_CONTEXT() REPRESENTATION_CONTEXT('2D SPACE',''
  ) );
#7643 = ORIENTED_EDGE('',*,*,#7644,.T.);
#7644 = EDGE_CURVE('',#7622,#3619,#7645,.T.);
#7645 = SURFACE_CURVE('',#7646,(#7650,#7657),.PCURVE_S1.);
#7646 = LINE('',#7647,#7648);
#7647 = CARTESIAN_POINT('',(-32.700000,3.0,-6.8));
#7648 = VECTOR('',#7649,1.);
#7649 = DIRECTION('',(-0.,-0.,-1.));
#7650 = PCURVE('',#3634,#7651);
#7651 = DEFINITIONAL_REPRESENTATION('',(#7652),#7656);
#7652 = LINE('',#7653,#7654);
#7653 = CARTESIAN_POINT('',(2.2,17.2));
#7654 = VECTOR('',#7655,1.);
#7655 = DIRECTION('',(-1.,0.));
#7656 = ( GEOMETRIC_REPRESENTATION_CONTEXT(2) 
PARAMETRIC_REPRESENTATION_CONTEXT() REPRESENTATION_CONTEXT('2D SPACE',''
  ) );
#7657 = PCURVE('',#3663,#7658);
#7658 = DEFINITIONAL_REPRESENTATION('',(#7659),#7663);
#7659 = LINE('',#7660,#7661);
#7660 = CARTESIAN_POINT('',(0.,-2.2));
#7661 = VECTOR('',#7662,1.);
#7662 = DIRECTION('',(0.,1.));
#7663 = ( GEOMETRIC_REPRESENTATION_CONTEXT(2) 
PARAMETRIC_REPRESENTATION_CONTEXT() REPRESENTATION_CONTEXT('2D SPACE',''
  ) );
#7664 = ORIENTED_EDGE('',*,*,#3618,.T.);
#7665 = ADVANCED_FACE('',(#7666),#3843,.T.);
#7666 = FACE_BOUND('',#7667,.T.);
#7667 = EDGE_LOOP('',(#7668,#7669,#7670,#7671,#7694,#7722));
#7668 = ORIENTED_EDGE('',*,*,#3827,.T.);
#7669 = ORIENTED_EDGE('',*,*,#4005,.T.);
#7670 = ORIENTED_EDGE('',*,*,#7405,.T.);
#7671 = ORIENTED_EDGE('',*,*,#7672,.F.);
#7672 = EDGE_CURVE('',#7673,#7378,#7675,.T.);
#7673 = VERTEX_POINT('',#7674);
#7674 = CARTESIAN_POINT('',(11.428062,-34.4,-7.0));
#7675 = SURFACE_CURVE('',#7676,(#7680,#7687),.PCURVE_S1.);
#7676 = LINE('',#7677,#7678);
#7677 = CARTESIAN_POINT('',(11.428062,-34.4,-7.0));
#7678 = VECTOR('',#7679,1.);
#7679 = DIRECTION('',(-0.,-1.,-0.));
#7680 = PCURVE('',#3843,#7681);
#7681 = DEFINITIONAL_REPRESENTATION('',(#7682),#7686);
#7682 = LINE('',#7683,#7684);
#7683 = CARTESIAN_POINT('',(2.,1.3));
#7684 = VECTOR('',#7685,1.);
#7685 = DIRECTION('',(0.,-1.));
#7686 = ( GEOMETRIC_REPRESENTATION_CONTEXT(2) 
PARAMETRIC_REPRESENTATION_CONTEXT() REPRESENTATION_CONTEXT('2D SPACE',''
  ) );
#7687 = PCURVE('',#7393,#7688);
#7688 = DEFINITIONAL_REPRESENTATION('',(#7689),#7693);
#7689 = LINE('',#7690,#7691);
#7690 = CARTESIAN_POINT('',(-9.,-20.2));
#7691 = VECTOR('',#7692,1.);
#7692 = DIRECTION('',(0.,-1.));
#7693 = ( GEOMETRIC_REPRESENTATION_CONTEXT(2) 
PARAMETRIC_REPRESENTATION_CONTEXT() REPRESENTATION_CONTEXT('2D SPACE',''
  ) );
#7694 = ORIENTED_EDGE('',*,*,#7695,.F.);
#7695 = EDGE_CURVE('',#7696,#7673,#7698,.T.);
#7696 = VERTEX_POINT('',#7697);
#7697 = CARTESIAN_POINT('',(11.428062,-34.4,-4.8));
#7698 = SURFACE_CURVE('',#7699,(#7703,#7710),.PCURVE_S1.);
#7699 = LINE('',#7700,#7701);
#7700 = CARTESIAN_POINT('',(11.428062,-34.4,-4.8));
#7701 = VECTOR('',#7702,1.);
#7702 = DIRECTION('',(-0.,-0.,-1.));
#7703 = PCURVE('',#3843,#7704);
#7704 = DEFINITIONAL_REPRESENTATION('',(#7705),#7709);
#7705 = LINE('',#7706,#7707);
#7706 = CARTESIAN_POINT('',(4.2,1.3));
#7707 = VECTOR('',#7708,1.);
#7708 = DIRECTION('',(-1.,0.));
#7709 = ( GEOMETRIC_REPRESENTATION_CONTEXT(2) 
PARAMETRIC_REPRESENTATION_CONTEXT() REPRESENTATION_CONTEXT('2D SPACE',''
  ) );
#7710 = PCURVE('',#7711,#7716);
#7711 = PLANE('',#7712);
#7712 = AXIS2_PLACEMENT_3D('',#7713,#7714,#7715);
#7713 = CARTESIAN_POINT('',(-3.515145,-34.4,-4.0));
#7714 = DIRECTION('',(-0.,-1.,-0.));
#7715 = DIRECTION('',(0.,-0.,1.));
#7716 = DEFINITIONAL_REPRESENTATION('',(#7717),#7721);
#7717 = LINE('',#7718,#7719);
#7718 = CARTESIAN_POINT('',(-0.8,-10.65));
#7719 = VECTOR('',#7720,1.);
#7720 = DIRECTION('',(-1.,0.));
#7721 = ( GEOMETRIC_REPRESENTATION_CONTEXT(2) 
PARAMETRIC_REPRESENTATION_CONTEXT() REPRESENTATION_CONTEXT('2D SPACE',''
  ) );
#7722 = ORIENTED_EDGE('',*,*,#7723,.F.);
#7723 = EDGE_CURVE('',#3828,#7696,#7724,.T.);
#7724 = SURFACE_CURVE('',#7725,(#7729,#7736),.PCURVE_S1.);
#7725 = LINE('',#7726,#7727);
#7726 = CARTESIAN_POINT('',(11.428062,-33.4,-4.8));
#7727 = VECTOR('',#7728,1.);
#7728 = DIRECTION('',(-0.,-1.,-0.));
#7729 = PCURVE('',#3843,#7730);
#7730 = DEFINITIONAL_REPRESENTATION('',(#7731),#7735);
#7731 = LINE('',#7732,#7733);
#7732 = CARTESIAN_POINT('',(4.2,2.3));
#7733 = VECTOR('',#7734,1.);
#7734 = DIRECTION('',(0.,-1.));
#7735 = ( GEOMETRIC_REPRESENTATION_CONTEXT(2) 
PARAMETRIC_REPRESENTATION_CONTEXT() REPRESENTATION_CONTEXT('2D SPACE',''
  ) );
#7736 = PCURVE('',#3871,#7737);
#7737 = DEFINITIONAL_REPRESENTATION('',(#7738),#7742);
#7738 = LINE('',#7739,#7740);
#7739 = CARTESIAN_POINT('',(9.,-19.2));
#7740 = VECTOR('',#7741,1.);
#7741 = DIRECTION('',(0.,-1.));
#7742 = ( GEOMETRIC_REPRESENTATION_CONTEXT(2) 
PARAMETRIC_REPRESENTATION_CONTEXT() REPRESENTATION_CONTEXT('2D SPACE',''
  ) );
#7743 = ADVANCED_FACE('',(#7744),#3897,.F.);
#7744 = FACE_BOUND('',#7745,.T.);
#7745 = EDGE_LOOP('',(#7746,#7769,#7790,#7791));
#7746 = ORIENTED_EDGE('',*,*,#7747,.T.);
#7747 = EDGE_CURVE('',#3856,#7748,#7750,.T.);
#7748 = VERTEX_POINT('',#7749);
#7749 = CARTESIAN_POINT('',(21.179733,5.0,-4.8));
#7750 = SURFACE_CURVE('',#7751,(#7755,#7762),.PCURVE_S1.);
#7751 = LINE('',#7752,#7753);
#7752 = CARTESIAN_POINT('',(21.179733,-33.4,-4.8));
#7753 = VECTOR('',#7754,1.);
#7754 = DIRECTION('',(0.,1.,0.));
#7755 = PCURVE('',#3897,#7756);
#7756 = DEFINITIONAL_REPRESENTATION('',(#7757),#7761);
#7757 = LINE('',#7758,#7759);
#7758 = CARTESIAN_POINT('',(-4.2,-19.2));
#7759 = VECTOR('',#7760,1.);
#7760 = DIRECTION('',(-0.,1.));
#7761 = ( GEOMETRIC_REPRESENTATION_CONTEXT(2) 
PARAMETRIC_REPRESENTATION_CONTEXT() REPRESENTATION_CONTEXT('2D SPACE',''
  ) );
#7762 = PCURVE('',#3871,#7763);
#7763 = DEFINITIONAL_REPRESENTATION('',(#7764),#7768);
#7764 = LINE('',#7765,#7766);
#7765 = CARTESIAN_POINT('',(15.95,-19.2));
#7766 = VECTOR('',#7767,1.);
#7767 = DIRECTION('',(0.,1.));
#7768 = ( GEOMETRIC_REPRESENTATION_CONTEXT(2) 
PARAMETRIC_REPRESENTATION_CONTEXT() REPRESENTATION_CONTEXT('2D SPACE',''
  ) );
#7769 = ORIENTED_EDGE('',*,*,#7770,.F.);
#7770 = EDGE_CURVE('',#4028,#7748,#7771,.T.);
#7771 = SURFACE_CURVE('',#7772,(#7776,#7783),.PCURVE_S1.);
#7772 = LINE('',#7773,#7774);
#7773 = CARTESIAN_POINT('',(21.179733,5.0,-9.0));
#7774 = VECTOR('',#7775,1.);
#7775 = DIRECTION('',(0.,0.,1.));
#7776 = PCURVE('',#3897,#7777);
#7777 = DEFINITIONAL_REPRESENTATION('',(#7778),#7782);
#7778 = LINE('',#7779,#7780);
#7779 = CARTESIAN_POINT('',(-0.,19.2));
#7780 = VECTOR('',#7781,1.);
#7781 = DIRECTION('',(-1.,0.));
#7782 = ( GEOMETRIC_REPRESENTATION_CONTEXT(2) 
PARAMETRIC_REPRESENTATION_CONTEXT() REPRESENTATION_CONTEXT('2D SPACE',''
  ) );
#7783 = PCURVE('',#4066,#7784);
#7784 = DEFINITIONAL_REPRESENTATION('',(#7785),#7789);
#7785 = LINE('',#7786,#7787);
#7786 = CARTESIAN_POINT('',(0.,-24.575));
#7787 = VECTOR('',#7788,1.);
#7788 = DIRECTION('',(-1.,0.));
#7789 = ( GEOMETRIC_REPRESENTATION_CONTEXT(2) 
PARAMETRIC_REPRESENTATION_CONTEXT() REPRESENTATION_CONTEXT('2D SPACE',''
  ) );
#7790 = ORIENTED_EDGE('',*,*,#4027,.F.);
#7791 = ORIENTED_EDGE('',*,*,#3883,.T.);
#7792 = ADVANCED_FACE('',(#7793),#4066,.F.);
#7793 = FACE_BOUND('',#7794,.T.);
#7794 = EDGE_LOOP('',(#7795,#7816,#7817,#7818));
#7795 = ORIENTED_EDGE('',*,*,#7796,.T.);
#7796 = EDGE_CURVE('',#7748,#7257,#7797,.T.);
#7797 = SURFACE_CURVE('',#7798,(#7802,#7809),.PCURVE_S1.);
#7798 = LINE('',#7799,#7800);
#7799 = CARTESIAN_POINT('',(21.179733,5.0,-4.8));
#7800 = VECTOR('',#7801,1.);
#7801 = DIRECTION('',(-1.,0.,0.));
#7802 = PCURVE('',#4066,#7803);
#7803 = DEFINITIONAL_REPRESENTATION('',(#7804),#7808);
#7804 = LINE('',#7805,#7806);
#7805 = CARTESIAN_POINT('',(-4.2,-24.575));
#7806 = VECTOR('',#7807,1.);
#7807 = DIRECTION('',(0.,1.));
#7808 = ( GEOMETRIC_REPRESENTATION_CONTEXT(2) 
PARAMETRIC_REPRESENTATION_CONTEXT() REPRESENTATION_CONTEXT('2D SPACE',''
  ) );
#7809 = PCURVE('',#3871,#7810);
#7810 = DEFINITIONAL_REPRESENTATION('',(#7811),#7815);
#7811 = LINE('',#7812,#7813);
#7812 = CARTESIAN_POINT('',(15.95,19.2));
#7813 = VECTOR('',#7814,1.);
#7814 = DIRECTION('',(-1.,0.));
#7815 = ( GEOMETRIC_REPRESENTATION_CONTEXT(2) 
PARAMETRIC_REPRESENTATION_CONTEXT() REPRESENTATION_CONTEXT('2D SPACE',''
  ) );
#7816 = ORIENTED_EDGE('',*,*,#7301,.F.);
#7817 = ORIENTED_EDGE('',*,*,#4050,.F.);
#7818 = ORIENTED_EDGE('',*,*,#7770,.T.);
#7819 = ADVANCED_FACE('',(#7820),#7048,.T.);
#7820 = FACE_BOUND('',#7821,.T.);
#7821 = EDGE_LOOP('',(#7822,#7823,#7846,#7867));
#7822 = ORIENTED_EDGE('',*,*,#7185,.T.);
#7823 = ORIENTED_EDGE('',*,*,#7824,.T.);
#7824 = EDGE_CURVE('',#7153,#7825,#7827,.T.);
#7825 = VERTEX_POINT('',#7826);
#7826 = CARTESIAN_POINT('',(-24.281292,-23.699998981,-4.8));
#7827 = SURFACE_CURVE('',#7828,(#7832,#7839),.PCURVE_S1.);
#7828 = LINE('',#7829,#7830);
#7829 = CARTESIAN_POINT('',(-24.281292,-23.7,-9.0));
#7830 = VECTOR('',#7831,1.);
#7831 = DIRECTION('',(0.,0.,1.));
#7832 = PCURVE('',#7048,#7833);
#7833 = DEFINITIONAL_REPRESENTATION('',(#7834),#7838);
#7834 = LINE('',#7835,#7836);
#7835 = CARTESIAN_POINT('',(0.,-9.5));
#7836 = VECTOR('',#7837,1.);
#7837 = DIRECTION('',(-1.,0.));
#7838 = ( GEOMETRIC_REPRESENTATION_CONTEXT(2) 
PARAMETRIC_REPRESENTATION_CONTEXT() REPRESENTATION_CONTEXT('2D SPACE',''
  ) );
#7839 = PCURVE('',#7173,#7840);
#7840 = DEFINITIONAL_REPRESENTATION('',(#7841),#7845);
#7841 = LINE('',#7842,#7843);
#7842 = CARTESIAN_POINT('',(0.,-5.));
#7843 = VECTOR('',#7844,1.);
#7844 = DIRECTION('',(0.,1.));
#7845 = ( GEOMETRIC_REPRESENTATION_CONTEXT(2) 
PARAMETRIC_REPRESENTATION_CONTEXT() REPRESENTATION_CONTEXT('2D SPACE',''
  ) );
#7846 = ORIENTED_EDGE('',*,*,#7847,.F.);
#7847 = EDGE_CURVE('',#6951,#7825,#7848,.T.);
#7848 = SURFACE_CURVE('',#7849,(#7853,#7860),.PCURVE_S1.);
#7849 = LINE('',#7850,#7851);
#7850 = CARTESIAN_POINT('',(-24.281292,-33.4,-4.8));
#7851 = VECTOR('',#7852,1.);
#7852 = DIRECTION('',(0.,1.,0.));
#7853 = PCURVE('',#7048,#7854);
#7854 = DEFINITIONAL_REPRESENTATION('',(#7855),#7859);
#7855 = LINE('',#7856,#7857);
#7856 = CARTESIAN_POINT('',(-4.2,-19.2));
#7857 = VECTOR('',#7858,1.);
#7858 = DIRECTION('',(-0.,1.));
#7859 = ( GEOMETRIC_REPRESENTATION_CONTEXT(2) 
PARAMETRIC_REPRESENTATION_CONTEXT() REPRESENTATION_CONTEXT('2D SPACE',''
  ) );
#7860 = PCURVE('',#3871,#7861);
#7861 = DEFINITIONAL_REPRESENTATION('',(#7862),#7866);
#7862 = LINE('',#7863,#7864);
#7863 = CARTESIAN_POINT('',(-16.45,-19.2));
#7864 = VECTOR('',#7865,1.);
#7865 = DIRECTION('',(0.,1.));
#7866 = ( GEOMETRIC_REPRESENTATION_CONTEXT(2) 
PARAMETRIC_REPRESENTATION_CONTEXT() REPRESENTATION_CONTEXT('2D SPACE',''
  ) );
#7867 = ORIENTED_EDGE('',*,*,#7034,.F.);
#7868 = ADVANCED_FACE('',(#7869),#6994,.F.);
#7869 = FACE_BOUND('',#7870,.T.);
#7870 = EDGE_LOOP('',(#7871,#7872,#7895,#7918,#7939,#7940));
#7871 = ORIENTED_EDGE('',*,*,#6978,.T.);
#7872 = ORIENTED_EDGE('',*,*,#7873,.T.);
#7873 = EDGE_CURVE('',#6949,#7874,#7876,.T.);
#7874 = VERTEX_POINT('',#7875);
#7875 = CARTESIAN_POINT('',(-16.985078,-34.4,-4.8));
#7876 = SURFACE_CURVE('',#7877,(#7881,#7888),.PCURVE_S1.);
#7877 = LINE('',#7878,#7879);
#7878 = CARTESIAN_POINT('',(-16.985078,-33.4,-4.8));
#7879 = VECTOR('',#7880,1.);
#7880 = DIRECTION('',(-0.,-1.,-0.));
#7881 = PCURVE('',#6994,#7882);
#7882 = DEFINITIONAL_REPRESENTATION('',(#7883),#7887);
#7883 = LINE('',#7884,#7885);
#7884 = CARTESIAN_POINT('',(4.2,2.3));
#7885 = VECTOR('',#7886,1.);
#7886 = DIRECTION('',(0.,-1.));
#7887 = ( GEOMETRIC_REPRESENTATION_CONTEXT(2) 
PARAMETRIC_REPRESENTATION_CONTEXT() REPRESENTATION_CONTEXT('2D SPACE',''
  ) );
#7888 = PCURVE('',#3871,#7889);
#7889 = DEFINITIONAL_REPRESENTATION('',(#7890),#7894);
#7890 = LINE('',#7891,#7892);
#7891 = CARTESIAN_POINT('',(-11.25,-19.2));
#7892 = VECTOR('',#7893,1.);
#7893 = DIRECTION('',(0.,-1.));
#7894 = ( GEOMETRIC_REPRESENTATION_CONTEXT(2) 
PARAMETRIC_REPRESENTATION_CONTEXT() REPRESENTATION_CONTEXT('2D SPACE',''
  ) );
#7895 = ORIENTED_EDGE('',*,*,#7896,.T.);
#7896 = EDGE_CURVE('',#7874,#7897,#7899,.T.);
#7897 = VERTEX_POINT('',#7898);
#7898 = CARTESIAN_POINT('',(-16.985078,-34.4,-7.0));
#7899 = SURFACE_CURVE('',#7900,(#7904,#7911),.PCURVE_S1.);
#7900 = LINE('',#7901,#7902);
#7901 = CARTESIAN_POINT('',(-16.985078,-34.4,-4.8));
#7902 = VECTOR('',#7903,1.);
#7903 = DIRECTION('',(-0.,-0.,-1.));
#7904 = PCURVE('',#6994,#7905);
#7905 = DEFINITIONAL_REPRESENTATION('',(#7906),#7910);
#7906 = LINE('',#7907,#7908);
#7907 = CARTESIAN_POINT('',(4.2,1.3));
#7908 = VECTOR('',#7909,1.);
#7909 = DIRECTION('',(-1.,0.));
#7910 = ( GEOMETRIC_REPRESENTATION_CONTEXT(2) 
PARAMETRIC_REPRESENTATION_CONTEXT() REPRESENTATION_CONTEXT('2D SPACE',''
  ) );
#7911 = PCURVE('',#7711,#7912);
#7912 = DEFINITIONAL_REPRESENTATION('',(#7913),#7917);
#7913 = LINE('',#7914,#7915);
#7914 = CARTESIAN_POINT('',(-0.8,9.6));
#7915 = VECTOR('',#7916,1.);
#7916 = DIRECTION('',(-1.,0.));
#7917 = ( GEOMETRIC_REPRESENTATION_CONTEXT(2) 
PARAMETRIC_REPRESENTATION_CONTEXT() REPRESENTATION_CONTEXT('2D SPACE',''
  ) );
#7918 = ORIENTED_EDGE('',*,*,#7919,.T.);
#7919 = EDGE_CURVE('',#7897,#7376,#7920,.T.);
#7920 = SURFACE_CURVE('',#7921,(#7925,#7932),.PCURVE_S1.);
#7921 = LINE('',#7922,#7923);
#7922 = CARTESIAN_POINT('',(-16.985078,-34.4,-7.0));
#7923 = VECTOR('',#7924,1.);
#7924 = DIRECTION('',(-0.,-1.,-0.));
#7925 = PCURVE('',#6994,#7926);
#7926 = DEFINITIONAL_REPRESENTATION('',(#7927),#7931);
#7927 = LINE('',#7928,#7929);
#7928 = CARTESIAN_POINT('',(2.,1.3));
#7929 = VECTOR('',#7930,1.);
#7930 = DIRECTION('',(0.,-1.));
#7931 = ( GEOMETRIC_REPRESENTATION_CONTEXT(2) 
PARAMETRIC_REPRESENTATION_CONTEXT() REPRESENTATION_CONTEXT('2D SPACE',''
  ) );
#7932 = PCURVE('',#7393,#7933);
#7933 = DEFINITIONAL_REPRESENTATION('',(#7934),#7938);
#7934 = LINE('',#7935,#7936);
#7935 = CARTESIAN_POINT('',(11.25,-20.2));
#7936 = VECTOR('',#7937,1.);
#7937 = DIRECTION('',(0.,-1.));
#7938 = ( GEOMETRIC_REPRESENTATION_CONTEXT(2) 
PARAMETRIC_REPRESENTATION_CONTEXT() REPRESENTATION_CONTEXT('2D SPACE',''
  ) );
#7939 = ORIENTED_EDGE('',*,*,#7524,.F.);
#7940 = ORIENTED_EDGE('',*,*,#7207,.F.);
#7941 = ADVANCED_FACE('',(#7942),#7393,.T.);
#7942 = FACE_BOUND('',#7943,.T.);
#7943 = EDGE_LOOP('',(#7944,#7965,#7966,#7967));
#7944 = ORIENTED_EDGE('',*,*,#7945,.F.);
#7945 = EDGE_CURVE('',#7673,#7897,#7946,.T.);
#7946 = SURFACE_CURVE('',#7947,(#7951,#7958),.PCURVE_S1.);
#7947 = LINE('',#7948,#7949);
#7948 = CARTESIAN_POINT('',(11.428062,-34.4,-7.0));
#7949 = VECTOR('',#7950,1.);
#7950 = DIRECTION('',(-1.,0.,0.));
#7951 = PCURVE('',#7393,#7952);
#7952 = DEFINITIONAL_REPRESENTATION('',(#7953),#7957);
#7953 = LINE('',#7954,#7955);
#7954 = CARTESIAN_POINT('',(-9.,-20.2));
#7955 = VECTOR('',#7956,1.);
#7956 = DIRECTION('',(1.,0.));
#7957 = ( GEOMETRIC_REPRESENTATION_CONTEXT(2) 
PARAMETRIC_REPRESENTATION_CONTEXT() REPRESENTATION_CONTEXT('2D SPACE',''
  ) );
#7958 = PCURVE('',#7711,#7959);
#7959 = DEFINITIONAL_REPRESENTATION('',(#7960),#7964);
#7960 = LINE('',#7961,#7962);
#7961 = CARTESIAN_POINT('',(-3.,-10.65));
#7962 = VECTOR('',#7963,1.);
#7963 = DIRECTION('',(0.,1.));
#7964 = ( GEOMETRIC_REPRESENTATION_CONTEXT(2) 
PARAMETRIC_REPRESENTATION_CONTEXT() REPRESENTATION_CONTEXT('2D SPACE',''
  ) );
#7965 = ORIENTED_EDGE('',*,*,#7672,.T.);
#7966 = ORIENTED_EDGE('',*,*,#7375,.F.);
#7967 = ORIENTED_EDGE('',*,*,#7919,.F.);
#7968 = ADVANCED_FACE('',(#7969,#8159),#3871,.F.);
#7969 = FACE_BOUND('',#7970,.T.);
#7970 = EDGE_LOOP('',(#7971,#7996,#8020,#8043,#8067,#8090,#8114,#8137));
#7971 = ORIENTED_EDGE('',*,*,#7972,.F.);
#7972 = EDGE_CURVE('',#7973,#7975,#7977,.T.);
#7973 = VERTEX_POINT('',#7974);
#7974 = CARTESIAN_POINT('',(15.286637,-26.2,-4.8));
#7975 = VERTEX_POINT('',#7976);
#7976 = CARTESIAN_POINT('',(-18.388196,-26.2,-4.8));
#7977 = SURFACE_CURVE('',#7978,(#7982,#7989),.PCURVE_S1.);
#7978 = LINE('',#7979,#7980);
#7979 = CARTESIAN_POINT('',(15.286637,-26.2,-4.8));
#7980 = VECTOR('',#7981,1.);
#7981 = DIRECTION('',(-1.,0.,0.));
#7982 = PCURVE('',#3871,#7983);
#7983 = DEFINITIONAL_REPRESENTATION('',(#7984),#7988);
#7984 = LINE('',#7985,#7986);
#7985 = CARTESIAN_POINT('',(11.75,-12.));
#7986 = VECTOR('',#7987,1.);
#7987 = DIRECTION('',(-1.,0.));
#7988 = ( GEOMETRIC_REPRESENTATION_CONTEXT(2) 
PARAMETRIC_REPRESENTATION_CONTEXT() REPRESENTATION_CONTEXT('2D SPACE',''
  ) );
#7989 = PCURVE('',#6752,#7990);
#7990 = DEFINITIONAL_REPRESENTATION('',(#7991),#7995);
#7991 = LINE('',#7992,#7993);
#7992 = CARTESIAN_POINT('',(3.,0.));
#7993 = VECTOR('',#7994,1.);
#7994 = DIRECTION('',(1.,0.));
#7995 = ( GEOMETRIC_REPRESENTATION_CONTEXT(2) 
PARAMETRIC_REPRESENTATION_CONTEXT() REPRESENTATION_CONTEXT('2D SPACE',''
  ) );
#7996 = ORIENTED_EDGE('',*,*,#7997,.T.);
#7997 = EDGE_CURVE('',#7973,#7998,#8000,.T.);
#7998 = VERTEX_POINT('',#7999);
#7999 = CARTESIAN_POINT('',(18.092873,-24.2,-4.8));
#8000 = SURFACE_CURVE('',#8001,(#8006,#8013),.PCURVE_S1.);
#8001 = CIRCLE('',#8002,2.);
#8002 = AXIS2_PLACEMENT_3D('',#8003,#8004,#8005);
#8003 = CARTESIAN_POINT('',(15.286637,-24.2,-4.8));
#8004 = DIRECTION('',(0.,0.,1.));
#8005 = DIRECTION('',(1.,0.,-0.));
#8006 = PCURVE('',#3871,#8007);
#8007 = DEFINITIONAL_REPRESENTATION('',(#8008),#8012);
#8008 = CIRCLE('',#8009,2.);
#8009 = AXIS2_PLACEMENT_2D('',#8010,#8011);
#8010 = CARTESIAN_POINT('',(11.75,-10.));
#8011 = DIRECTION('',(1.,0.));
#8012 = ( GEOMETRIC_REPRESENTATION_CONTEXT(2) 
PARAMETRIC_REPRESENTATION_CONTEXT() REPRESENTATION_CONTEXT('2D SPACE',''
  ) );
#8013 = PCURVE('',#6724,#8014);
#8014 = DEFINITIONAL_REPRESENTATION('',(#8015),#8019);
#8015 = LINE('',#8016,#8017);
#8016 = CARTESIAN_POINT('',(0.,0.));
#8017 = VECTOR('',#8018,1.);
#8018 = DIRECTION('',(1.,0.));
#8019 = ( GEOMETRIC_REPRESENTATION_CONTEXT(2) 
PARAMETRIC_REPRESENTATION_CONTEXT() REPRESENTATION_CONTEXT('2D SPACE',''
  ) );
#8020 = ORIENTED_EDGE('',*,*,#8021,.F.);
#8021 = EDGE_CURVE('',#8022,#7998,#8024,.T.);
#8022 = VERTEX_POINT('',#8023);
#8023 = CARTESIAN_POINT('',(18.092873,0.8,-4.8));
#8024 = SURFACE_CURVE('',#8025,(#8029,#8036),.PCURVE_S1.);
#8025 = LINE('',#8026,#8027);
#8026 = CARTESIAN_POINT('',(18.092873,0.8,-4.8));
#8027 = VECTOR('',#8028,1.);
#8028 = DIRECTION('',(-0.,-1.,0.));
#8029 = PCURVE('',#3871,#8030);
#8030 = DEFINITIONAL_REPRESENTATION('',(#8031),#8035);
#8031 = LINE('',#8032,#8033);
#8032 = CARTESIAN_POINT('',(13.75,15.));
#8033 = VECTOR('',#8034,1.);
#8034 = DIRECTION('',(-0.,-1.));
#8035 = ( GEOMETRIC_REPRESENTATION_CONTEXT(2) 
PARAMETRIC_REPRESENTATION_CONTEXT() REPRESENTATION_CONTEXT('2D SPACE',''
  ) );
#8036 = PCURVE('',#6933,#8037);
#8037 = DEFINITIONAL_REPRESENTATION('',(#8038),#8042);
#8038 = LINE('',#8039,#8040);
#8039 = CARTESIAN_POINT('',(-12.5,0.));
#8040 = VECTOR('',#8041,1.);
#8041 = DIRECTION('',(1.,0.));
#8042 = ( GEOMETRIC_REPRESENTATION_CONTEXT(2) 
PARAMETRIC_REPRESENTATION_CONTEXT() REPRESENTATION_CONTEXT('2D SPACE',''
  ) );
#8043 = ORIENTED_EDGE('',*,*,#8044,.T.);
#8044 = EDGE_CURVE('',#8022,#8045,#8047,.T.);
#8045 = VERTEX_POINT('',#8046);
#8046 = CARTESIAN_POINT('',(15.286637,2.8,-4.8));
#8047 = SURFACE_CURVE('',#8048,(#8053,#8060),.PCURVE_S1.);
#8048 = CIRCLE('',#8049,2.);
#8049 = AXIS2_PLACEMENT_3D('',#8050,#8051,#8052);
#8050 = CARTESIAN_POINT('',(15.286637,0.8,-4.8));
#8051 = DIRECTION('',(0.,0.,1.));
#8052 = DIRECTION('',(1.,0.,-0.));
#8053 = PCURVE('',#3871,#8054);
#8054 = DEFINITIONAL_REPRESENTATION('',(#8055),#8059);
#8055 = CIRCLE('',#8056,2.);
#8056 = AXIS2_PLACEMENT_2D('',#8057,#8058);
#8057 = CARTESIAN_POINT('',(11.75,15.));
#8058 = DIRECTION('',(1.,0.));
#8059 = ( GEOMETRIC_REPRESENTATION_CONTEXT(2) 
PARAMETRIC_REPRESENTATION_CONTEXT() REPRESENTATION_CONTEXT('2D SPACE',''
  ) );
#8060 = PCURVE('',#6907,#8061);
#8061 = DEFINITIONAL_REPRESENTATION('',(#8062),#8066);
#8062 = LINE('',#8063,#8064);
#8063 = CARTESIAN_POINT('',(0.,0.));
#8064 = VECTOR('',#8065,1.);
#8065 = DIRECTION('',(1.,-7.067899292141E-17));
#8066 = ( GEOMETRIC_REPRESENTATION_CONTEXT(2) 
PARAMETRIC_REPRESENTATION_CONTEXT() REPRESENTATION_CONTEXT('2D SPACE',''
  ) );
#8067 = ORIENTED_EDGE('',*,*,#8068,.F.);
#8068 = EDGE_CURVE('',#8069,#8045,#8071,.T.);
#8069 = VERTEX_POINT('',#8070);
#8070 = CARTESIAN_POINT('',(-18.388196,2.8,-4.8));
#8071 = SURFACE_CURVE('',#8072,(#8076,#8083),.PCURVE_S1.);
#8072 = LINE('',#8073,#8074);
#8073 = CARTESIAN_POINT('',(-18.388196,2.8,-4.8));
#8074 = VECTOR('',#8075,1.);
#8075 = DIRECTION('',(1.,-0.,-0.));
#8076 = PCURVE('',#3871,#8077);
#8077 = DEFINITIONAL_REPRESENTATION('',(#8078),#8082);
#8078 = LINE('',#8079,#8080);
#8079 = CARTESIAN_POINT('',(-12.25,17.));
#8080 = VECTOR('',#8081,1.);
#8081 = DIRECTION('',(1.,-0.));
#8082 = ( GEOMETRIC_REPRESENTATION_CONTEXT(2) 
PARAMETRIC_REPRESENTATION_CONTEXT() REPRESENTATION_CONTEXT('2D SPACE',''
  ) );
#8083 = PCURVE('',#6874,#8084);
#8084 = DEFINITIONAL_REPRESENTATION('',(#8085),#8089);
#8085 = LINE('',#8086,#8087);
#8086 = CARTESIAN_POINT('',(-12.,0.));
#8087 = VECTOR('',#8088,1.);
#8088 = DIRECTION('',(1.,0.));
#8089 = ( GEOMETRIC_REPRESENTATION_CONTEXT(2) 
PARAMETRIC_REPRESENTATION_CONTEXT() REPRESENTATION_CONTEXT('2D SPACE',''
  ) );
#8090 = ORIENTED_EDGE('',*,*,#8091,.T.);
#8091 = EDGE_CURVE('',#8069,#8092,#8094,.T.);
#8092 = VERTEX_POINT('',#8093);
#8093 = CARTESIAN_POINT('',(-21.194432,0.8,-4.8));
#8094 = SURFACE_CURVE('',#8095,(#8100,#8107),.PCURVE_S1.);
#8095 = CIRCLE('',#8096,2.);
#8096 = AXIS2_PLACEMENT_3D('',#8097,#8098,#8099);
#8097 = CARTESIAN_POINT('',(-18.388196,0.8,-4.8));
#8098 = DIRECTION('',(0.,0.,1.));
#8099 = DIRECTION('',(1.,0.,-0.));
#8100 = PCURVE('',#3871,#8101);
#8101 = DEFINITIONAL_REPRESENTATION('',(#8102),#8106);
#8102 = CIRCLE('',#8103,2.);
#8103 = AXIS2_PLACEMENT_2D('',#8104,#8105);
#8104 = CARTESIAN_POINT('',(-12.25,15.));
#8105 = DIRECTION('',(1.,0.));
#8106 = ( GEOMETRIC_REPRESENTATION_CONTEXT(2) 
PARAMETRIC_REPRESENTATION_CONTEXT() REPRESENTATION_CONTEXT('2D SPACE',''
  ) );
#8107 = PCURVE('',#6846,#8108);
#8108 = DEFINITIONAL_REPRESENTATION('',(#8109),#8113);
#8109 = LINE('',#8110,#8111);
#8110 = CARTESIAN_POINT('',(0.,-2.22044604925E-16));
#8111 = VECTOR('',#8112,1.);
#8112 = DIRECTION('',(1.,7.067899292141E-17));
#8113 = ( GEOMETRIC_REPRESENTATION_CONTEXT(2) 
PARAMETRIC_REPRESENTATION_CONTEXT() REPRESENTATION_CONTEXT('2D SPACE',''
  ) );
#8114 = ORIENTED_EDGE('',*,*,#8115,.T.);
#8115 = EDGE_CURVE('',#8092,#8116,#8118,.T.);
#8116 = VERTEX_POINT('',#8117);
#8117 = CARTESIAN_POINT('',(-21.194432,-24.2,-4.8));
#8118 = SURFACE_CURVE('',#8119,(#8123,#8130),.PCURVE_S1.);
#8119 = LINE('',#8120,#8121);
#8120 = CARTESIAN_POINT('',(-21.194432,0.8,-4.8));
#8121 = VECTOR('',#8122,1.);
#8122 = DIRECTION('',(-0.,-1.,-0.));
#8123 = PCURVE('',#3871,#8124);
#8124 = DEFINITIONAL_REPRESENTATION('',(#8125),#8129);
#8125 = LINE('',#8126,#8127);
#8126 = CARTESIAN_POINT('',(-14.25,15.));
#8127 = VECTOR('',#8128,1.);
#8128 = DIRECTION('',(0.,-1.));
#8129 = ( GEOMETRIC_REPRESENTATION_CONTEXT(2) 
PARAMETRIC_REPRESENTATION_CONTEXT() REPRESENTATION_CONTEXT('2D SPACE',''
  ) );
#8130 = PCURVE('',#6813,#8131);
#8131 = DEFINITIONAL_REPRESENTATION('',(#8132),#8136);
#8132 = LINE('',#8133,#8134);
#8133 = CARTESIAN_POINT('',(3.,0.));
#8134 = VECTOR('',#8135,1.);
#8135 = DIRECTION('',(1.,0.));
#8136 = ( GEOMETRIC_REPRESENTATION_CONTEXT(2) 
PARAMETRIC_REPRESENTATION_CONTEXT() REPRESENTATION_CONTEXT('2D SPACE',''
  ) );
#8137 = ORIENTED_EDGE('',*,*,#8138,.T.);
#8138 = EDGE_CURVE('',#8116,#7975,#8139,.T.);
#8139 = SURFACE_CURVE('',#8140,(#8145,#8152),.PCURVE_S1.);
#8140 = CIRCLE('',#8141,2.);
#8141 = AXIS2_PLACEMENT_3D('',#8142,#8143,#8144);
#8142 = CARTESIAN_POINT('',(-18.388196,-24.2,-4.8));
#8143 = DIRECTION('',(0.,0.,1.));
#8144 = DIRECTION('',(1.,0.,-0.));
#8145 = PCURVE('',#3871,#8146);
#8146 = DEFINITIONAL_REPRESENTATION('',(#8147),#8151);
#8147 = CIRCLE('',#8148,2.);
#8148 = AXIS2_PLACEMENT_2D('',#8149,#8150);
#8149 = CARTESIAN_POINT('',(-12.25,-10.));
#8150 = DIRECTION('',(1.,0.));
#8151 = ( GEOMETRIC_REPRESENTATION_CONTEXT(2) 
PARAMETRIC_REPRESENTATION_CONTEXT() REPRESENTATION_CONTEXT('2D SPACE',''
  ) );
#8152 = PCURVE('',#6785,#8153);
#8153 = DEFINITIONAL_REPRESENTATION('',(#8154),#8158);
#8154 = LINE('',#8155,#8156);
#8155 = CARTESIAN_POINT('',(0.,0.));
#8156 = VECTOR('',#8157,1.);
#8157 = DIRECTION('',(1.,0.));
#8158 = ( GEOMETRIC_REPRESENTATION_CONTEXT(2) 
PARAMETRIC_REPRESENTATION_CONTEXT() REPRESENTATION_CONTEXT('2D SPACE',''
  ) );
#8159 = FACE_BOUND('',#8160,.T.);
#8160 = EDGE_LOOP('',(#8161,#8186,#8214,#8236,#8237,#8238,#8239,#8240,
    #8241,#8262,#8263,#8264,#8265,#8289));
#8161 = ORIENTED_EDGE('',*,*,#8162,.T.);
#8162 = EDGE_CURVE('',#8163,#8165,#8167,.T.);
#8163 = VERTEX_POINT('',#8164);
#8164 = CARTESIAN_POINT('',(-25.684410,-22.699999236,-4.8));
#8165 = VERTEX_POINT('',#8166);
#8166 = CARTESIAN_POINT('',(-25.684410,-10.700000764,-4.8));
#8167 = SURFACE_CURVE('',#8168,(#8172,#8179),.PCURVE_S1.);
#8168 = LINE('',#8169,#8170);
#8169 = CARTESIAN_POINT('',(-25.684410,-22.699999236,-4.8));
#8170 = VECTOR('',#8171,1.);
#8171 = DIRECTION('',(0.,1.,0.));
#8172 = PCURVE('',#3871,#8173);
#8173 = DEFINITIONAL_REPRESENTATION('',(#8174),#8178);
#8174 = LINE('',#8175,#8176);
#8175 = CARTESIAN_POINT('',(-17.45,-8.499999236));
#8176 = VECTOR('',#8177,1.);
#8177 = DIRECTION('',(0.,1.));
#8178 = ( GEOMETRIC_REPRESENTATION_CONTEXT(2) 
PARAMETRIC_REPRESENTATION_CONTEXT() REPRESENTATION_CONTEXT('2D SPACE',''
  ) );
#8179 = PCURVE('',#3434,#8180);
#8180 = DEFINITIONAL_REPRESENTATION('',(#8181),#8185);
#8181 = LINE('',#8182,#8183);
#8182 = CARTESIAN_POINT('',(-0.8,-5.999999236));
#8183 = VECTOR('',#8184,1.);
#8184 = DIRECTION('',(0.,1.));
#8185 = ( GEOMETRIC_REPRESENTATION_CONTEXT(2) 
PARAMETRIC_REPRESENTATION_CONTEXT() REPRESENTATION_CONTEXT('2D SPACE',''
  ) );
#8186 = ORIENTED_EDGE('',*,*,#8187,.T.);
#8187 = EDGE_CURVE('',#8165,#8188,#8190,.T.);
#8188 = VERTEX_POINT('',#8189);
#8189 = CARTESIAN_POINT('',(-24.982850,-10.2,-4.8));
#8190 = SURFACE_CURVE('',#8191,(#8196,#8207),.PCURVE_S1.);
#8191 = CIRCLE('',#8192,0.5);
#8192 = AXIS2_PLACEMENT_3D('',#8193,#8194,#8195);
#8193 = CARTESIAN_POINT('',(-24.982851,-10.7,-4.8));
#8194 = DIRECTION('',(0.,-0.,-1.));
#8195 = DIRECTION('',(1.,-0.,0.));
#8196 = PCURVE('',#3871,#8197);
#8197 = DEFINITIONAL_REPRESENTATION('',(#8198),#8206);
#8198 = ( BOUNDED_CURVE() B_SPLINE_CURVE(2,(#8199,#8200,#8201,#8202,
#8203,#8204,#8205),.UNSPECIFIED.,.T.,.F.) B_SPLINE_CURVE_WITH_KNOTS((1,2
    ,2,2,2,1),(-2.094395102393,0.,2.094395102393,4.188790204786,
6.28318530718,8.377580409573),.UNSPECIFIED.) CURVE() 
GEOMETRIC_REPRESENTATION_ITEM() RATIONAL_B_SPLINE_CURVE((1.,0.5,1.,0.5,
1.,0.5,1.)) REPRESENTATION_ITEM('') );
#8199 = CARTESIAN_POINT('',(-16.45,3.5));
#8200 = CARTESIAN_POINT('',(-16.45,2.633974596216));
#8201 = CARTESIAN_POINT('',(-17.2,3.066987298108));
#8202 = CARTESIAN_POINT('',(-17.95,3.5));
#8203 = CARTESIAN_POINT('',(-17.2,3.933012701892));
#8204 = CARTESIAN_POINT('',(-16.45,4.366025403784));
#8205 = CARTESIAN_POINT('',(-16.45,3.5));
#8206 = ( GEOMETRIC_REPRESENTATION_CONTEXT(2) 
PARAMETRIC_REPRESENTATION_CONTEXT() REPRESENTATION_CONTEXT('2D SPACE',''
  ) );
#8207 = PCURVE('',#4156,#8208);
#8208 = DEFINITIONAL_REPRESENTATION('',(#8209),#8213);
#8209 = LINE('',#8210,#8211);
#8210 = CARTESIAN_POINT('',(-3.14159265359,0.8));
#8211 = VECTOR('',#8212,1.);
#8212 = DIRECTION('',(1.,0.));
#8213 = ( GEOMETRIC_REPRESENTATION_CONTEXT(2) 
PARAMETRIC_REPRESENTATION_CONTEXT() REPRESENTATION_CONTEXT('2D SPACE',''
  ) );
#8214 = ORIENTED_EDGE('',*,*,#8215,.T.);
#8215 = EDGE_CURVE('',#8188,#7255,#8216,.T.);
#8216 = SURFACE_CURVE('',#8217,(#8222,#8229),.PCURVE_S1.);
#8217 = CIRCLE('',#8218,0.5);
#8218 = AXIS2_PLACEMENT_3D('',#8219,#8220,#8221);
#8219 = CARTESIAN_POINT('',(-24.982851,-9.7,-4.8));
#8220 = DIRECTION('',(0.,0.,1.));
#8221 = DIRECTION('',(1.,0.,-0.));
#8222 = PCURVE('',#3871,#8223);
#8223 = DEFINITIONAL_REPRESENTATION('',(#8224),#8228);
#8224 = CIRCLE('',#8225,0.5);
#8225 = AXIS2_PLACEMENT_2D('',#8226,#8227);
#8226 = CARTESIAN_POINT('',(-16.95,4.5));
#8227 = DIRECTION('',(1.,0.));
#8228 = ( GEOMETRIC_REPRESENTATION_CONTEXT(2) 
PARAMETRIC_REPRESENTATION_CONTEXT() REPRESENTATION_CONTEXT('2D SPACE',''
  ) );
#8229 = PCURVE('',#4127,#8230);
#8230 = DEFINITIONAL_REPRESENTATION('',(#8231),#8235);
#8231 = LINE('',#8232,#8233);
#8232 = CARTESIAN_POINT('',(9.424777960769,0.8));
#8233 = VECTOR('',#8234,1.);
#8234 = DIRECTION('',(-1.,0.));
#8235 = ( GEOMETRIC_REPRESENTATION_CONTEXT(2) 
PARAMETRIC_REPRESENTATION_CONTEXT() REPRESENTATION_CONTEXT('2D SPACE',''
  ) );
#8236 = ORIENTED_EDGE('',*,*,#7254,.T.);
#8237 = ORIENTED_EDGE('',*,*,#7796,.F.);
#8238 = ORIENTED_EDGE('',*,*,#7747,.F.);
#8239 = ORIENTED_EDGE('',*,*,#3855,.T.);
#8240 = ORIENTED_EDGE('',*,*,#7723,.T.);
#8241 = ORIENTED_EDGE('',*,*,#8242,.T.);
#8242 = EDGE_CURVE('',#7696,#7874,#8243,.T.);
#8243 = SURFACE_CURVE('',#8244,(#8248,#8255),.PCURVE_S1.);
#8244 = LINE('',#8245,#8246);
#8245 = CARTESIAN_POINT('',(11.428062,-34.4,-4.8));
#8246 = VECTOR('',#8247,1.);
#8247 = DIRECTION('',(-1.,0.,0.));
#8248 = PCURVE('',#3871,#8249);
#8249 = DEFINITIONAL_REPRESENTATION('',(#8250),#8254);
#8250 = LINE('',#8251,#8252);
#8251 = CARTESIAN_POINT('',(9.,-20.2));
#8252 = VECTOR('',#8253,1.);
#8253 = DIRECTION('',(-1.,0.));
#8254 = ( GEOMETRIC_REPRESENTATION_CONTEXT(2) 
PARAMETRIC_REPRESENTATION_CONTEXT() REPRESENTATION_CONTEXT('2D SPACE',''
  ) );
#8255 = PCURVE('',#7711,#8256);
#8256 = DEFINITIONAL_REPRESENTATION('',(#8257),#8261);
#8257 = LINE('',#8258,#8259);
#8258 = CARTESIAN_POINT('',(-0.8,-10.65));
#8259 = VECTOR('',#8260,1.);
#8260 = DIRECTION('',(0.,1.));
#8261 = ( GEOMETRIC_REPRESENTATION_CONTEXT(2) 
PARAMETRIC_REPRESENTATION_CONTEXT() REPRESENTATION_CONTEXT('2D SPACE',''
  ) );
#8262 = ORIENTED_EDGE('',*,*,#7873,.F.);
#8263 = ORIENTED_EDGE('',*,*,#6948,.T.);
#8264 = ORIENTED_EDGE('',*,*,#7847,.T.);
#8265 = ORIENTED_EDGE('',*,*,#8266,.T.);
#8266 = EDGE_CURVE('',#7825,#8267,#8269,.T.);
#8267 = VERTEX_POINT('',#8268);
#8268 = CARTESIAN_POINT('',(-24.982850,-23.2,-4.8));
#8269 = SURFACE_CURVE('',#8270,(#8275,#8282),.PCURVE_S1.);
#8270 = CIRCLE('',#8271,0.5);
#8271 = AXIS2_PLACEMENT_3D('',#8272,#8273,#8274);
#8272 = CARTESIAN_POINT('',(-24.982851,-23.7,-4.8));
#8273 = DIRECTION('',(0.,0.,1.));
#8274 = DIRECTION('',(1.,0.,-0.));
#8275 = PCURVE('',#3871,#8276);
#8276 = DEFINITIONAL_REPRESENTATION('',(#8277),#8281);
#8277 = CIRCLE('',#8278,0.5);
#8278 = AXIS2_PLACEMENT_2D('',#8279,#8280);
#8279 = CARTESIAN_POINT('',(-16.95,-9.5));
#8280 = DIRECTION('',(1.,0.));
#8281 = ( GEOMETRIC_REPRESENTATION_CONTEXT(2) 
PARAMETRIC_REPRESENTATION_CONTEXT() REPRESENTATION_CONTEXT('2D SPACE',''
  ) );
#8282 = PCURVE('',#7173,#8283);
#8283 = DEFINITIONAL_REPRESENTATION('',(#8284),#8288);
#8284 = LINE('',#8285,#8286);
#8285 = CARTESIAN_POINT('',(4.228388472693E-18,-0.8));
#8286 = VECTOR('',#8287,1.);
#8287 = DIRECTION('',(1.,0.));
#8288 = ( GEOMETRIC_REPRESENTATION_CONTEXT(2) 
PARAMETRIC_REPRESENTATION_CONTEXT() REPRESENTATION_CONTEXT('2D SPACE',''
  ) );
#8289 = ORIENTED_EDGE('',*,*,#8290,.T.);
#8290 = EDGE_CURVE('',#8267,#8163,#8291,.T.);
#8291 = SURFACE_CURVE('',#8292,(#8297,#8308),.PCURVE_S1.);
#8292 = CIRCLE('',#8293,0.5);
#8293 = AXIS2_PLACEMENT_3D('',#8294,#8295,#8296);
#8294 = CARTESIAN_POINT('',(-24.982851,-22.7,-4.8));
#8295 = DIRECTION('',(0.,-0.,-1.));
#8296 = DIRECTION('',(1.,-0.,0.));
#8297 = PCURVE('',#3871,#8298);
#8298 = DEFINITIONAL_REPRESENTATION('',(#8299),#8307);
#8299 = ( BOUNDED_CURVE() B_SPLINE_CURVE(2,(#8300,#8301,#8302,#8303,
#8304,#8305,#8306),.UNSPECIFIED.,.T.,.F.) B_SPLINE_CURVE_WITH_KNOTS((1,2
    ,2,2,2,1),(-2.094395102393,0.,2.094395102393,4.188790204786,
6.28318530718,8.377580409573),.UNSPECIFIED.) CURVE() 
GEOMETRIC_REPRESENTATION_ITEM() RATIONAL_B_SPLINE_CURVE((1.,0.5,1.,0.5,
1.,0.5,1.)) REPRESENTATION_ITEM('') );
#8300 = CARTESIAN_POINT('',(-16.45,-8.5));
#8301 = CARTESIAN_POINT('',(-16.45,-9.366025403784));
#8302 = CARTESIAN_POINT('',(-17.2,-8.933012701892));
#8303 = CARTESIAN_POINT('',(-17.95,-8.5));
#8304 = CARTESIAN_POINT('',(-17.2,-8.066987298108));
#8305 = CARTESIAN_POINT('',(-16.45,-7.633974596216));
#8306 = CARTESIAN_POINT('',(-16.45,-8.5));
#8307 = ( GEOMETRIC_REPRESENTATION_CONTEXT(2) 
PARAMETRIC_REPRESENTATION_CONTEXT() REPRESENTATION_CONTEXT('2D SPACE',''
  ) );
#8308 = PCURVE('',#7140,#8309);
#8309 = DEFINITIONAL_REPRESENTATION('',(#8310),#8314);
#8310 = LINE('',#8311,#8312);
#8311 = CARTESIAN_POINT('',(6.28318530718,-0.8));
#8312 = VECTOR('',#8313,1.);
#8313 = DIRECTION('',(-1.,0.));
#8314 = ( GEOMETRIC_REPRESENTATION_CONTEXT(2) 
PARAMETRIC_REPRESENTATION_CONTEXT() REPRESENTATION_CONTEXT('2D SPACE',''
  ) );
#8315 = ADVANCED_FACE('',(#8316),#3434,.F.);
#8316 = FACE_BOUND('',#8317,.T.);
#8317 = EDGE_LOOP('',(#8318,#8339,#8340,#8341,#8342,#8343,#8344,#8365));
#8318 = ORIENTED_EDGE('',*,*,#8319,.T.);
#8319 = EDGE_CURVE('',#8163,#7099,#8320,.T.);
#8320 = SURFACE_CURVE('',#8321,(#8325,#8332),.PCURVE_S1.);
#8321 = LINE('',#8322,#8323);
#8322 = CARTESIAN_POINT('',(-25.684410,-22.7,-4.8));
#8323 = VECTOR('',#8324,1.);
#8324 = DIRECTION('',(-0.,-0.,-1.));
#8325 = PCURVE('',#3434,#8326);
#8326 = DEFINITIONAL_REPRESENTATION('',(#8327),#8331);
#8327 = LINE('',#8328,#8329);
#8328 = CARTESIAN_POINT('',(-0.8,-6.));
#8329 = VECTOR('',#8330,1.);
#8330 = DIRECTION('',(-1.,0.));
#8331 = ( GEOMETRIC_REPRESENTATION_CONTEXT(2) 
PARAMETRIC_REPRESENTATION_CONTEXT() REPRESENTATION_CONTEXT('2D SPACE',''
  ) );
#8332 = PCURVE('',#7140,#8333);
#8333 = DEFINITIONAL_REPRESENTATION('',(#8334),#8338);
#8334 = LINE('',#8335,#8336);
#8335 = CARTESIAN_POINT('',(3.14159265359,-0.8));
#8336 = VECTOR('',#8337,1.);
#8337 = DIRECTION('',(0.,-1.));
#8338 = ( GEOMETRIC_REPRESENTATION_CONTEXT(2) 
PARAMETRIC_REPRESENTATION_CONTEXT() REPRESENTATION_CONTEXT('2D SPACE',''
  ) );
#8339 = ORIENTED_EDGE('',*,*,#7098,.T.);
#8340 = ORIENTED_EDGE('',*,*,#7502,.F.);
#8341 = ORIENTED_EDGE('',*,*,#3418,.F.);
#8342 = ORIENTED_EDGE('',*,*,#6342,.T.);
#8343 = ORIENTED_EDGE('',*,*,#4168,.T.);
#8344 = ORIENTED_EDGE('',*,*,#8345,.T.);
#8345 = EDGE_CURVE('',#4140,#8165,#8346,.T.);
#8346 = SURFACE_CURVE('',#8347,(#8351,#8358),.PCURVE_S1.);
#8347 = LINE('',#8348,#8349);
#8348 = CARTESIAN_POINT('',(-25.684410,-10.7,-9.0));
#8349 = VECTOR('',#8350,1.);
#8350 = DIRECTION('',(0.,0.,1.));
#8351 = PCURVE('',#3434,#8352);
#8352 = DEFINITIONAL_REPRESENTATION('',(#8353),#8357);
#8353 = LINE('',#8354,#8355);
#8354 = CARTESIAN_POINT('',(-5.,6.));
#8355 = VECTOR('',#8356,1.);
#8356 = DIRECTION('',(1.,0.));
#8357 = ( GEOMETRIC_REPRESENTATION_CONTEXT(2) 
PARAMETRIC_REPRESENTATION_CONTEXT() REPRESENTATION_CONTEXT('2D SPACE',''
  ) );
#8358 = PCURVE('',#4156,#8359);
#8359 = DEFINITIONAL_REPRESENTATION('',(#8360),#8364);
#8360 = LINE('',#8361,#8362);
#8361 = CARTESIAN_POINT('',(0.,5.));
#8362 = VECTOR('',#8363,1.);
#8363 = DIRECTION('',(0.,-1.));
#8364 = ( GEOMETRIC_REPRESENTATION_CONTEXT(2) 
PARAMETRIC_REPRESENTATION_CONTEXT() REPRESENTATION_CONTEXT('2D SPACE',''
  ) );
#8365 = ORIENTED_EDGE('',*,*,#8162,.F.);
#8366 = ADVANCED_FACE('',(#8367),#4156,.F.);
#8367 = FACE_BOUND('',#8368,.F.);
#8368 = EDGE_LOOP('',(#8369,#8370,#8371,#8372));
#8369 = ORIENTED_EDGE('',*,*,#4139,.T.);
#8370 = ORIENTED_EDGE('',*,*,#8345,.T.);
#8371 = ORIENTED_EDGE('',*,*,#8187,.T.);
#8372 = ORIENTED_EDGE('',*,*,#8373,.T.);
#8373 = EDGE_CURVE('',#8188,#4107,#8374,.T.);
#8374 = SURFACE_CURVE('',#8375,(#8379,#8386),.PCURVE_S1.);
#8375 = LINE('',#8376,#8377);
#8376 = CARTESIAN_POINT('',(-24.982850,-10.2,-4.8));
#8377 = VECTOR('',#8378,1.);
#8378 = DIRECTION('',(-0.,-0.,-1.));
#8379 = PCURVE('',#4156,#8380);
#8380 = DEFINITIONAL_REPRESENTATION('',(#8381),#8385);
#8381 = LINE('',#8382,#8383);
#8382 = CARTESIAN_POINT('',(1.570797832795,0.8));
#8383 = VECTOR('',#8384,1.);
#8384 = DIRECTION('',(0.,1.));
#8385 = ( GEOMETRIC_REPRESENTATION_CONTEXT(2) 
PARAMETRIC_REPRESENTATION_CONTEXT() REPRESENTATION_CONTEXT('2D SPACE',''
  ) );
#8386 = PCURVE('',#4127,#8387);
#8387 = DEFINITIONAL_REPRESENTATION('',(#8388),#8392);
#8388 = LINE('',#8389,#8390);
#8389 = CARTESIAN_POINT('',(4.712387474385,0.8));
#8390 = VECTOR('',#8391,1.);
#8391 = DIRECTION('',(0.,1.));
#8392 = ( GEOMETRIC_REPRESENTATION_CONTEXT(2) 
PARAMETRIC_REPRESENTATION_CONTEXT() REPRESENTATION_CONTEXT('2D SPACE',''
  ) );
#8393 = ADVANCED_FACE('',(#8394),#4127,.T.);
#8394 = FACE_BOUND('',#8395,.T.);
#8395 = EDGE_LOOP('',(#8396,#8397,#8398,#8399));
#8396 = ORIENTED_EDGE('',*,*,#8215,.F.);
#8397 = ORIENTED_EDGE('',*,*,#8373,.T.);
#8398 = ORIENTED_EDGE('',*,*,#4106,.F.);
#8399 = ORIENTED_EDGE('',*,*,#7279,.F.);
#8400 = ADVANCED_FACE('',(#8401),#7140,.F.);
#8401 = FACE_BOUND('',#8402,.F.);
#8402 = EDGE_LOOP('',(#8403,#8404,#8425,#8426));
#8403 = ORIENTED_EDGE('',*,*,#7123,.T.);
#8404 = ORIENTED_EDGE('',*,*,#8405,.T.);
#8405 = EDGE_CURVE('',#7124,#8267,#8406,.T.);
#8406 = SURFACE_CURVE('',#8407,(#8411,#8418),.PCURVE_S1.);
#8407 = LINE('',#8408,#8409);
#8408 = CARTESIAN_POINT('',(-24.982849,-23.2,-9.0));
#8409 = VECTOR('',#8410,1.);
#8410 = DIRECTION('',(0.,0.,1.));
#8411 = PCURVE('',#7140,#8412);
#8412 = DEFINITIONAL_REPRESENTATION('',(#8413),#8417);
#8413 = LINE('',#8414,#8415);
#8414 = CARTESIAN_POINT('',(4.712391992385,-5.));
#8415 = VECTOR('',#8416,1.);
#8416 = DIRECTION('',(0.,1.));
#8417 = ( GEOMETRIC_REPRESENTATION_CONTEXT(2) 
PARAMETRIC_REPRESENTATION_CONTEXT() REPRESENTATION_CONTEXT('2D SPACE',''
  ) );
#8418 = PCURVE('',#7173,#8419);
#8419 = DEFINITIONAL_REPRESENTATION('',(#8420),#8424);
#8420 = LINE('',#8421,#8422);
#8421 = CARTESIAN_POINT('',(1.570793314795,-5.));
#8422 = VECTOR('',#8423,1.);
#8423 = DIRECTION('',(0.,1.));
#8424 = ( GEOMETRIC_REPRESENTATION_CONTEXT(2) 
PARAMETRIC_REPRESENTATION_CONTEXT() REPRESENTATION_CONTEXT('2D SPACE',''
  ) );
#8425 = ORIENTED_EDGE('',*,*,#8290,.T.);
#8426 = ORIENTED_EDGE('',*,*,#8319,.T.);
#8427 = ADVANCED_FACE('',(#8428),#7173,.T.);
#8428 = FACE_BOUND('',#8429,.T.);
#8429 = EDGE_LOOP('',(#8430,#8431,#8432,#8433));
#8430 = ORIENTED_EDGE('',*,*,#8266,.F.);
#8431 = ORIENTED_EDGE('',*,*,#7824,.F.);
#8432 = ORIENTED_EDGE('',*,*,#7152,.F.);
#8433 = ORIENTED_EDGE('',*,*,#8405,.T.);
#8434 = ADVANCED_FACE('',(#8435),#4496,.F.);
#8435 = FACE_BOUND('',#8436,.F.);
#8436 = EDGE_LOOP('',(#8437,#8466,#8487,#8488));
#8437 = ORIENTED_EDGE('',*,*,#8438,.T.);
#8438 = EDGE_CURVE('',#8439,#8439,#8441,.T.);
#8439 = VERTEX_POINT('',#8440);
#8440 = CARTESIAN_POINT('',(-22.246771,7.8,-6.0));
#8441 = SURFACE_CURVE('',#8442,(#8447,#8454),.PCURVE_S1.);
#8442 = CIRCLE('',#8443,1.);
#8443 = AXIS2_PLACEMENT_3D('',#8444,#8445,#8446);
#8444 = CARTESIAN_POINT('',(-20.843653,7.8,-6.0));
#8445 = DIRECTION('',(-0.,0.,-1.));
#8446 = DIRECTION('',(-1.,0.,0.));
#8447 = PCURVE('',#4496,#8448);
#8448 = DEFINITIONAL_REPRESENTATION('',(#8449),#8453);
#8449 = LINE('',#8450,#8451);
#8450 = CARTESIAN_POINT('',(0.,0.));
#8451 = VECTOR('',#8452,1.);
#8452 = DIRECTION('',(1.,0.));
#8453 = ( GEOMETRIC_REPRESENTATION_CONTEXT(2) 
PARAMETRIC_REPRESENTATION_CONTEXT() REPRESENTATION_CONTEXT('2D SPACE',''
  ) );
#8454 = PCURVE('',#8455,#8460);
#8455 = PLANE('',#8456);
#8456 = AXIS2_PLACEMENT_3D('',#8457,#8458,#8459);
#8457 = CARTESIAN_POINT('',(-1.200000,-14.2,-6.0));
#8458 = DIRECTION('',(-0.,-0.,-1.));
#8459 = DIRECTION('',(-1.,0.,0.));
#8460 = DEFINITIONAL_REPRESENTATION('',(#8461),#8465);
#8461 = CIRCLE('',#8462,1.);
#8462 = AXIS2_PLACEMENT_2D('',#8463,#8464);
#8463 = CARTESIAN_POINT('',(14.,22.));
#8464 = DIRECTION('',(1.,0.));
#8465 = ( GEOMETRIC_REPRESENTATION_CONTEXT(2) 
PARAMETRIC_REPRESENTATION_CONTEXT() REPRESENTATION_CONTEXT('2D SPACE',''
  ) );
#8466 = ORIENTED_EDGE('',*,*,#8467,.F.);
#8467 = EDGE_CURVE('',#4476,#8439,#8468,.T.);
#8468 = SEAM_CURVE('',#8469,(#8473,#8480),.PCURVE_S1.);
#8469 = LINE('',#8470,#8471);
#8470 = CARTESIAN_POINT('',(-22.246771,7.8,-9.0));
#8471 = VECTOR('',#8472,1.);
#8472 = DIRECTION('',(0.,0.,1.));
#8473 = PCURVE('',#4496,#8474);
#8474 = DEFINITIONAL_REPRESENTATION('',(#8475),#8479);
#8475 = LINE('',#8476,#8477);
#8476 = CARTESIAN_POINT('',(6.28318530718,3.));
#8477 = VECTOR('',#8478,1.);
#8478 = DIRECTION('',(0.,-1.));
#8479 = ( GEOMETRIC_REPRESENTATION_CONTEXT(2) 
PARAMETRIC_REPRESENTATION_CONTEXT() REPRESENTATION_CONTEXT('2D SPACE',''
  ) );
#8480 = PCURVE('',#4496,#8481);
#8481 = DEFINITIONAL_REPRESENTATION('',(#8482),#8486);
#8482 = LINE('',#8483,#8484);
#8483 = CARTESIAN_POINT('',(0.,3.));
#8484 = VECTOR('',#8485,1.);
#8485 = DIRECTION('',(0.,-1.));
#8486 = ( GEOMETRIC_REPRESENTATION_CONTEXT(2) 
PARAMETRIC_REPRESENTATION_CONTEXT() REPRESENTATION_CONTEXT('2D SPACE',''
  ) );
#8487 = ORIENTED_EDGE('',*,*,#4475,.F.);
#8488 = ORIENTED_EDGE('',*,*,#8467,.T.);
#8489 = ADVANCED_FACE('',(#8490),#8455,.T.);
#8490 = FACE_BOUND('',#8491,.T.);
#8491 = EDGE_LOOP('',(#8492));
#8492 = ORIENTED_EDGE('',*,*,#8438,.T.);
#8493 = ADVANCED_FACE('',(#8494),#4461,.F.);
#8494 = FACE_BOUND('',#8495,.F.);
#8495 = EDGE_LOOP('',(#8496,#8525,#8546,#8547));
#8496 = ORIENTED_EDGE('',*,*,#8497,.T.);
#8497 = EDGE_CURVE('',#8498,#8498,#8500,.T.);
#8498 = VERTEX_POINT('',#8499);
#8499 = CARTESIAN_POINT('',(17.040534,-36.2,-6.0));
#8500 = SURFACE_CURVE('',#8501,(#8506,#8513),.PCURVE_S1.);
#8501 = CIRCLE('',#8502,1.);
#8502 = AXIS2_PLACEMENT_3D('',#8503,#8504,#8505);
#8503 = CARTESIAN_POINT('',(18.443652,-36.2,-6.0));
#8504 = DIRECTION('',(-0.,0.,-1.));
#8505 = DIRECTION('',(-1.,0.,0.));
#8506 = PCURVE('',#4461,#8507);
#8507 = DEFINITIONAL_REPRESENTATION('',(#8508),#8512);
#8508 = LINE('',#8509,#8510);
#8509 = CARTESIAN_POINT('',(0.,0.));
#8510 = VECTOR('',#8511,1.);
#8511 = DIRECTION('',(1.,0.));
#8512 = ( GEOMETRIC_REPRESENTATION_CONTEXT(2) 
PARAMETRIC_REPRESENTATION_CONTEXT() REPRESENTATION_CONTEXT('2D SPACE',''
  ) );
#8513 = PCURVE('',#8514,#8519);
#8514 = PLANE('',#8515);
#8515 = AXIS2_PLACEMENT_3D('',#8516,#8517,#8518);
#8516 = CARTESIAN_POINT('',(-1.200000,-14.2,-6.0));
#8517 = DIRECTION('',(-0.,-0.,-1.));
#8518 = DIRECTION('',(-1.,0.,0.));
#8519 = DEFINITIONAL_REPRESENTATION('',(#8520),#8524);
#8520 = CIRCLE('',#8521,1.);
#8521 = AXIS2_PLACEMENT_2D('',#8522,#8523);
#8522 = CARTESIAN_POINT('',(-14.,-22.));
#8523 = DIRECTION('',(1.,0.));
#8524 = ( GEOMETRIC_REPRESENTATION_CONTEXT(2) 
PARAMETRIC_REPRESENTATION_CONTEXT() REPRESENTATION_CONTEXT('2D SPACE',''
  ) );
#8525 = ORIENTED_EDGE('',*,*,#8526,.F.);
#8526 = EDGE_CURVE('',#4441,#8498,#8527,.T.);
#8527 = SEAM_CURVE('',#8528,(#8532,#8539),.PCURVE_S1.);
#8528 = LINE('',#8529,#8530);
#8529 = CARTESIAN_POINT('',(17.040534,-36.2,-9.0));
#8530 = VECTOR('',#8531,1.);
#8531 = DIRECTION('',(0.,0.,1.));
#8532 = PCURVE('',#4461,#8533);
#8533 = DEFINITIONAL_REPRESENTATION('',(#8534),#8538);
#8534 = LINE('',#8535,#8536);
#8535 = CARTESIAN_POINT('',(6.28318530718,3.));
#8536 = VECTOR('',#8537,1.);
#8537 = DIRECTION('',(0.,-1.));
#8538 = ( GEOMETRIC_REPRESENTATION_CONTEXT(2) 
PARAMETRIC_REPRESENTATION_CONTEXT() REPRESENTATION_CONTEXT('2D SPACE',''
  ) );
#8539 = PCURVE('',#4461,#8540);
#8540 = DEFINITIONAL_REPRESENTATION('',(#8541),#8545);
#8541 = LINE('',#8542,#8543);
#8542 = CARTESIAN_POINT('',(0.,3.));
#8543 = VECTOR('',#8544,1.);
#8544 = DIRECTION('',(0.,-1.));
#8545 = ( GEOMETRIC_REPRESENTATION_CONTEXT(2) 
PARAMETRIC_REPRESENTATION_CONTEXT() REPRESENTATION_CONTEXT('2D SPACE',''
  ) );
#8546 = ORIENTED_EDGE('',*,*,#4440,.F.);
#8547 = ORIENTED_EDGE('',*,*,#8526,.T.);
#8548 = ADVANCED_FACE('',(#8549),#8514,.T.);
#8549 = FACE_BOUND('',#8550,.T.);
#8550 = EDGE_LOOP('',(#8551));
#8551 = ORIENTED_EDGE('',*,*,#8497,.T.);
#8552 = ADVANCED_FACE('',(#8553),#7084,.F.);
#8553 = FACE_BOUND('',#8554,.F.);
#8554 = EDGE_LOOP('',(#8555,#8584,#8605,#8606));
#8555 = ORIENTED_EDGE('',*,*,#8556,.T.);
#8556 = EDGE_CURVE('',#8557,#8557,#8559,.T.);
#8557 = VERTEX_POINT('',#8558);
#8558 = CARTESIAN_POINT('',(-22.246771,-36.2,-6.0));
#8559 = SURFACE_CURVE('',#8560,(#8565,#8572),.PCURVE_S1.);
#8560 = CIRCLE('',#8561,1.);
#8561 = AXIS2_PLACEMENT_3D('',#8562,#8563,#8564);
#8562 = CARTESIAN_POINT('',(-20.843653,-36.2,-6.0));
#8563 = DIRECTION('',(-0.,0.,-1.));
#8564 = DIRECTION('',(-1.,0.,0.));
#8565 = PCURVE('',#7084,#8566);
#8566 = DEFINITIONAL_REPRESENTATION('',(#8567),#8571);
#8567 = LINE('',#8568,#8569);
#8568 = CARTESIAN_POINT('',(0.,0.));
#8569 = VECTOR('',#8570,1.);
#8570 = DIRECTION('',(1.,0.));
#8571 = ( GEOMETRIC_REPRESENTATION_CONTEXT(2) 
PARAMETRIC_REPRESENTATION_CONTEXT() REPRESENTATION_CONTEXT('2D SPACE',''
  ) );
#8572 = PCURVE('',#8573,#8578);
#8573 = PLANE('',#8574);
#8574 = AXIS2_PLACEMENT_3D('',#8575,#8576,#8577);
#8575 = CARTESIAN_POINT('',(-1.200000,-14.2,-6.0));
#8576 = DIRECTION('',(-0.,-0.,-1.));
#8577 = DIRECTION('',(-1.,0.,0.));
#8578 = DEFINITIONAL_REPRESENTATION('',(#8579),#8583);
#8579 = CIRCLE('',#8580,1.);
#8580 = AXIS2_PLACEMENT_2D('',#8581,#8582);
#8581 = CARTESIAN_POINT('',(14.,-22.));
#8582 = DIRECTION('',(1.,0.));
#8583 = ( GEOMETRIC_REPRESENTATION_CONTEXT(2) 
PARAMETRIC_REPRESENTATION_CONTEXT() REPRESENTATION_CONTEXT('2D SPACE',''
  ) );
#8584 = ORIENTED_EDGE('',*,*,#8585,.F.);
#8585 = EDGE_CURVE('',#7064,#8557,#8586,.T.);
#8586 = SEAM_CURVE('',#8587,(#8591,#8598),.PCURVE_S1.);
#8587 = LINE('',#8588,#8589);
#8588 = CARTESIAN_POINT('',(-22.246771,-36.2,-9.0));
#8589 = VECTOR('',#8590,1.);
#8590 = DIRECTION('',(0.,0.,1.));
#8591 = PCURVE('',#7084,#8592);
#8592 = DEFINITIONAL_REPRESENTATION('',(#8593),#8597);
#8593 = LINE('',#8594,#8595);
#8594 = CARTESIAN_POINT('',(6.28318530718,3.));
#8595 = VECTOR('',#8596,1.);
#8596 = DIRECTION('',(0.,-1.));
#8597 = ( GEOMETRIC_REPRESENTATION_CONTEXT(2) 
PARAMETRIC_REPRESENTATION_CONTEXT() REPRESENTATION_CONTEXT('2D SPACE',''
  ) );
#8598 = PCURVE('',#7084,#8599);
#8599 = DEFINITIONAL_REPRESENTATION('',(#8600),#8604);
#8600 = LINE('',#8601,#8602);
#8601 = CARTESIAN_POINT('',(0.,3.));
#8602 = VECTOR('',#8603,1.);
#8603 = DIRECTION('',(0.,-1.));
#8604 = ( GEOMETRIC_REPRESENTATION_CONTEXT(2) 
PARAMETRIC_REPRESENTATION_CONTEXT() REPRESENTATION_CONTEXT('2D SPACE',''
  ) );
#8605 = ORIENTED_EDGE('',*,*,#7063,.F.);
#8606 = ORIENTED_EDGE('',*,*,#8585,.T.);
#8607 = ADVANCED_FACE('',(#8608),#8573,.T.);
#8608 = FACE_BOUND('',#8609,.T.);
#8609 = EDGE_LOOP('',(#8610));
#8610 = ORIENTED_EDGE('',*,*,#8556,.T.);
#8611 = ADVANCED_FACE('',(#8612),#4426,.F.);
#8612 = FACE_BOUND('',#8613,.F.);
#8613 = EDGE_LOOP('',(#8614,#8643,#8664,#8665));
#8614 = ORIENTED_EDGE('',*,*,#8615,.T.);
#8615 = EDGE_CURVE('',#8616,#8616,#8618,.T.);
#8616 = VERTEX_POINT('',#8617);
#8617 = CARTESIAN_POINT('',(17.391314,7.8,-6.0));
#8618 = SURFACE_CURVE('',#8619,(#8624,#8631),.PCURVE_S1.);
#8619 = CIRCLE('',#8620,1.);
#8620 = AXIS2_PLACEMENT_3D('',#8621,#8622,#8623);
#8621 = CARTESIAN_POINT('',(18.794432,7.8,-6.0));
#8622 = DIRECTION('',(-0.,0.,-1.));
#8623 = DIRECTION('',(-1.,0.,0.));
#8624 = PCURVE('',#4426,#8625);
#8625 = DEFINITIONAL_REPRESENTATION('',(#8626),#8630);
#8626 = LINE('',#8627,#8628);
#8627 = CARTESIAN_POINT('',(0.,0.));
#8628 = VECTOR('',#8629,1.);
#8629 = DIRECTION('',(1.,0.));
#8630 = ( GEOMETRIC_REPRESENTATION_CONTEXT(2) 
PARAMETRIC_REPRESENTATION_CONTEXT() REPRESENTATION_CONTEXT('2D SPACE',''
  ) );
#8631 = PCURVE('',#8632,#8637);
#8632 = PLANE('',#8633);
#8633 = AXIS2_PLACEMENT_3D('',#8634,#8635,#8636);
#8634 = CARTESIAN_POINT('',(-1.200000,-14.2,-6.0));
#8635 = DIRECTION('',(-0.,-0.,-1.));
#8636 = DIRECTION('',(-1.,0.,0.));
#8637 = DEFINITIONAL_REPRESENTATION('',(#8638),#8642);
#8638 = CIRCLE('',#8639,1.);
#8639 = AXIS2_PLACEMENT_2D('',#8640,#8641);
#8640 = CARTESIAN_POINT('',(-14.25,22.));
#8641 = DIRECTION('',(1.,0.));
#8642 = ( GEOMETRIC_REPRESENTATION_CONTEXT(2) 
PARAMETRIC_REPRESENTATION_CONTEXT() REPRESENTATION_CONTEXT('2D SPACE',''
  ) );
#8643 = ORIENTED_EDGE('',*,*,#8644,.F.);
#8644 = EDGE_CURVE('',#4406,#8616,#8645,.T.);
#8645 = SEAM_CURVE('',#8646,(#8650,#8657),.PCURVE_S1.);
#8646 = LINE('',#8647,#8648);
#8647 = CARTESIAN_POINT('',(17.391314,7.8,-9.0));
#8648 = VECTOR('',#8649,1.);
#8649 = DIRECTION('',(0.,0.,1.));
#8650 = PCURVE('',#4426,#8651);
#8651 = DEFINITIONAL_REPRESENTATION('',(#8652),#8656);
#8652 = LINE('',#8653,#8654);
#8653 = CARTESIAN_POINT('',(6.28318530718,3.));
#8654 = VECTOR('',#8655,1.);
#8655 = DIRECTION('',(0.,-1.));
#8656 = ( GEOMETRIC_REPRESENTATION_CONTEXT(2) 
PARAMETRIC_REPRESENTATION_CONTEXT() REPRESENTATION_CONTEXT('2D SPACE',''
  ) );
#8657 = PCURVE('',#4426,#8658);
#8658 = DEFINITIONAL_REPRESENTATION('',(#8659),#8663);
#8659 = LINE('',#8660,#8661);
#8660 = CARTESIAN_POINT('',(0.,3.));
#8661 = VECTOR('',#8662,1.);
#8662 = DIRECTION('',(0.,-1.));
#8663 = ( GEOMETRIC_REPRESENTATION_CONTEXT(2) 
PARAMETRIC_REPRESENTATION_CONTEXT() REPRESENTATION_CONTEXT('2D SPACE',''
  ) );
#8664 = ORIENTED_EDGE('',*,*,#4405,.F.);
#8665 = ORIENTED_EDGE('',*,*,#8644,.T.);
#8666 = ADVANCED_FACE('',(#8667),#8632,.T.);
#8667 = FACE_BOUND('',#8668,.T.);
#8668 = EDGE_LOOP('',(#8669));
#8669 = ORIENTED_EDGE('',*,*,#8615,.T.);
#8670 = ADVANCED_FACE('',(#8671),#1269,.F.);
#8671 = FACE_BOUND('',#8672,.T.);
#8672 = EDGE_LOOP('',(#8673,#8701,#8722,#8723,#8724));
#8673 = ORIENTED_EDGE('',*,*,#8674,.F.);
#8674 = EDGE_CURVE('',#8675,#3937,#8677,.T.);
#8675 = VERTEX_POINT('',#8676);
#8676 = CARTESIAN_POINT('',(23.284410,-32.3,-11.0));
#8677 = SURFACE_CURVE('',#8678,(#8683,#8694),.PCURVE_S1.);
#8678 = CIRCLE('',#8679,2.);
#8679 = AXIS2_PLACEMENT_3D('',#8680,#8681,#8682);
#8680 = CARTESIAN_POINT('',(23.284410,-30.3,-11.0));
#8681 = DIRECTION('',(-1.,0.,0.));
#8682 = DIRECTION('',(0.,1.,-0.));
#8683 = PCURVE('',#1269,#8684);
#8684 = DEFINITIONAL_REPRESENTATION('',(#8685),#8693);
#8685 = ( BOUNDED_CURVE() B_SPLINE_CURVE(2,(#8686,#8687,#8688,#8689,
#8690,#8691,#8692),.UNSPECIFIED.,.T.,.F.) B_SPLINE_CURVE_WITH_KNOTS((1,2
    ,2,2,2,1),(-2.094395102393,0.,2.094395102393,4.188790204786,
6.28318530718,8.377580409573),.UNSPECIFIED.) CURVE() 
GEOMETRIC_REPRESENTATION_ITEM() RATIONAL_B_SPLINE_CURVE((1.,0.5,1.,0.5,
1.,0.5,1.)) REPRESENTATION_ITEM('') );
#8686 = CARTESIAN_POINT('',(-1.,-13.1));
#8687 = CARTESIAN_POINT('',(2.464101615138,-13.1));
#8688 = CARTESIAN_POINT('',(0.732050807569,-16.1));
#8689 = CARTESIAN_POINT('',(-1.,-19.1));
#8690 = CARTESIAN_POINT('',(-2.732050807569,-16.1));
#8691 = CARTESIAN_POINT('',(-4.464101615138,-13.1));
#8692 = CARTESIAN_POINT('',(-1.,-13.1));
#8693 = ( GEOMETRIC_REPRESENTATION_CONTEXT(2) 
PARAMETRIC_REPRESENTATION_CONTEXT() REPRESENTATION_CONTEXT('2D SPACE',''
  ) );
#8694 = PCURVE('',#614,#8695);
#8695 = DEFINITIONAL_REPRESENTATION('',(#8696),#8700);
#8696 = LINE('',#8697,#8698);
#8697 = CARTESIAN_POINT('',(0.,3.));
#8698 = VECTOR('',#8699,1.);
#8699 = DIRECTION('',(1.,0.));
#8700 = ( GEOMETRIC_REPRESENTATION_CONTEXT(2) 
PARAMETRIC_REPRESENTATION_CONTEXT() REPRESENTATION_CONTEXT('2D SPACE',''
  ) );
#8701 = ORIENTED_EDGE('',*,*,#8702,.T.);
#8702 = EDGE_CURVE('',#8675,#1254,#8703,.T.);
#8703 = SURFACE_CURVE('',#8704,(#8708,#8715),.PCURVE_S1.);
#8704 = LINE('',#8705,#8706);
#8705 = CARTESIAN_POINT('',(23.284410,-32.3,-11.0));
#8706 = VECTOR('',#8707,1.);
#8707 = DIRECTION('',(-0.,0.,-1.));
#8708 = PCURVE('',#1269,#8709);
#8709 = DEFINITIONAL_REPRESENTATION('',(#8710),#8714);
#8710 = LINE('',#8711,#8712);
#8711 = CARTESIAN_POINT('',(-1.,-17.1));
#8712 = VECTOR('',#8713,1.);
#8713 = DIRECTION('',(1.,0.));
#8714 = ( GEOMETRIC_REPRESENTATION_CONTEXT(2) 
PARAMETRIC_REPRESENTATION_CONTEXT() REPRESENTATION_CONTEXT('2D SPACE',''
  ) );
#8715 = PCURVE('',#585,#8716);
#8716 = DEFINITIONAL_REPRESENTATION('',(#8717),#8721);
#8717 = LINE('',#8718,#8719);
#8718 = CARTESIAN_POINT('',(-3.,-0.5));
#8719 = VECTOR('',#8720,1.);
#8720 = DIRECTION('',(-0.,1.));
#8721 = ( GEOMETRIC_REPRESENTATION_CONTEXT(2) 
PARAMETRIC_REPRESENTATION_CONTEXT() REPRESENTATION_CONTEXT('2D SPACE',''
  ) );
#8722 = ORIENTED_EDGE('',*,*,#1251,.F.);
#8723 = ORIENTED_EDGE('',*,*,#7427,.T.);
#8724 = ORIENTED_EDGE('',*,*,#3959,.T.);
#8725 = ADVANCED_FACE('',(#8726),#188,.T.);
#8726 = FACE_BOUND('',#8727,.T.);
#8727 = EDGE_LOOP('',(#8728,#8751,#8752,#8753,#8754,#8777));
#8728 = ORIENTED_EDGE('',*,*,#8729,.T.);
#8729 = EDGE_CURVE('',#8730,#1046,#8732,.T.);
#8730 = VERTEX_POINT('',#8731);
#8731 = CARTESIAN_POINT('',(27.493764,-14.1,-12.0));
#8732 = SURFACE_CURVE('',#8733,(#8737,#8744),.PCURVE_S1.);
#8733 = LINE('',#8734,#8735);
#8734 = CARTESIAN_POINT('',(27.493764,-14.1,-12.0));
#8735 = VECTOR('',#8736,1.);
#8736 = DIRECTION('',(-1.,0.,0.));
#8737 = PCURVE('',#188,#8738);
#8738 = DEFINITIONAL_REPRESENTATION('',(#8739),#8743);
#8739 = LINE('',#8740,#8741);
#8740 = CARTESIAN_POINT('',(-20.45,1.E-01));
#8741 = VECTOR('',#8742,1.);
#8742 = DIRECTION('',(1.,0.));
#8743 = ( GEOMETRIC_REPRESENTATION_CONTEXT(2) 
PARAMETRIC_REPRESENTATION_CONTEXT() REPRESENTATION_CONTEXT('2D SPACE',''
  ) );
#8744 = PCURVE('',#1082,#8745);
#8745 = DEFINITIONAL_REPRESENTATION('',(#8746),#8750);
#8746 = LINE('',#8747,#8748);
#8747 = CARTESIAN_POINT('',(0.,0.5));
#8748 = VECTOR('',#8749,1.);
#8749 = DIRECTION('',(-1.,-0.));
#8750 = ( GEOMETRIC_REPRESENTATION_CONTEXT(2) 
PARAMETRIC_REPRESENTATION_CONTEXT() REPRESENTATION_CONTEXT('2D SPACE',''
  ) );
#8751 = ORIENTED_EDGE('',*,*,#1045,.T.);
#8752 = ORIENTED_EDGE('',*,*,#4717,.F.);
#8753 = ORIENTED_EDGE('',*,*,#172,.F.);
#8754 = ORIENTED_EDGE('',*,*,#8755,.F.);
#8755 = EDGE_CURVE('',#8756,#144,#8758,.T.);
#8756 = VERTEX_POINT('',#8757);
#8757 = CARTESIAN_POINT('',(27.493764,-15.250510257,-12.0));
#8758 = SURFACE_CURVE('',#8759,(#8763,#8770),.PCURVE_S1.);
#8759 = LINE('',#8760,#8761);
#8760 = CARTESIAN_POINT('',(27.493764,-15.250510257,-12.0));
#8761 = VECTOR('',#8762,1.);
#8762 = DIRECTION('',(1.,-0.,-0.));
#8763 = PCURVE('',#188,#8764);
#8764 = DEFINITIONAL_REPRESENTATION('',(#8765),#8769);
#8765 = LINE('',#8766,#8767);
#8766 = CARTESIAN_POINT('',(-20.45,-1.050510257));
#8767 = VECTOR('',#8768,1.);
#8768 = DIRECTION('',(-1.,0.));
#8769 = ( GEOMETRIC_REPRESENTATION_CONTEXT(2) 
PARAMETRIC_REPRESENTATION_CONTEXT() REPRESENTATION_CONTEXT('2D SPACE',''
  ) );
#8770 = PCURVE('',#160,#8771);
#8771 = DEFINITIONAL_REPRESENTATION('',(#8772),#8776);
#8772 = LINE('',#8773,#8774);
#8773 = CARTESIAN_POINT('',(2.940234732817,2.6));
#8774 = VECTOR('',#8775,1.);
#8775 = DIRECTION('',(0.,1.));
#8776 = ( GEOMETRIC_REPRESENTATION_CONTEXT(2) 
PARAMETRIC_REPRESENTATION_CONTEXT() REPRESENTATION_CONTEXT('2D SPACE',''
  ) );
#8777 = ORIENTED_EDGE('',*,*,#8778,.T.);
#8778 = EDGE_CURVE('',#8756,#8730,#8779,.T.);
#8779 = SURFACE_CURVE('',#8780,(#8784,#8791),.PCURVE_S1.);
#8780 = LINE('',#8781,#8782);
#8781 = CARTESIAN_POINT('',(27.493764,-15.250510257,-12.0));
#8782 = VECTOR('',#8783,1.);
#8783 = DIRECTION('',(0.,1.,-0.));
#8784 = PCURVE('',#188,#8785);
#8785 = DEFINITIONAL_REPRESENTATION('',(#8786),#8790);
#8786 = LINE('',#8787,#8788);
#8787 = CARTESIAN_POINT('',(-20.45,-1.050510257));
#8788 = VECTOR('',#8789,1.);
#8789 = DIRECTION('',(0.,1.));
#8790 = ( GEOMETRIC_REPRESENTATION_CONTEXT(2) 
PARAMETRIC_REPRESENTATION_CONTEXT() REPRESENTATION_CONTEXT('2D SPACE',''
  ) );
#8791 = PCURVE('',#4347,#8792);
#8792 = DEFINITIONAL_REPRESENTATION('',(#8793),#8797);
#8793 = LINE('',#8794,#8795);
#8794 = CARTESIAN_POINT('',(15.250510257,0.));
#8795 = VECTOR('',#8796,1.);
#8796 = DIRECTION('',(-1.,0.));
#8797 = ( GEOMETRIC_REPRESENTATION_CONTEXT(2) 
PARAMETRIC_REPRESENTATION_CONTEXT() REPRESENTATION_CONTEXT('2D SPACE',''
  ) );
#8798 = ADVANCED_FACE('',(#8799),#450,.T.);
#8799 = FACE_BOUND('',#8800,.T.);
#8800 = EDGE_LOOP('',(#8801,#8802,#8824,#8825,#8826,#8849,#8878,#8899));
#8801 = ORIENTED_EDGE('',*,*,#434,.F.);
#8802 = ORIENTED_EDGE('',*,*,#8803,.T.);
#8803 = EDGE_CURVE('',#407,#1929,#8804,.T.);
#8804 = SURFACE_CURVE('',#8805,(#8810,#8817),.PCURVE_S1.);
#8805 = CIRCLE('',#8806,12.);
#8806 = AXIS2_PLACEMENT_3D('',#8807,#8808,#8809);
#8807 = CARTESIAN_POINT('',(13.462583,-31.4,-6.8));
#8808 = DIRECTION('',(0.,-0.,-1.));
#8809 = DIRECTION('',(1.,-0.,0.));
#8810 = PCURVE('',#450,#8811);
#8811 = DEFINITIONAL_REPRESENTATION('',(#8812),#8816);
#8812 = LINE('',#8813,#8814);
#8813 = CARTESIAN_POINT('',(3.14159265359,-2.2));
#8814 = VECTOR('',#8815,1.);
#8815 = DIRECTION('',(1.,0.));
#8816 = ( GEOMETRIC_REPRESENTATION_CONTEXT(2) 
PARAMETRIC_REPRESENTATION_CONTEXT() REPRESENTATION_CONTEXT('2D SPACE',''
  ) );
#8817 = PCURVE('',#2517,#8818);
#8818 = DEFINITIONAL_REPRESENTATION('',(#8819),#8823);
#8819 = LINE('',#8820,#8821);
#8820 = CARTESIAN_POINT('',(6.28318530718,0.));
#8821 = VECTOR('',#8822,1.);
#8822 = DIRECTION('',(-1.,0.));
#8823 = ( GEOMETRIC_REPRESENTATION_CONTEXT(2) 
PARAMETRIC_REPRESENTATION_CONTEXT() REPRESENTATION_CONTEXT('2D SPACE',''
  ) );
#8824 = ORIENTED_EDGE('',*,*,#2013,.F.);
#8825 = ORIENTED_EDGE('',*,*,#1434,.F.);
#8826 = ORIENTED_EDGE('',*,*,#8827,.F.);
#8827 = EDGE_CURVE('',#8828,#1407,#8830,.T.);
#8828 = VERTEX_POINT('',#8829);
#8829 = CARTESIAN_POINT('',(16.268820,-43.232159566,-15.1));
#8830 = SURFACE_CURVE('',#8831,(#8835,#8842),.PCURVE_S1.);
#8831 = LINE('',#8832,#8833);
#8832 = CARTESIAN_POINT('',(16.268820,-43.232159566,-15.1));
#8833 = VECTOR('',#8834,1.);
#8834 = DIRECTION('',(0.,0.,1.));
#8835 = PCURVE('',#450,#8836);
#8836 = DEFINITIONAL_REPRESENTATION('',(#8837),#8841);
#8837 = LINE('',#8838,#8839);
#8838 = CARTESIAN_POINT('',(4.544940901162,6.1));
#8839 = VECTOR('',#8840,1.);
#8840 = DIRECTION('',(0.,-1.));
#8841 = ( GEOMETRIC_REPRESENTATION_CONTEXT(2) 
PARAMETRIC_REPRESENTATION_CONTEXT() REPRESENTATION_CONTEXT('2D SPACE',''
  ) );
#8842 = PCURVE('',#1422,#8843);
#8843 = DEFINITIONAL_REPRESENTATION('',(#8844),#8848);
#8844 = LINE('',#8845,#8846);
#8845 = CARTESIAN_POINT('',(-1.E-01,-0.832159566));
#8846 = VECTOR('',#8847,1.);
#8847 = DIRECTION('',(1.,0.));
#8848 = ( GEOMETRIC_REPRESENTATION_CONTEXT(2) 
PARAMETRIC_REPRESENTATION_CONTEXT() REPRESENTATION_CONTEXT('2D SPACE',''
  ) );
#8849 = ORIENTED_EDGE('',*,*,#8850,.F.);
#8850 = EDGE_CURVE('',#8851,#8828,#8853,.T.);
#8851 = VERTEX_POINT('',#8852);
#8852 = CARTESIAN_POINT('',(30.064500,-33.4,-15.1));
#8853 = SURFACE_CURVE('',#8854,(#8859,#8866),.PCURVE_S1.);
#8854 = CIRCLE('',#8855,12.);
#8855 = AXIS2_PLACEMENT_3D('',#8856,#8857,#8858);
#8856 = CARTESIAN_POINT('',(13.462583,-31.4,-15.1));
#8857 = DIRECTION('',(-0.,-0.,-1.));
#8858 = DIRECTION('',(0.,-1.,0.));
#8859 = PCURVE('',#450,#8860);
#8860 = DEFINITIONAL_REPRESENTATION('',(#8861),#8865);
#8861 = LINE('',#8862,#8863);
#8862 = CARTESIAN_POINT('',(-1.570796326795,6.1));
#8863 = VECTOR('',#8864,1.);
#8864 = DIRECTION('',(1.,0.));
#8865 = ( GEOMETRIC_REPRESENTATION_CONTEXT(2) 
PARAMETRIC_REPRESENTATION_CONTEXT() REPRESENTATION_CONTEXT('2D SPACE',''
  ) );
#8866 = PCURVE('',#8867,#8872);
#8867 = PLANE('',#8868);
#8868 = AXIS2_PLACEMENT_3D('',#8869,#8870,#8871);
#8869 = CARTESIAN_POINT('',(-1.200000,-14.2,-15.1));
#8870 = DIRECTION('',(-0.,-0.,-1.));
#8871 = DIRECTION('',(-1.,0.,0.));
#8872 = DEFINITIONAL_REPRESENTATION('',(#8873),#8877);
#8873 = CIRCLE('',#8874,12.);
#8874 = AXIS2_PLACEMENT_2D('',#8875,#8876);
#8875 = CARTESIAN_POINT('',(-10.45,-17.2));
#8876 = DIRECTION('',(0.,-1.));
#8877 = ( GEOMETRIC_REPRESENTATION_CONTEXT(2) 
PARAMETRIC_REPRESENTATION_CONTEXT() REPRESENTATION_CONTEXT('2D SPACE',''
  ) );
#8878 = ORIENTED_EDGE('',*,*,#8879,.T.);
#8879 = EDGE_CURVE('',#8851,#1326,#8880,.T.);
#8880 = SURFACE_CURVE('',#8881,(#8885,#8892),.PCURVE_S1.);
#8881 = LINE('',#8882,#8883);
#8882 = CARTESIAN_POINT('',(30.064500,-33.4,-15.1));
#8883 = VECTOR('',#8884,1.);
#8884 = DIRECTION('',(0.,0.,1.));
#8885 = PCURVE('',#450,#8886);
#8886 = DEFINITIONAL_REPRESENTATION('',(#8887),#8891);
#8887 = LINE('',#8888,#8889);
#8888 = CARTESIAN_POINT('',(3.309040732812,6.1));
#8889 = VECTOR('',#8890,1.);
#8890 = DIRECTION('',(0.,-1.));
#8891 = ( GEOMETRIC_REPRESENTATION_CONTEXT(2) 
PARAMETRIC_REPRESENTATION_CONTEXT() REPRESENTATION_CONTEXT('2D SPACE',''
  ) );
#8892 = PCURVE('',#1365,#8893);
#8893 = DEFINITIONAL_REPRESENTATION('',(#8894),#8898);
#8894 = LINE('',#8895,#8896);
#8895 = CARTESIAN_POINT('',(-1.E-01,-0.832159566));
#8896 = VECTOR('',#8897,1.);
#8897 = DIRECTION('',(1.,0.));
#8898 = ( GEOMETRIC_REPRESENTATION_CONTEXT(2) 
PARAMETRIC_REPRESENTATION_CONTEXT() REPRESENTATION_CONTEXT('2D SPACE',''
  ) );
#8899 = ORIENTED_EDGE('',*,*,#1325,.F.);
#8900 = ADVANCED_FACE('',(#8901),#3537,.T.);
#8901 = FACE_BOUND('',#8902,.T.);
#8902 = EDGE_LOOP('',(#8903,#8904,#8926,#8927,#8928,#8951,#8980,#9001));
#8903 = ORIENTED_EDGE('',*,*,#6449,.F.);
#8904 = ORIENTED_EDGE('',*,*,#8905,.T.);
#8905 = EDGE_CURVE('',#2292,#7599,#8906,.T.);
#8906 = SURFACE_CURVE('',#8907,(#8912,#8919),.PCURVE_S1.);
#8907 = CIRCLE('',#8908,12.);
#8908 = AXIS2_PLACEMENT_3D('',#8909,#8910,#8911);
#8909 = CARTESIAN_POINT('',(-15.862584,-31.4,-6.8));
#8910 = DIRECTION('',(0.,-0.,-1.));
#8911 = DIRECTION('',(1.,-0.,0.));
#8912 = PCURVE('',#3537,#8913);
#8913 = DEFINITIONAL_REPRESENTATION('',(#8914),#8918);
#8914 = LINE('',#8915,#8916);
#8915 = CARTESIAN_POINT('',(3.14159265359,-2.2));
#8916 = VECTOR('',#8917,1.);
#8917 = DIRECTION('',(1.,0.));
#8918 = ( GEOMETRIC_REPRESENTATION_CONTEXT(2) 
PARAMETRIC_REPRESENTATION_CONTEXT() REPRESENTATION_CONTEXT('2D SPACE',''
  ) );
#8919 = PCURVE('',#2572,#8920);
#8920 = DEFINITIONAL_REPRESENTATION('',(#8921),#8925);
#8921 = LINE('',#8922,#8923);
#8922 = CARTESIAN_POINT('',(6.28318530718,0.));
#8923 = VECTOR('',#8924,1.);
#8924 = DIRECTION('',(-1.,0.));
#8925 = ( GEOMETRIC_REPRESENTATION_CONTEXT(2) 
PARAMETRIC_REPRESENTATION_CONTEXT() REPRESENTATION_CONTEXT('2D SPACE',''
  ) );
#8926 = ORIENTED_EDGE('',*,*,#7598,.F.);
#8927 = ORIENTED_EDGE('',*,*,#3594,.F.);
#8928 = ORIENTED_EDGE('',*,*,#8929,.F.);
#8929 = EDGE_CURVE('',#8930,#3572,#8932,.T.);
#8930 = VERTEX_POINT('',#8931);
#8931 = CARTESIAN_POINT('',(-32.464500,-33.4,-15.1));
#8932 = SURFACE_CURVE('',#8933,(#8937,#8944),.PCURVE_S1.);
#8933 = LINE('',#8934,#8935);
#8934 = CARTESIAN_POINT('',(-32.464500,-33.4,-15.1));
#8935 = VECTOR('',#8936,1.);
#8936 = DIRECTION('',(0.,0.,1.));
#8937 = PCURVE('',#3537,#8938);
#8938 = DEFINITIONAL_REPRESENTATION('',(#8939),#8943);
#8939 = LINE('',#8940,#8941);
#8940 = CARTESIAN_POINT('',(6.115737227957,6.1));
#8941 = VECTOR('',#8942,1.);
#8942 = DIRECTION('',(0.,-1.));
#8943 = ( GEOMETRIC_REPRESENTATION_CONTEXT(2) 
PARAMETRIC_REPRESENTATION_CONTEXT() REPRESENTATION_CONTEXT('2D SPACE',''
  ) );
#8944 = PCURVE('',#2903,#8945);
#8945 = DEFINITIONAL_REPRESENTATION('',(#8946),#8950);
#8946 = LINE('',#8947,#8948);
#8947 = CARTESIAN_POINT('',(1.E-01,0.832159566));
#8948 = VECTOR('',#8949,1.);
#8949 = DIRECTION('',(-1.,0.));
#8950 = ( GEOMETRIC_REPRESENTATION_CONTEXT(2) 
PARAMETRIC_REPRESENTATION_CONTEXT() REPRESENTATION_CONTEXT('2D SPACE',''
  ) );
#8951 = ORIENTED_EDGE('',*,*,#8952,.F.);
#8952 = EDGE_CURVE('',#8953,#8930,#8955,.T.);
#8953 = VERTEX_POINT('',#8954);
#8954 = CARTESIAN_POINT('',(-18.809131,-43.214821201,-15.1));
#8955 = SURFACE_CURVE('',#8956,(#8961,#8968),.PCURVE_S1.);
#8956 = CIRCLE('',#8957,12.);
#8957 = AXIS2_PLACEMENT_3D('',#8958,#8959,#8960);
#8958 = CARTESIAN_POINT('',(-15.862584,-31.4,-15.1));
#8959 = DIRECTION('',(-0.,-0.,-1.));
#8960 = DIRECTION('',(0.,-1.,0.));
#8961 = PCURVE('',#3537,#8962);
#8962 = DEFINITIONAL_REPRESENTATION('',(#8963),#8967);
#8963 = LINE('',#8964,#8965);
#8964 = CARTESIAN_POINT('',(4.712388980385,6.1));
#8965 = VECTOR('',#8966,1.);
#8966 = DIRECTION('',(1.,0.));
#8967 = ( GEOMETRIC_REPRESENTATION_CONTEXT(2) 
PARAMETRIC_REPRESENTATION_CONTEXT() REPRESENTATION_CONTEXT('2D SPACE',''
  ) );
#8968 = PCURVE('',#8969,#8974);
#8969 = PLANE('',#8970);
#8970 = AXIS2_PLACEMENT_3D('',#8971,#8972,#8973);
#8971 = CARTESIAN_POINT('',(-1.200000,-14.2,-15.1));
#8972 = DIRECTION('',(-0.,-0.,-1.));
#8973 = DIRECTION('',(-1.,0.,0.));
#8974 = DEFINITIONAL_REPRESENTATION('',(#8975),#8979);
#8975 = CIRCLE('',#8976,12.);
#8976 = AXIS2_PLACEMENT_2D('',#8977,#8978);
#8977 = CARTESIAN_POINT('',(10.45,-17.2));
#8978 = DIRECTION('',(0.,-1.));
#8979 = ( GEOMETRIC_REPRESENTATION_CONTEXT(2) 
PARAMETRIC_REPRESENTATION_CONTEXT() REPRESENTATION_CONTEXT('2D SPACE',''
  ) );
#8980 = ORIENTED_EDGE('',*,*,#8981,.T.);
#8981 = EDGE_CURVE('',#8953,#3521,#8982,.T.);
#8982 = SURFACE_CURVE('',#8983,(#8987,#8994),.PCURVE_S1.);
#8983 = LINE('',#8984,#8985);
#8984 = CARTESIAN_POINT('',(-18.809131,-43.214821201,-15.1));
#8985 = VECTOR('',#8986,1.);
#8986 = DIRECTION('',(0.,0.,1.));
#8987 = PCURVE('',#3537,#8988);
#8988 = DEFINITIONAL_REPRESENTATION('',(#8989),#8993);
#8989 = LINE('',#8990,#8991);
#8990 = CARTESIAN_POINT('',(4.888294748541,6.1));
#8991 = VECTOR('',#8992,1.);
#8992 = DIRECTION('',(0.,-1.));
#8993 = ( GEOMETRIC_REPRESENTATION_CONTEXT(2) 
PARAMETRIC_REPRESENTATION_CONTEXT() REPRESENTATION_CONTEXT('2D SPACE',''
  ) );
#8994 = PCURVE('',#2958,#8995);
#8995 = DEFINITIONAL_REPRESENTATION('',(#8996),#9000);
#8996 = LINE('',#8997,#8998);
#8997 = CARTESIAN_POINT('',(-0.814821201,1.E-01));
#8998 = VECTOR('',#8999,1.);
#8999 = DIRECTION('',(0.,-1.));
#9000 = ( GEOMETRIC_REPRESENTATION_CONTEXT(2) 
PARAMETRIC_REPRESENTATION_CONTEXT() REPRESENTATION_CONTEXT('2D SPACE',''
  ) );
#9001 = ORIENTED_EDGE('',*,*,#3520,.F.);
#9002 = ADVANCED_FACE('',(#9003),#394,.T.);
#9003 = FACE_BOUND('',#9004,.T.);
#9004 = EDGE_LOOP('',(#9005,#9006,#9007,#9008,#9032,#9053,#9054,#9055));
#9005 = ORIENTED_EDGE('',*,*,#378,.F.);
#9006 = ORIENTED_EDGE('',*,*,#3254,.T.);
#9007 = ORIENTED_EDGE('',*,*,#4511,.T.);
#9008 = ORIENTED_EDGE('',*,*,#9009,.F.);
#9009 = EDGE_CURVE('',#9010,#4512,#9012,.T.);
#9010 = VERTEX_POINT('',#9011);
#9011 = CARTESIAN_POINT('',(16.268820,14.832159566,-15.1));
#9012 = SURFACE_CURVE('',#9013,(#9018,#9025),.PCURVE_S1.);
#9013 = CIRCLE('',#9014,12.);
#9014 = AXIS2_PLACEMENT_3D('',#9015,#9016,#9017);
#9015 = CARTESIAN_POINT('',(13.462583,3.0,-15.1));
#9016 = DIRECTION('',(-0.,-0.,-1.));
#9017 = DIRECTION('',(0.,-1.,0.));
#9018 = PCURVE('',#394,#9019);
#9019 = DEFINITIONAL_REPRESENTATION('',(#9020),#9024);
#9020 = LINE('',#9021,#9022);
#9021 = CARTESIAN_POINT('',(-1.570796326795,6.1));
#9022 = VECTOR('',#9023,1.);
#9023 = DIRECTION('',(1.,0.));
#9024 = ( GEOMETRIC_REPRESENTATION_CONTEXT(2) 
PARAMETRIC_REPRESENTATION_CONTEXT() REPRESENTATION_CONTEXT('2D SPACE',''
  ) );
#9025 = PCURVE('',#4679,#9026);
#9026 = DEFINITIONAL_REPRESENTATION('',(#9027),#9031);
#9027 = CIRCLE('',#9028,12.);
#9028 = AXIS2_PLACEMENT_2D('',#9029,#9030);
#9029 = CARTESIAN_POINT('',(-10.45,17.2));
#9030 = DIRECTION('',(0.,-1.));
#9031 = ( GEOMETRIC_REPRESENTATION_CONTEXT(2) 
PARAMETRIC_REPRESENTATION_CONTEXT() REPRESENTATION_CONTEXT('2D SPACE',''
  ) );
#9032 = ORIENTED_EDGE('',*,*,#9033,.T.);
#9033 = EDGE_CURVE('',#9010,#3208,#9034,.T.);
#9034 = SURFACE_CURVE('',#9035,(#9039,#9046),.PCURVE_S1.);
#9035 = LINE('',#9036,#9037);
#9036 = CARTESIAN_POINT('',(16.268820,14.832159566,-15.1));
#9037 = VECTOR('',#9038,1.);
#9038 = DIRECTION('',(0.,0.,1.));
#9039 = PCURVE('',#394,#9040);
#9040 = DEFINITIONAL_REPRESENTATION('',(#9041),#9045);
#9041 = LINE('',#9042,#9043);
#9042 = CARTESIAN_POINT('',(1.738244406017,6.1));
#9043 = VECTOR('',#9044,1.);
#9044 = DIRECTION('',(0.,-1.));
#9045 = ( GEOMETRIC_REPRESENTATION_CONTEXT(2) 
PARAMETRIC_REPRESENTATION_CONTEXT() REPRESENTATION_CONTEXT('2D SPACE',''
  ) );
#9046 = PCURVE('',#3192,#9047);
#9047 = DEFINITIONAL_REPRESENTATION('',(#9048),#9052);
#9048 = LINE('',#9049,#9050);
#9049 = CARTESIAN_POINT('',(1.E-01,0.832159566));
#9050 = VECTOR('',#9051,1.);
#9051 = DIRECTION('',(-1.,0.));
#9052 = ( GEOMETRIC_REPRESENTATION_CONTEXT(2) 
PARAMETRIC_REPRESENTATION_CONTEXT() REPRESENTATION_CONTEXT('2D SPACE',''
  ) );
#9053 = ORIENTED_EDGE('',*,*,#3772,.F.);
#9054 = ORIENTED_EDGE('',*,*,#4792,.F.);
#9055 = ORIENTED_EDGE('',*,*,#9056,.T.);
#9056 = EDGE_CURVE('',#4765,#379,#9057,.T.);
#9057 = SURFACE_CURVE('',#9058,(#9063,#9070),.PCURVE_S1.);
#9058 = CIRCLE('',#9059,12.);
#9059 = AXIS2_PLACEMENT_3D('',#9060,#9061,#9062);
#9060 = CARTESIAN_POINT('',(13.462583,3.0,-6.8));
#9061 = DIRECTION('',(0.,-0.,-1.));
#9062 = DIRECTION('',(1.,-0.,0.));
#9063 = PCURVE('',#394,#9064);
#9064 = DEFINITIONAL_REPRESENTATION('',(#9065),#9069);
#9065 = LINE('',#9066,#9067);
#9066 = CARTESIAN_POINT('',(-3.14159265359,-2.2));
#9067 = VECTOR('',#9068,1.);
#9068 = DIRECTION('',(1.,0.));
#9069 = ( GEOMETRIC_REPRESENTATION_CONTEXT(2) 
PARAMETRIC_REPRESENTATION_CONTEXT() REPRESENTATION_CONTEXT('2D SPACE',''
  ) );
#9070 = PCURVE('',#6609,#9071);
#9071 = DEFINITIONAL_REPRESENTATION('',(#9072),#9076);
#9072 = LINE('',#9073,#9074);
#9073 = CARTESIAN_POINT('',(6.28318530718,0.));
#9074 = VECTOR('',#9075,1.);
#9075 = DIRECTION('',(-1.,0.));
#9076 = ( GEOMETRIC_REPRESENTATION_CONTEXT(2) 
PARAMETRIC_REPRESENTATION_CONTEXT() REPRESENTATION_CONTEXT('2D SPACE',''
  ) );
#9077 = ADVANCED_FACE('',(#9078),#3663,.T.);
#9078 = FACE_BOUND('',#9079,.T.);
#9079 = EDGE_LOOP('',(#9080,#9081,#9103,#9104,#9105,#9128,#9157,#9178));
#9080 = ORIENTED_EDGE('',*,*,#7644,.F.);
#9081 = ORIENTED_EDGE('',*,*,#9082,.T.);
#9082 = EDGE_CURVE('',#7622,#4742,#9083,.T.);
#9083 = SURFACE_CURVE('',#9084,(#9089,#9096),.PCURVE_S1.);
#9084 = CIRCLE('',#9085,12.);
#9085 = AXIS2_PLACEMENT_3D('',#9086,#9087,#9088);
#9086 = CARTESIAN_POINT('',(-15.862584,3.0,-6.8));
#9087 = DIRECTION('',(0.,-0.,-1.));
#9088 = DIRECTION('',(1.,-0.,0.));
#9089 = PCURVE('',#3663,#9090);
#9090 = DEFINITIONAL_REPRESENTATION('',(#9091),#9095);
#9091 = LINE('',#9092,#9093);
#9092 = CARTESIAN_POINT('',(-3.14159265359,-2.2));
#9093 = VECTOR('',#9094,1.);
#9094 = DIRECTION('',(1.,0.));
#9095 = ( GEOMETRIC_REPRESENTATION_CONTEXT(2) 
PARAMETRIC_REPRESENTATION_CONTEXT() REPRESENTATION_CONTEXT('2D SPACE',''
  ) );
#9096 = PCURVE('',#6661,#9097);
#9097 = DEFINITIONAL_REPRESENTATION('',(#9098),#9102);
#9098 = LINE('',#9099,#9100);
#9099 = CARTESIAN_POINT('',(6.28318530718,0.));
#9100 = VECTOR('',#9101,1.);
#9101 = DIRECTION('',(-1.,0.));
#9102 = ( GEOMETRIC_REPRESENTATION_CONTEXT(2) 
PARAMETRIC_REPRESENTATION_CONTEXT() REPRESENTATION_CONTEXT('2D SPACE',''
  ) );
#9103 = ORIENTED_EDGE('',*,*,#4741,.F.);
#9104 = ORIENTED_EDGE('',*,*,#3720,.F.);
#9105 = ORIENTED_EDGE('',*,*,#9106,.F.);
#9106 = EDGE_CURVE('',#9107,#3698,#9109,.T.);
#9107 = VERTEX_POINT('',#9108);
#9108 = CARTESIAN_POINT('',(-18.668820,14.832159566,-15.1));
#9109 = SURFACE_CURVE('',#9110,(#9114,#9121),.PCURVE_S1.);
#9110 = LINE('',#9111,#9112);
#9111 = CARTESIAN_POINT('',(-18.668820,14.832159566,-15.1));
#9112 = VECTOR('',#9113,1.);
#9113 = DIRECTION('',(0.,0.,1.));
#9114 = PCURVE('',#3663,#9115);
#9115 = DEFINITIONAL_REPRESENTATION('',(#9116),#9120);
#9116 = LINE('',#9117,#9118);
#9117 = CARTESIAN_POINT('',(1.403348247572,6.1));
#9118 = VECTOR('',#9119,1.);
#9119 = DIRECTION('',(0.,-1.));
#9120 = ( GEOMETRIC_REPRESENTATION_CONTEXT(2) 
PARAMETRIC_REPRESENTATION_CONTEXT() REPRESENTATION_CONTEXT('2D SPACE',''
  ) );
#9121 = PCURVE('',#3020,#9122);
#9122 = DEFINITIONAL_REPRESENTATION('',(#9123),#9127);
#9123 = LINE('',#9124,#9125);
#9124 = CARTESIAN_POINT('',(1.E-01,0.832159566));
#9125 = VECTOR('',#9126,1.);
#9126 = DIRECTION('',(-1.,0.));
#9127 = ( GEOMETRIC_REPRESENTATION_CONTEXT(2) 
PARAMETRIC_REPRESENTATION_CONTEXT() REPRESENTATION_CONTEXT('2D SPACE',''
  ) );
#9128 = ORIENTED_EDGE('',*,*,#9129,.F.);
#9129 = EDGE_CURVE('',#9130,#9107,#9132,.T.);
#9130 = VERTEX_POINT('',#9131);
#9131 = CARTESIAN_POINT('',(-32.464500,5.0,-15.1));
#9132 = SURFACE_CURVE('',#9133,(#9138,#9145),.PCURVE_S1.);
#9133 = CIRCLE('',#9134,12.);
#9134 = AXIS2_PLACEMENT_3D('',#9135,#9136,#9137);
#9135 = CARTESIAN_POINT('',(-15.862584,3.0,-15.1));
#9136 = DIRECTION('',(-0.,-0.,-1.));
#9137 = DIRECTION('',(0.,-1.,0.));
#9138 = PCURVE('',#3663,#9139);
#9139 = DEFINITIONAL_REPRESENTATION('',(#9140),#9144);
#9140 = LINE('',#9141,#9142);
#9141 = CARTESIAN_POINT('',(-1.570796326795,6.1));
#9142 = VECTOR('',#9143,1.);
#9143 = DIRECTION('',(1.,0.));
#9144 = ( GEOMETRIC_REPRESENTATION_CONTEXT(2) 
PARAMETRIC_REPRESENTATION_CONTEXT() REPRESENTATION_CONTEXT('2D SPACE',''
  ) );
#9145 = PCURVE('',#9146,#9151);
#9146 = PLANE('',#9147);
#9147 = AXIS2_PLACEMENT_3D('',#9148,#9149,#9150);
#9148 = CARTESIAN_POINT('',(-1.200000,-14.2,-15.1));
#9149 = DIRECTION('',(-0.,-0.,-1.));
#9150 = DIRECTION('',(-1.,0.,0.));
#9151 = DEFINITIONAL_REPRESENTATION('',(#9152),#9156);
#9152 = CIRCLE('',#9153,12.);
#9153 = AXIS2_PLACEMENT_2D('',#9154,#9155);
#9154 = CARTESIAN_POINT('',(10.45,17.2));
#9155 = DIRECTION('',(0.,-1.));
#9156 = ( GEOMETRIC_REPRESENTATION_CONTEXT(2) 
PARAMETRIC_REPRESENTATION_CONTEXT() REPRESENTATION_CONTEXT('2D SPACE',''
  ) );
#9157 = ORIENTED_EDGE('',*,*,#9158,.T.);
#9158 = EDGE_CURVE('',#9130,#3647,#9159,.T.);
#9159 = SURFACE_CURVE('',#9160,(#9164,#9171),.PCURVE_S1.);
#9160 = LINE('',#9161,#9162);
#9161 = CARTESIAN_POINT('',(-32.464500,5.0,-15.1));
#9162 = VECTOR('',#9163,1.);
#9163 = DIRECTION('',(0.,0.,1.));
#9164 = PCURVE('',#3663,#9165);
#9165 = DEFINITIONAL_REPRESENTATION('',(#9166),#9170);
#9166 = LINE('',#9167,#9168);
#9167 = CARTESIAN_POINT('',(0.167448079222,6.1));
#9168 = VECTOR('',#9169,1.);
#9169 = DIRECTION('',(0.,-1.));
#9170 = ( GEOMETRIC_REPRESENTATION_CONTEXT(2) 
PARAMETRIC_REPRESENTATION_CONTEXT() REPRESENTATION_CONTEXT('2D SPACE',''
  ) );
#9171 = PCURVE('',#3075,#9172);
#9172 = DEFINITIONAL_REPRESENTATION('',(#9173),#9177);
#9173 = LINE('',#9174,#9175);
#9174 = CARTESIAN_POINT('',(1.E-01,0.832159566));
#9175 = VECTOR('',#9176,1.);
#9176 = DIRECTION('',(-1.,0.));
#9177 = ( GEOMETRIC_REPRESENTATION_CONTEXT(2) 
PARAMETRIC_REPRESENTATION_CONTEXT() REPRESENTATION_CONTEXT('2D SPACE',''
  ) );
#9178 = ORIENTED_EDGE('',*,*,#3646,.F.);
#9179 = ADVANCED_FACE('',(#9180),#7711,.F.);
#9180 = FACE_BOUND('',#9181,.T.);
#9181 = EDGE_LOOP('',(#9182,#9183,#9184,#9185));
#9182 = ORIENTED_EDGE('',*,*,#7695,.T.);
#9183 = ORIENTED_EDGE('',*,*,#7945,.T.);
#9184 = ORIENTED_EDGE('',*,*,#7896,.F.);
#9185 = ORIENTED_EDGE('',*,*,#8242,.F.);
#9186 = ADVANCED_FACE('',(#9187),#6874,.T.);
#9187 = FACE_BOUND('',#9188,.T.);
#9188 = EDGE_LOOP('',(#9189,#9210,#9211,#9232));
#9189 = ORIENTED_EDGE('',*,*,#9190,.F.);
#9190 = EDGE_CURVE('',#6859,#8045,#9191,.T.);
#9191 = SURFACE_CURVE('',#9192,(#9196,#9203),.PCURVE_S1.);
#9192 = LINE('',#9193,#9194);
#9193 = CARTESIAN_POINT('',(15.286637,3.8,-3.8));
#9194 = VECTOR('',#9195,1.);
#9195 = DIRECTION('',(-0.,-0.707106781187,-0.707106781187));
#9196 = PCURVE('',#6874,#9197);
#9197 = DEFINITIONAL_REPRESENTATION('',(#9198),#9202);
#9198 = LINE('',#9199,#9200);
#9199 = CARTESIAN_POINT('',(12.,1.414213562373));
#9200 = VECTOR('',#9201,1.);
#9201 = DIRECTION('',(-0.,-1.));
#9202 = ( GEOMETRIC_REPRESENTATION_CONTEXT(2) 
PARAMETRIC_REPRESENTATION_CONTEXT() REPRESENTATION_CONTEXT('2D SPACE',''
  ) );
#9203 = PCURVE('',#6907,#9204);
#9204 = DEFINITIONAL_REPRESENTATION('',(#9205),#9209);
#9205 = LINE('',#9206,#9207);
#9206 = CARTESIAN_POINT('',(1.570796326795,1.000000000897));
#9207 = VECTOR('',#9208,1.);
#9208 = DIRECTION('',(0.,-1.));
#9209 = ( GEOMETRIC_REPRESENTATION_CONTEXT(2) 
PARAMETRIC_REPRESENTATION_CONTEXT() REPRESENTATION_CONTEXT('2D SPACE',''
  ) );
#9210 = ORIENTED_EDGE('',*,*,#6858,.F.);
#9211 = ORIENTED_EDGE('',*,*,#9212,.F.);
#9212 = EDGE_CURVE('',#8069,#6826,#9213,.T.);
#9213 = SURFACE_CURVE('',#9214,(#9218,#9225),.PCURVE_S1.);
#9214 = LINE('',#9215,#9216);
#9215 = CARTESIAN_POINT('',(-18.388196,2.8,-4.8));
#9216 = VECTOR('',#9217,1.);
#9217 = DIRECTION('',(0.,0.707106781187,0.707106781187));
#9218 = PCURVE('',#6874,#9219);
#9219 = DEFINITIONAL_REPRESENTATION('',(#9220),#9224);
#9220 = LINE('',#9221,#9222);
#9221 = CARTESIAN_POINT('',(-12.,0.));
#9222 = VECTOR('',#9223,1.);
#9223 = DIRECTION('',(0.,1.));
#9224 = ( GEOMETRIC_REPRESENTATION_CONTEXT(2) 
PARAMETRIC_REPRESENTATION_CONTEXT() REPRESENTATION_CONTEXT('2D SPACE',''
  ) );
#9225 = PCURVE('',#6846,#9226);
#9226 = DEFINITIONAL_REPRESENTATION('',(#9227),#9231);
#9227 = LINE('',#9228,#9229);
#9228 = CARTESIAN_POINT('',(1.570796326795,-1.110223024625E-16));
#9229 = VECTOR('',#9230,1.);
#9230 = DIRECTION('',(0.,1.));
#9231 = ( GEOMETRIC_REPRESENTATION_CONTEXT(2) 
PARAMETRIC_REPRESENTATION_CONTEXT() REPRESENTATION_CONTEXT('2D SPACE',''
  ) );
#9232 = ORIENTED_EDGE('',*,*,#8068,.T.);
#9233 = ADVANCED_FACE('',(#9234),#6846,.F.);
#9234 = FACE_BOUND('',#9235,.F.);
#9235 = EDGE_LOOP('',(#9236,#9237,#9258,#9259));
#9236 = ORIENTED_EDGE('',*,*,#8091,.T.);
#9237 = ORIENTED_EDGE('',*,*,#9238,.T.);
#9238 = EDGE_CURVE('',#8092,#6798,#9239,.T.);
#9239 = SURFACE_CURVE('',#9240,(#9244,#9251),.PCURVE_S1.);
#9240 = LINE('',#9241,#9242);
#9241 = CARTESIAN_POINT('',(-21.194432,0.8,-4.8));
#9242 = VECTOR('',#9243,1.);
#9243 = DIRECTION('',(-0.707106781187,0.,0.707106781187));
#9244 = PCURVE('',#6846,#9245);
#9245 = DEFINITIONAL_REPRESENTATION('',(#9246),#9250);
#9246 = LINE('',#9247,#9248);
#9247 = CARTESIAN_POINT('',(3.14159265359,0.));
#9248 = VECTOR('',#9249,1.);
#9249 = DIRECTION('',(0.,1.));
#9250 = ( GEOMETRIC_REPRESENTATION_CONTEXT(2) 
PARAMETRIC_REPRESENTATION_CONTEXT() REPRESENTATION_CONTEXT('2D SPACE',''
  ) );
#9251 = PCURVE('',#6813,#9252);
#9252 = DEFINITIONAL_REPRESENTATION('',(#9253),#9257);
#9253 = LINE('',#9254,#9255);
#9254 = CARTESIAN_POINT('',(3.,0.));
#9255 = VECTOR('',#9256,1.);
#9256 = DIRECTION('',(-0.,1.));
#9257 = ( GEOMETRIC_REPRESENTATION_CONTEXT(2) 
PARAMETRIC_REPRESENTATION_CONTEXT() REPRESENTATION_CONTEXT('2D SPACE',''
  ) );
#9258 = ORIENTED_EDGE('',*,*,#6825,.T.);
#9259 = ORIENTED_EDGE('',*,*,#9212,.F.);
#9260 = ADVANCED_FACE('',(#9261),#6907,.F.);
#9261 = FACE_BOUND('',#9262,.F.);
#9262 = EDGE_LOOP('',(#9263,#9264,#9285,#9286));
#9263 = ORIENTED_EDGE('',*,*,#6886,.T.);
#9264 = ORIENTED_EDGE('',*,*,#9265,.T.);
#9265 = EDGE_CURVE('',#6887,#8022,#9266,.T.);
#9266 = SURFACE_CURVE('',#9267,(#9271,#9278),.PCURVE_S1.);
#9267 = LINE('',#9268,#9269);
#9268 = CARTESIAN_POINT('',(19.495991,0.8,-3.8));
#9269 = VECTOR('',#9270,1.);
#9270 = DIRECTION('',(-0.707106781187,0.,-0.707106781187));
#9271 = PCURVE('',#6907,#9272);
#9272 = DEFINITIONAL_REPRESENTATION('',(#9273),#9277);
#9273 = LINE('',#9274,#9275);
#9274 = CARTESIAN_POINT('',(0.,1.000000000897));
#9275 = VECTOR('',#9276,1.);
#9276 = DIRECTION('',(0.,-1.));
#9277 = ( GEOMETRIC_REPRESENTATION_CONTEXT(2) 
PARAMETRIC_REPRESENTATION_CONTEXT() REPRESENTATION_CONTEXT('2D SPACE',''
  ) );
#9278 = PCURVE('',#6933,#9279);
#9279 = DEFINITIONAL_REPRESENTATION('',(#9280),#9284);
#9280 = LINE('',#9281,#9282);
#9281 = CARTESIAN_POINT('',(-12.5,1.414213562373));
#9282 = VECTOR('',#9283,1.);
#9283 = DIRECTION('',(0.,-1.));
#9284 = ( GEOMETRIC_REPRESENTATION_CONTEXT(2) 
PARAMETRIC_REPRESENTATION_CONTEXT() REPRESENTATION_CONTEXT('2D SPACE',''
  ) );
#9285 = ORIENTED_EDGE('',*,*,#8044,.T.);
#9286 = ORIENTED_EDGE('',*,*,#9190,.F.);
#9287 = ADVANCED_FACE('',(#9288),#6813,.F.);
#9288 = FACE_BOUND('',#9289,.T.);
#9289 = EDGE_LOOP('',(#9290,#9291,#9292,#9313));
#9290 = ORIENTED_EDGE('',*,*,#9238,.T.);
#9291 = ORIENTED_EDGE('',*,*,#6797,.F.);
#9292 = ORIENTED_EDGE('',*,*,#9293,.F.);
#9293 = EDGE_CURVE('',#8116,#6765,#9294,.T.);
#9294 = SURFACE_CURVE('',#9295,(#9299,#9306),.PCURVE_S1.);
#9295 = LINE('',#9296,#9297);
#9296 = CARTESIAN_POINT('',(-21.194432,-24.2,-4.8));
#9297 = VECTOR('',#9298,1.);
#9298 = DIRECTION('',(-0.707106781187,0.,0.707106781187));
#9299 = PCURVE('',#6813,#9300);
#9300 = DEFINITIONAL_REPRESENTATION('',(#9301),#9305);
#9301 = LINE('',#9302,#9303);
#9302 = CARTESIAN_POINT('',(28.,0.));
#9303 = VECTOR('',#9304,1.);
#9304 = DIRECTION('',(-0.,1.));
#9305 = ( GEOMETRIC_REPRESENTATION_CONTEXT(2) 
PARAMETRIC_REPRESENTATION_CONTEXT() REPRESENTATION_CONTEXT('2D SPACE',''
  ) );
#9306 = PCURVE('',#6785,#9307);
#9307 = DEFINITIONAL_REPRESENTATION('',(#9308),#9312);
#9308 = LINE('',#9309,#9310);
#9309 = CARTESIAN_POINT('',(3.14159265359,0.));
#9310 = VECTOR('',#9311,1.);
#9311 = DIRECTION('',(0.,1.));
#9312 = ( GEOMETRIC_REPRESENTATION_CONTEXT(2) 
PARAMETRIC_REPRESENTATION_CONTEXT() REPRESENTATION_CONTEXT('2D SPACE',''
  ) );
#9313 = ORIENTED_EDGE('',*,*,#8115,.F.);
#9314 = ADVANCED_FACE('',(#9315),#6933,.T.);
#9315 = FACE_BOUND('',#9316,.T.);
#9316 = EDGE_LOOP('',(#9317,#9318,#9319,#9340));
#9317 = ORIENTED_EDGE('',*,*,#9265,.T.);
#9318 = ORIENTED_EDGE('',*,*,#8021,.T.);
#9319 = ORIENTED_EDGE('',*,*,#9320,.F.);
#9320 = EDGE_CURVE('',#6702,#7998,#9321,.T.);
#9321 = SURFACE_CURVE('',#9322,(#9326,#9333),.PCURVE_S1.);
#9322 = LINE('',#9323,#9324);
#9323 = CARTESIAN_POINT('',(19.495991,-24.2,-3.8));
#9324 = VECTOR('',#9325,1.);
#9325 = DIRECTION('',(-0.707106781187,0.,-0.707106781187));
#9326 = PCURVE('',#6933,#9327);
#9327 = DEFINITIONAL_REPRESENTATION('',(#9328),#9332);
#9328 = LINE('',#9329,#9330);
#9329 = CARTESIAN_POINT('',(12.5,1.414213562373));
#9330 = VECTOR('',#9331,1.);
#9331 = DIRECTION('',(0.,-1.));
#9332 = ( GEOMETRIC_REPRESENTATION_CONTEXT(2) 
PARAMETRIC_REPRESENTATION_CONTEXT() REPRESENTATION_CONTEXT('2D SPACE',''
  ) );
#9333 = PCURVE('',#6724,#9334);
#9334 = DEFINITIONAL_REPRESENTATION('',(#9335),#9339);
#9335 = LINE('',#9336,#9337);
#9336 = CARTESIAN_POINT('',(6.28318530718,1.000000000897));
#9337 = VECTOR('',#9338,1.);
#9338 = DIRECTION('',(0.,-1.));
#9339 = ( GEOMETRIC_REPRESENTATION_CONTEXT(2) 
PARAMETRIC_REPRESENTATION_CONTEXT() REPRESENTATION_CONTEXT('2D SPACE',''
  ) );
#9340 = ORIENTED_EDGE('',*,*,#6919,.F.);
#9341 = ADVANCED_FACE('',(#9342),#6785,.F.);
#9342 = FACE_BOUND('',#9343,.F.);
#9343 = EDGE_LOOP('',(#9344,#9345,#9366,#9367));
#9344 = ORIENTED_EDGE('',*,*,#8138,.T.);
#9345 = ORIENTED_EDGE('',*,*,#9346,.T.);
#9346 = EDGE_CURVE('',#7975,#6737,#9347,.T.);
#9347 = SURFACE_CURVE('',#9348,(#9352,#9359),.PCURVE_S1.);
#9348 = LINE('',#9349,#9350);
#9349 = CARTESIAN_POINT('',(-18.388196,-26.2,-4.8));
#9350 = VECTOR('',#9351,1.);
#9351 = DIRECTION('',(-0.,-0.707106781187,0.707106781187));
#9352 = PCURVE('',#6785,#9353);
#9353 = DEFINITIONAL_REPRESENTATION('',(#9354),#9358);
#9354 = LINE('',#9355,#9356);
#9355 = CARTESIAN_POINT('',(4.712388980385,0.));
#9356 = VECTOR('',#9357,1.);
#9357 = DIRECTION('',(0.,1.));
#9358 = ( GEOMETRIC_REPRESENTATION_CONTEXT(2) 
PARAMETRIC_REPRESENTATION_CONTEXT() REPRESENTATION_CONTEXT('2D SPACE',''
  ) );
#9359 = PCURVE('',#6752,#9360);
#9360 = DEFINITIONAL_REPRESENTATION('',(#9361),#9365);
#9361 = LINE('',#9362,#9363);
#9362 = CARTESIAN_POINT('',(27.,0.));
#9363 = VECTOR('',#9364,1.);
#9364 = DIRECTION('',(0.,1.));
#9365 = ( GEOMETRIC_REPRESENTATION_CONTEXT(2) 
PARAMETRIC_REPRESENTATION_CONTEXT() REPRESENTATION_CONTEXT('2D SPACE',''
  ) );
#9366 = ORIENTED_EDGE('',*,*,#6764,.T.);
#9367 = ORIENTED_EDGE('',*,*,#9293,.F.);
#9368 = ADVANCED_FACE('',(#9369),#6724,.F.);
#9369 = FACE_BOUND('',#9370,.F.);
#9370 = EDGE_LOOP('',(#9371,#9372,#9393,#9394));
#9371 = ORIENTED_EDGE('',*,*,#6701,.T.);
#9372 = ORIENTED_EDGE('',*,*,#9373,.T.);
#9373 = EDGE_CURVE('',#6704,#7973,#9374,.T.);
#9374 = SURFACE_CURVE('',#9375,(#9379,#9386),.PCURVE_S1.);
#9375 = LINE('',#9376,#9377);
#9376 = CARTESIAN_POINT('',(15.286637,-27.2,-3.8));
#9377 = VECTOR('',#9378,1.);
#9378 = DIRECTION('',(0.,0.707106781187,-0.707106781187));
#9379 = PCURVE('',#6724,#9380);
#9380 = DEFINITIONAL_REPRESENTATION('',(#9381),#9385);
#9381 = LINE('',#9382,#9383);
#9382 = CARTESIAN_POINT('',(4.712388980385,1.000000000897));
#9383 = VECTOR('',#9384,1.);
#9384 = DIRECTION('',(0.,-1.));
#9385 = ( GEOMETRIC_REPRESENTATION_CONTEXT(2) 
PARAMETRIC_REPRESENTATION_CONTEXT() REPRESENTATION_CONTEXT('2D SPACE',''
  ) );
#9386 = PCURVE('',#6752,#9387);
#9387 = DEFINITIONAL_REPRESENTATION('',(#9388),#9392);
#9388 = LINE('',#9389,#9390);
#9389 = CARTESIAN_POINT('',(3.,1.414213562373));
#9390 = VECTOR('',#9391,1.);
#9391 = DIRECTION('',(0.,-1.));
#9392 = ( GEOMETRIC_REPRESENTATION_CONTEXT(2) 
PARAMETRIC_REPRESENTATION_CONTEXT() REPRESENTATION_CONTEXT('2D SPACE',''
  ) );
#9393 = ORIENTED_EDGE('',*,*,#7997,.T.);
#9394 = ORIENTED_EDGE('',*,*,#9320,.F.);
#9395 = ADVANCED_FACE('',(#9396),#6752,.T.);
#9396 = FACE_BOUND('',#9397,.T.);
#9397 = EDGE_LOOP('',(#9398,#9399,#9400,#9401));
#9398 = ORIENTED_EDGE('',*,*,#9346,.T.);
#9399 = ORIENTED_EDGE('',*,*,#6736,.F.);
#9400 = ORIENTED_EDGE('',*,*,#9373,.T.);
#9401 = ORIENTED_EDGE('',*,*,#7972,.T.);
#9402 = ADVANCED_FACE('',(#9403),#4780,.T.);
#9403 = FACE_BOUND('',#9404,.T.);
#9404 = EDGE_LOOP('',(#9405,#9427,#9428,#9450));
#9405 = ORIENTED_EDGE('',*,*,#9406,.F.);
#9406 = EDGE_CURVE('',#4765,#6593,#9407,.T.);
#9407 = SURFACE_CURVE('',#9408,(#9413,#9420),.PCURVE_S1.);
#9408 = CIRCLE('',#9409,3.);
#9409 = AXIS2_PLACEMENT_3D('',#9410,#9411,#9412);
#9410 = CARTESIAN_POINT('',(13.462583,12.0,-6.8));
#9411 = DIRECTION('',(1.,-0.,0.));
#9412 = DIRECTION('',(-0.,-0.,-1.));
#9413 = PCURVE('',#4780,#9414);
#9414 = DEFINITIONAL_REPRESENTATION('',(#9415),#9419);
#9415 = LINE('',#9416,#9417);
#9416 = CARTESIAN_POINT('',(3.14159265359,-10.45));
#9417 = VECTOR('',#9418,1.);
#9418 = DIRECTION('',(-1.,0.));
#9419 = ( GEOMETRIC_REPRESENTATION_CONTEXT(2) 
PARAMETRIC_REPRESENTATION_CONTEXT() REPRESENTATION_CONTEXT('2D SPACE',''
  ) );
#9420 = PCURVE('',#6609,#9421);
#9421 = DEFINITIONAL_REPRESENTATION('',(#9422),#9426);
#9422 = LINE('',#9423,#9424);
#9423 = CARTESIAN_POINT('',(1.570796326795,-1.570796326795));
#9424 = VECTOR('',#9425,1.);
#9425 = DIRECTION('',(0.,1.));
#9426 = ( GEOMETRIC_REPRESENTATION_CONTEXT(2) 
PARAMETRIC_REPRESENTATION_CONTEXT() REPRESENTATION_CONTEXT('2D SPACE',''
  ) );
#9427 = ORIENTED_EDGE('',*,*,#4764,.F.);
#9428 = ORIENTED_EDGE('',*,*,#9429,.F.);
#9429 = EDGE_CURVE('',#6622,#4742,#9430,.T.);
#9430 = SURFACE_CURVE('',#9431,(#9436,#9443),.PCURVE_S1.);
#9431 = CIRCLE('',#9432,3.);
#9432 = AXIS2_PLACEMENT_3D('',#9433,#9434,#9435);
#9433 = CARTESIAN_POINT('',(-15.862584,12.0,-6.8));
#9434 = DIRECTION('',(-1.,0.,0.));
#9435 = DIRECTION('',(0.,0.,1.));
#9436 = PCURVE('',#4780,#9437);
#9437 = DEFINITIONAL_REPRESENTATION('',(#9438),#9442);
#9438 = LINE('',#9439,#9440);
#9439 = CARTESIAN_POINT('',(0.,10.45));
#9440 = VECTOR('',#9441,1.);
#9441 = DIRECTION('',(1.,0.));
#9442 = ( GEOMETRIC_REPRESENTATION_CONTEXT(2) 
PARAMETRIC_REPRESENTATION_CONTEXT() REPRESENTATION_CONTEXT('2D SPACE',''
  ) );
#9443 = PCURVE('',#6661,#9444);
#9444 = DEFINITIONAL_REPRESENTATION('',(#9445),#9449);
#9445 = LINE('',#9446,#9447);
#9446 = CARTESIAN_POINT('',(1.570796326795,1.570796326795));
#9447 = VECTOR('',#9448,1.);
#9448 = DIRECTION('',(0.,-1.));
#9449 = ( GEOMETRIC_REPRESENTATION_CONTEXT(2) 
PARAMETRIC_REPRESENTATION_CONTEXT() REPRESENTATION_CONTEXT('2D SPACE',''
  ) );
#9450 = ORIENTED_EDGE('',*,*,#6621,.F.);
#9451 = ADVANCED_FACE('',(#9452),#6661,.T.);
#9452 = FACE_BOUND('',#9453,.T.);
#9453 = EDGE_LOOP('',(#9454,#9455,#9456,#9478));
#9454 = ORIENTED_EDGE('',*,*,#9429,.T.);
#9455 = ORIENTED_EDGE('',*,*,#9082,.F.);
#9456 = ORIENTED_EDGE('',*,*,#9457,.F.);
#9457 = EDGE_CURVE('',#6645,#7622,#9458,.T.);
#9458 = SURFACE_CURVE('',#9459,(#9464,#9471),.PCURVE_S1.);
#9459 = CIRCLE('',#9460,3.);
#9460 = AXIS2_PLACEMENT_3D('',#9461,#9462,#9463);
#9461 = CARTESIAN_POINT('',(-28.490646,3.0,-6.8));
#9462 = DIRECTION('',(-0.,-1.,0.));
#9463 = DIRECTION('',(0.,-0.,1.));
#9464 = PCURVE('',#6661,#9465);
#9465 = DEFINITIONAL_REPRESENTATION('',(#9466),#9470);
#9466 = LINE('',#9467,#9468);
#9467 = CARTESIAN_POINT('',(3.14159265359,1.570796326795));
#9468 = VECTOR('',#9469,1.);
#9469 = DIRECTION('',(0.,-1.));
#9470 = ( GEOMETRIC_REPRESENTATION_CONTEXT(2) 
PARAMETRIC_REPRESENTATION_CONTEXT() REPRESENTATION_CONTEXT('2D SPACE',''
  ) );
#9471 = PCURVE('',#6687,#9472);
#9472 = DEFINITIONAL_REPRESENTATION('',(#9473),#9477);
#9473 = LINE('',#9474,#9475);
#9474 = CARTESIAN_POINT('',(0.,-17.2));
#9475 = VECTOR('',#9476,1.);
#9476 = DIRECTION('',(1.,0.));
#9477 = ( GEOMETRIC_REPRESENTATION_CONTEXT(2) 
PARAMETRIC_REPRESENTATION_CONTEXT() REPRESENTATION_CONTEXT('2D SPACE',''
  ) );
#9478 = ORIENTED_EDGE('',*,*,#6644,.F.);
#9479 = ADVANCED_FACE('',(#9480),#6609,.T.);
#9480 = FACE_BOUND('',#9481,.T.);
#9481 = EDGE_LOOP('',(#9482,#9483,#9484,#9506));
#9482 = ORIENTED_EDGE('',*,*,#9406,.T.);
#9483 = ORIENTED_EDGE('',*,*,#6592,.F.);
#9484 = ORIENTED_EDGE('',*,*,#9485,.F.);
#9485 = EDGE_CURVE('',#379,#6570,#9486,.T.);
#9486 = SURFACE_CURVE('',#9487,(#9492,#9499),.PCURVE_S1.);
#9487 = CIRCLE('',#9488,3.);
#9488 = AXIS2_PLACEMENT_3D('',#9489,#9490,#9491);
#9489 = CARTESIAN_POINT('',(26.090646,3.0,-6.8));
#9490 = DIRECTION('',(-0.,-1.,0.));
#9491 = DIRECTION('',(0.,-0.,1.));
#9492 = PCURVE('',#6609,#9493);
#9493 = DEFINITIONAL_REPRESENTATION('',(#9494),#9498);
#9494 = LINE('',#9495,#9496);
#9495 = CARTESIAN_POINT('',(0.,-4.712388980385));
#9496 = VECTOR('',#9497,1.);
#9497 = DIRECTION('',(0.,1.));
#9498 = ( GEOMETRIC_REPRESENTATION_CONTEXT(2) 
PARAMETRIC_REPRESENTATION_CONTEXT() REPRESENTATION_CONTEXT('2D SPACE',''
  ) );
#9499 = PCURVE('',#422,#9500);
#9500 = DEFINITIONAL_REPRESENTATION('',(#9501),#9505);
#9501 = LINE('',#9502,#9503);
#9502 = CARTESIAN_POINT('',(9.424777960769,17.2));
#9503 = VECTOR('',#9504,1.);
#9504 = DIRECTION('',(-1.,0.));
#9505 = ( GEOMETRIC_REPRESENTATION_CONTEXT(2) 
PARAMETRIC_REPRESENTATION_CONTEXT() REPRESENTATION_CONTEXT('2D SPACE',''
  ) );
#9506 = ORIENTED_EDGE('',*,*,#9056,.F.);
#9507 = ADVANCED_FACE('',(#9508),#6687,.T.);
#9508 = FACE_BOUND('',#9509,.T.);
#9509 = EDGE_LOOP('',(#9510,#9511,#9512,#9534));
#9510 = ORIENTED_EDGE('',*,*,#9457,.T.);
#9511 = ORIENTED_EDGE('',*,*,#7621,.F.);
#9512 = ORIENTED_EDGE('',*,*,#9513,.F.);
#9513 = EDGE_CURVE('',#6521,#7599,#9514,.T.);
#9514 = SURFACE_CURVE('',#9515,(#9520,#9527),.PCURVE_S1.);
#9515 = CIRCLE('',#9516,3.);
#9516 = AXIS2_PLACEMENT_3D('',#9517,#9518,#9519);
#9517 = CARTESIAN_POINT('',(-28.490646,-31.4,-6.8));
#9518 = DIRECTION('',(-0.,-1.,0.));
#9519 = DIRECTION('',(0.,-0.,1.));
#9520 = PCURVE('',#6687,#9521);
#9521 = DEFINITIONAL_REPRESENTATION('',(#9522),#9526);
#9522 = LINE('',#9523,#9524);
#9523 = CARTESIAN_POINT('',(0.,17.2));
#9524 = VECTOR('',#9525,1.);
#9525 = DIRECTION('',(1.,0.));
#9526 = ( GEOMETRIC_REPRESENTATION_CONTEXT(2) 
PARAMETRIC_REPRESENTATION_CONTEXT() REPRESENTATION_CONTEXT('2D SPACE',''
  ) );
#9527 = PCURVE('',#2572,#9528);
#9528 = DEFINITIONAL_REPRESENTATION('',(#9529),#9533);
#9529 = LINE('',#9530,#9531);
#9530 = CARTESIAN_POINT('',(3.14159265359,1.570796326795));
#9531 = VECTOR('',#9532,1.);
#9532 = DIRECTION('',(0.,-1.));
#9533 = ( GEOMETRIC_REPRESENTATION_CONTEXT(2) 
PARAMETRIC_REPRESENTATION_CONTEXT() REPRESENTATION_CONTEXT('2D SPACE',''
  ) );
#9534 = ORIENTED_EDGE('',*,*,#6673,.F.);
#9535 = ADVANCED_FACE('',(#9536),#422,.T.);
#9536 = FACE_BOUND('',#9537,.T.);
#9537 = EDGE_LOOP('',(#9538,#9539,#9540,#9562));
#9538 = ORIENTED_EDGE('',*,*,#9485,.T.);
#9539 = ORIENTED_EDGE('',*,*,#6569,.F.);
#9540 = ORIENTED_EDGE('',*,*,#9541,.F.);
#9541 = EDGE_CURVE('',#407,#6546,#9542,.T.);
#9542 = SURFACE_CURVE('',#9543,(#9548,#9555),.PCURVE_S1.);
#9543 = CIRCLE('',#9544,3.);
#9544 = AXIS2_PLACEMENT_3D('',#9545,#9546,#9547);
#9545 = CARTESIAN_POINT('',(26.090646,-31.4,-6.8));
#9546 = DIRECTION('',(-0.,-1.,0.));
#9547 = DIRECTION('',(0.,-0.,1.));
#9548 = PCURVE('',#422,#9549);
#9549 = DEFINITIONAL_REPRESENTATION('',(#9550),#9554);
#9550 = LINE('',#9551,#9552);
#9551 = CARTESIAN_POINT('',(9.424777960769,-17.2));
#9552 = VECTOR('',#9553,1.);
#9553 = DIRECTION('',(-1.,0.));
#9554 = ( GEOMETRIC_REPRESENTATION_CONTEXT(2) 
PARAMETRIC_REPRESENTATION_CONTEXT() REPRESENTATION_CONTEXT('2D SPACE',''
  ) );
#9555 = PCURVE('',#2517,#9556);
#9556 = DEFINITIONAL_REPRESENTATION('',(#9557),#9561);
#9557 = LINE('',#9558,#9559);
#9558 = CARTESIAN_POINT('',(6.28318530718,-4.712388980385));
#9559 = VECTOR('',#9560,1.);
#9560 = DIRECTION('',(0.,1.));
#9561 = ( GEOMETRIC_REPRESENTATION_CONTEXT(2) 
PARAMETRIC_REPRESENTATION_CONTEXT() REPRESENTATION_CONTEXT('2D SPACE',''
  ) );
#9562 = ORIENTED_EDGE('',*,*,#406,.F.);
#9563 = ADVANCED_FACE('',(#9564),#2572,.T.);
#9564 = FACE_BOUND('',#9565,.T.);
#9565 = EDGE_LOOP('',(#9566,#9567,#9568,#9569));
#9566 = ORIENTED_EDGE('',*,*,#9513,.T.);
#9567 = ORIENTED_EDGE('',*,*,#8905,.F.);
#9568 = ORIENTED_EDGE('',*,*,#2557,.F.);
#9569 = ORIENTED_EDGE('',*,*,#6520,.F.);
#9570 = ADVANCED_FACE('',(#9571),#2517,.T.);
#9571 = FACE_BOUND('',#9572,.T.);
#9572 = EDGE_LOOP('',(#9573,#9574,#9575,#9576));
#9573 = ORIENTED_EDGE('',*,*,#9541,.T.);
#9574 = ORIENTED_EDGE('',*,*,#6545,.F.);
#9575 = ORIENTED_EDGE('',*,*,#2500,.F.);
#9576 = ORIENTED_EDGE('',*,*,#8803,.F.);
#9577 = ADVANCED_FACE('',(#9578),#4253,.T.);
#9578 = FACE_BOUND('',#9579,.T.);
#9579 = EDGE_LOOP('',(#9580,#9581,#9604,#9627));
#9580 = ORIENTED_EDGE('',*,*,#4237,.T.);
#9581 = ORIENTED_EDGE('',*,*,#9582,.F.);
#9582 = EDGE_CURVE('',#9583,#4215,#9585,.T.);
#9583 = VERTEX_POINT('',#9584);
#9584 = CARTESIAN_POINT('',(-12.424944,8.5,-5.0));
#9585 = SURFACE_CURVE('',#9586,(#9590,#9597),.PCURVE_S1.);
#9586 = LINE('',#9587,#9588);
#9587 = CARTESIAN_POINT('',(-12.424944,8.5,-5.0));
#9588 = VECTOR('',#9589,1.);
#9589 = DIRECTION('',(-0.,-0.,-1.));
#9590 = PCURVE('',#4253,#9591);
#9591 = DEFINITIONAL_REPRESENTATION('',(#9592),#9596);
#9592 = LINE('',#9593,#9594);
#9593 = CARTESIAN_POINT('',(0.,8.));
#9594 = VECTOR('',#9595,1.);
#9595 = DIRECTION('',(1.,0.));
#9596 = ( GEOMETRIC_REPRESENTATION_CONTEXT(2) 
PARAMETRIC_REPRESENTATION_CONTEXT() REPRESENTATION_CONTEXT('2D SPACE',''
  ) );
#9597 = PCURVE('',#3378,#9598);
#9598 = DEFINITIONAL_REPRESENTATION('',(#9599),#9603);
#9599 = LINE('',#9600,#9601);
#9600 = CARTESIAN_POINT('',(0.,-2.5));
#9601 = VECTOR('',#9602,1.);
#9602 = DIRECTION('',(1.,0.));
#9603 = ( GEOMETRIC_REPRESENTATION_CONTEXT(2) 
PARAMETRIC_REPRESENTATION_CONTEXT() REPRESENTATION_CONTEXT('2D SPACE',''
  ) );
#9604 = ORIENTED_EDGE('',*,*,#9605,.T.);
#9605 = EDGE_CURVE('',#9583,#9606,#9608,.T.);
#9606 = VERTEX_POINT('',#9607);
#9607 = CARTESIAN_POINT('',(10.024944,8.5,-5.0));
#9608 = SURFACE_CURVE('',#9609,(#9613,#9620),.PCURVE_S1.);
#9609 = LINE('',#9610,#9611);
#9610 = CARTESIAN_POINT('',(-12.424944,8.5,-5.0));
#9611 = VECTOR('',#9612,1.);
#9612 = DIRECTION('',(1.,-0.,-0.));
#9613 = PCURVE('',#4253,#9614);
#9614 = DEFINITIONAL_REPRESENTATION('',(#9615),#9619);
#9615 = LINE('',#9616,#9617);
#9616 = CARTESIAN_POINT('',(0.,8.));
#9617 = VECTOR('',#9618,1.);
#9618 = DIRECTION('',(0.,-1.));
#9619 = ( GEOMETRIC_REPRESENTATION_CONTEXT(2) 
PARAMETRIC_REPRESENTATION_CONTEXT() REPRESENTATION_CONTEXT('2D SPACE',''
  ) );
#9620 = PCURVE('',#5617,#9621);
#9621 = DEFINITIONAL_REPRESENTATION('',(#9622),#9626);
#9622 = LINE('',#9623,#9624);
#9623 = CARTESIAN_POINT('',(-22.7,8.));
#9624 = VECTOR('',#9625,1.);
#9625 = DIRECTION('',(0.,-1.));
#9626 = ( GEOMETRIC_REPRESENTATION_CONTEXT(2) 
PARAMETRIC_REPRESENTATION_CONTEXT() REPRESENTATION_CONTEXT('2D SPACE',''
  ) );
#9627 = ORIENTED_EDGE('',*,*,#9628,.T.);
#9628 = EDGE_CURVE('',#9606,#4238,#9629,.T.);
#9629 = SURFACE_CURVE('',#9630,(#9634,#9641),.PCURVE_S1.);
#9630 = LINE('',#9631,#9632);
#9631 = CARTESIAN_POINT('',(10.024944,8.5,-5.0));
#9632 = VECTOR('',#9633,1.);
#9633 = DIRECTION('',(-0.,-0.,-1.));
#9634 = PCURVE('',#4253,#9635);
#9635 = DEFINITIONAL_REPRESENTATION('',(#9636),#9640);
#9636 = LINE('',#9637,#9638);
#9637 = CARTESIAN_POINT('',(0.,-8.));
#9638 = VECTOR('',#9639,1.);
#9639 = DIRECTION('',(1.,0.));
#9640 = ( GEOMETRIC_REPRESENTATION_CONTEXT(2) 
PARAMETRIC_REPRESENTATION_CONTEXT() REPRESENTATION_CONTEXT('2D SPACE',''
  ) );
#9641 = PCURVE('',#3322,#9642);
#9642 = DEFINITIONAL_REPRESENTATION('',(#9643),#9647);
#9643 = LINE('',#9644,#9645);
#9644 = CARTESIAN_POINT('',(-2.5,-0.));
#9645 = VECTOR('',#9646,1.);
#9646 = DIRECTION('',(0.,1.));
#9647 = ( GEOMETRIC_REPRESENTATION_CONTEXT(2) 
PARAMETRIC_REPRESENTATION_CONTEXT() REPRESENTATION_CONTEXT('2D SPACE',''
  ) );
#9648 = ADVANCED_FACE('',(#9649),#3322,.T.);
#9649 = FACE_BOUND('',#9650,.T.);
#9650 = EDGE_LOOP('',(#9651,#9652,#9653,#9674,#9675,#9676));
#9651 = ORIENTED_EDGE('',*,*,#4265,.T.);
#9652 = ORIENTED_EDGE('',*,*,#9628,.F.);
#9653 = ORIENTED_EDGE('',*,*,#9654,.T.);
#9654 = EDGE_CURVE('',#9606,#5579,#9655,.T.);
#9655 = SURFACE_CURVE('',#9656,(#9660,#9667),.PCURVE_S1.);
#9656 = LINE('',#9657,#9658);
#9657 = CARTESIAN_POINT('',(10.024944,8.5,-5.0));
#9658 = VECTOR('',#9659,1.);
#9659 = DIRECTION('',(0.,1.,-0.));
#9660 = PCURVE('',#3322,#9661);
#9661 = DEFINITIONAL_REPRESENTATION('',(#9662),#9666);
#9662 = LINE('',#9663,#9664);
#9663 = CARTESIAN_POINT('',(-2.5,-0.));
#9664 = VECTOR('',#9665,1.);
#9665 = DIRECTION('',(1.,0.));
#9666 = ( GEOMETRIC_REPRESENTATION_CONTEXT(2) 
PARAMETRIC_REPRESENTATION_CONTEXT() REPRESENTATION_CONTEXT('2D SPACE',''
  ) );
#9667 = PCURVE('',#5617,#9668);
#9668 = DEFINITIONAL_REPRESENTATION('',(#9669),#9673);
#9669 = LINE('',#9670,#9671);
#9670 = CARTESIAN_POINT('',(-22.7,-8.));
#9671 = VECTOR('',#9672,1.);
#9672 = DIRECTION('',(-1.,0.));
#9673 = ( GEOMETRIC_REPRESENTATION_CONTEXT(2) 
PARAMETRIC_REPRESENTATION_CONTEXT() REPRESENTATION_CONTEXT('2D SPACE',''
  ) );
#9674 = ORIENTED_EDGE('',*,*,#5578,.T.);
#9675 = ORIENTED_EDGE('',*,*,#3306,.F.);
#9676 = ORIENTED_EDGE('',*,*,#6293,.T.);
#9677 = ADVANCED_FACE('',(#9678),#3378,.T.);
#9678 = FACE_BOUND('',#9679,.T.);
#9679 = EDGE_LOOP('',(#9680,#9681,#9682,#9683,#9684,#9705));
#9680 = ORIENTED_EDGE('',*,*,#4214,.T.);
#9681 = ORIENTED_EDGE('',*,*,#6320,.T.);
#9682 = ORIENTED_EDGE('',*,*,#3362,.F.);
#9683 = ORIENTED_EDGE('',*,*,#5629,.F.);
#9684 = ORIENTED_EDGE('',*,*,#9685,.T.);
#9685 = EDGE_CURVE('',#5602,#9583,#9686,.T.);
#9686 = SURFACE_CURVE('',#9687,(#9691,#9698),.PCURVE_S1.);
#9687 = LINE('',#9688,#9689);
#9688 = CARTESIAN_POINT('',(-12.424944,13.5,-5.0));
#9689 = VECTOR('',#9690,1.);
#9690 = DIRECTION('',(-0.,-1.,-0.));
#9691 = PCURVE('',#3378,#9692);
#9692 = DEFINITIONAL_REPRESENTATION('',(#9693),#9697);
#9693 = LINE('',#9694,#9695);
#9694 = CARTESIAN_POINT('',(-0.,2.5));
#9695 = VECTOR('',#9696,1.);
#9696 = DIRECTION('',(0.,-1.));
#9697 = ( GEOMETRIC_REPRESENTATION_CONTEXT(2) 
PARAMETRIC_REPRESENTATION_CONTEXT() REPRESENTATION_CONTEXT('2D SPACE',''
  ) );
#9698 = PCURVE('',#5617,#9699);
#9699 = DEFINITIONAL_REPRESENTATION('',(#9700),#9704);
#9700 = LINE('',#9701,#9702);
#9701 = CARTESIAN_POINT('',(-27.7,8.));
#9702 = VECTOR('',#9703,1.);
#9703 = DIRECTION('',(1.,0.));
#9704 = ( GEOMETRIC_REPRESENTATION_CONTEXT(2) 
PARAMETRIC_REPRESENTATION_CONTEXT() REPRESENTATION_CONTEXT('2D SPACE',''
  ) );
#9705 = ORIENTED_EDGE('',*,*,#9582,.T.);
#9706 = ADVANCED_FACE('',(#9707),#5617,.T.);
#9707 = FACE_BOUND('',#9708,.T.);
#9708 = EDGE_LOOP('',(#9709,#9710,#9711,#9712));
#9709 = ORIENTED_EDGE('',*,*,#9654,.F.);
#9710 = ORIENTED_EDGE('',*,*,#9605,.F.);
#9711 = ORIENTED_EDGE('',*,*,#9685,.F.);
#9712 = ORIENTED_EDGE('',*,*,#5601,.F.);
#9713 = ADVANCED_FACE('',(#9714),#4928,.T.);
#9714 = FACE_BOUND('',#9715,.T.);
#9715 = EDGE_LOOP('',(#9716,#9717,#9738,#9739));
#9716 = ORIENTED_EDGE('',*,*,#4912,.F.);
#9717 = ORIENTED_EDGE('',*,*,#9718,.T.);
#9718 = EDGE_CURVE('',#4880,#5711,#9719,.T.);
#9719 = SURFACE_CURVE('',#9720,(#9724,#9731),.PCURVE_S1.);
#9720 = LINE('',#9721,#9722);
#9721 = CARTESIAN_POINT('',(2.826949,15.0,-11.1));
#9722 = VECTOR('',#9723,1.);
#9723 = DIRECTION('',(-0.,-1.,0.));
#9724 = PCURVE('',#4928,#9725);
#9725 = DEFINITIONAL_REPRESENTATION('',(#9726),#9730);
#9726 = LINE('',#9727,#9728);
#9727 = CARTESIAN_POINT('',(-1.6,2.2));
#9728 = VECTOR('',#9729,1.);
#9729 = DIRECTION('',(0.,-1.));
#9730 = ( GEOMETRIC_REPRESENTATION_CONTEXT(2) 
PARAMETRIC_REPRESENTATION_CONTEXT() REPRESENTATION_CONTEXT('2D SPACE',''
  ) );
#9731 = PCURVE('',#4900,#9732);
#9732 = DEFINITIONAL_REPRESENTATION('',(#9733),#9737);
#9733 = LINE('',#9734,#9735);
#9734 = CARTESIAN_POINT('',(4.712388980385,-2.2));
#9735 = VECTOR('',#9736,1.);
#9736 = DIRECTION('',(0.,1.));
#9737 = ( GEOMETRIC_REPRESENTATION_CONTEXT(2) 
PARAMETRIC_REPRESENTATION_CONTEXT() REPRESENTATION_CONTEXT('2D SPACE',''
  ) );
#9738 = ORIENTED_EDGE('',*,*,#5710,.F.);
#9739 = ORIENTED_EDGE('',*,*,#9740,.T.);
#9740 = EDGE_CURVE('',#5683,#4913,#9741,.T.);
#9741 = SURFACE_CURVE('',#9742,(#9746,#9753),.PCURVE_S1.);
#9742 = LINE('',#9743,#9744);
#9743 = CARTESIAN_POINT('',(2.826949,13.5,-7.9));
#9744 = VECTOR('',#9745,1.);
#9745 = DIRECTION('',(0.,1.,-0.));
#9746 = PCURVE('',#4928,#9747);
#9747 = DEFINITIONAL_REPRESENTATION('',(#9748),#9752);
#9748 = LINE('',#9749,#9750);
#9749 = CARTESIAN_POINT('',(1.6,0.7));
#9750 = VECTOR('',#9751,1.);
#9751 = DIRECTION('',(0.,1.));
#9752 = ( GEOMETRIC_REPRESENTATION_CONTEXT(2) 
PARAMETRIC_REPRESENTATION_CONTEXT() REPRESENTATION_CONTEXT('2D SPACE',''
  ) );
#9753 = PCURVE('',#4961,#9754);
#9754 = DEFINITIONAL_REPRESENTATION('',(#9755),#9759);
#9755 = LINE('',#9756,#9757);
#9756 = CARTESIAN_POINT('',(4.712388980385,-0.7));
#9757 = VECTOR('',#9758,1.);
#9758 = DIRECTION('',(0.,-1.));
#9759 = ( GEOMETRIC_REPRESENTATION_CONTEXT(2) 
PARAMETRIC_REPRESENTATION_CONTEXT() REPRESENTATION_CONTEXT('2D SPACE',''
  ) );
#9760 = ADVANCED_FACE('',(#9761),#4834,.T.);
#9761 = FACE_BOUND('',#9762,.T.);
#9762 = EDGE_LOOP('',(#9763,#9764,#9785,#9786));
#9763 = ORIENTED_EDGE('',*,*,#5789,.F.);
#9764 = ORIENTED_EDGE('',*,*,#9765,.T.);
#9765 = EDGE_CURVE('',#5762,#4819,#9766,.T.);
#9766 = SURFACE_CURVE('',#9767,(#9771,#9778),.PCURVE_S1.);
#9767 = LINE('',#9768,#9769);
#9768 = CARTESIAN_POINT('',(1.704454,13.5,-11.1));
#9769 = VECTOR('',#9770,1.);
#9770 = DIRECTION('',(0.,1.,-0.));
#9771 = PCURVE('',#4834,#9772);
#9772 = DEFINITIONAL_REPRESENTATION('',(#9773),#9777);
#9773 = LINE('',#9774,#9775);
#9774 = CARTESIAN_POINT('',(1.6,0.7));
#9775 = VECTOR('',#9776,1.);
#9776 = DIRECTION('',(-0.,1.));
#9777 = ( GEOMETRIC_REPRESENTATION_CONTEXT(2) 
PARAMETRIC_REPRESENTATION_CONTEXT() REPRESENTATION_CONTEXT('2D SPACE',''
  ) );
#9778 = PCURVE('',#4867,#9779);
#9779 = DEFINITIONAL_REPRESENTATION('',(#9780),#9784);
#9780 = LINE('',#9781,#9782);
#9781 = CARTESIAN_POINT('',(1.570796326795,-0.7));
#9782 = VECTOR('',#9783,1.);
#9783 = DIRECTION('',(0.,-1.));
#9784 = ( GEOMETRIC_REPRESENTATION_CONTEXT(2) 
PARAMETRIC_REPRESENTATION_CONTEXT() REPRESENTATION_CONTEXT('2D SPACE',''
  ) );
#9785 = ORIENTED_EDGE('',*,*,#4816,.F.);
#9786 = ORIENTED_EDGE('',*,*,#9787,.T.);
#9787 = EDGE_CURVE('',#4817,#5653,#9788,.T.);
#9788 = SURFACE_CURVE('',#9789,(#9793,#9800),.PCURVE_S1.);
#9789 = LINE('',#9790,#9791);
#9790 = CARTESIAN_POINT('',(1.704454,15.0,-7.9));
#9791 = VECTOR('',#9792,1.);
#9792 = DIRECTION('',(-0.,-1.,0.));
#9793 = PCURVE('',#4834,#9794);
#9794 = DEFINITIONAL_REPRESENTATION('',(#9795),#9799);
#9795 = LINE('',#9796,#9797);
#9796 = CARTESIAN_POINT('',(-1.6,2.2));
#9797 = VECTOR('',#9798,1.);
#9798 = DIRECTION('',(0.,-1.));
#9799 = ( GEOMETRIC_REPRESENTATION_CONTEXT(2) 
PARAMETRIC_REPRESENTATION_CONTEXT() REPRESENTATION_CONTEXT('2D SPACE',''
  ) );
#9800 = PCURVE('',#4992,#9801);
#9801 = DEFINITIONAL_REPRESENTATION('',(#9802),#9806);
#9802 = LINE('',#9803,#9804);
#9803 = CARTESIAN_POINT('',(1.570796326795,-2.2));
#9804 = VECTOR('',#9805,1.);
#9805 = DIRECTION('',(0.,1.));
#9806 = ( GEOMETRIC_REPRESENTATION_CONTEXT(2) 
PARAMETRIC_REPRESENTATION_CONTEXT() REPRESENTATION_CONTEXT('2D SPACE',''
  ) );
#9807 = ADVANCED_FACE('',(#9808),#5118,.T.);
#9808 = FACE_BOUND('',#9809,.T.);
#9809 = EDGE_LOOP('',(#9810,#9811,#9832,#9833));
#9810 = ORIENTED_EDGE('',*,*,#5102,.F.);
#9811 = ORIENTED_EDGE('',*,*,#9812,.T.);
#9812 = EDGE_CURVE('',#5070,#5871,#9813,.T.);
#9813 = SURFACE_CURVE('',#9814,(#9818,#9825),.PCURVE_S1.);
#9814 = LINE('',#9815,#9816);
#9815 = CARTESIAN_POINT('',(-1.775278,15.0,-11.1));
#9816 = VECTOR('',#9817,1.);
#9817 = DIRECTION('',(-0.,-1.,0.));
#9818 = PCURVE('',#5118,#9819);
#9819 = DEFINITIONAL_REPRESENTATION('',(#9820),#9824);
#9820 = LINE('',#9821,#9822);
#9821 = CARTESIAN_POINT('',(-1.6,2.2));
#9822 = VECTOR('',#9823,1.);
#9823 = DIRECTION('',(0.,-1.));
#9824 = ( GEOMETRIC_REPRESENTATION_CONTEXT(2) 
PARAMETRIC_REPRESENTATION_CONTEXT() REPRESENTATION_CONTEXT('2D SPACE',''
  ) );
#9825 = PCURVE('',#5090,#9826);
#9826 = DEFINITIONAL_REPRESENTATION('',(#9827),#9831);
#9827 = LINE('',#9828,#9829);
#9828 = CARTESIAN_POINT('',(4.712388980385,-2.2));
#9829 = VECTOR('',#9830,1.);
#9830 = DIRECTION('',(0.,1.));
#9831 = ( GEOMETRIC_REPRESENTATION_CONTEXT(2) 
PARAMETRIC_REPRESENTATION_CONTEXT() REPRESENTATION_CONTEXT('2D SPACE',''
  ) );
#9832 = ORIENTED_EDGE('',*,*,#5870,.F.);
#9833 = ORIENTED_EDGE('',*,*,#9834,.T.);
#9834 = EDGE_CURVE('',#5843,#5103,#9835,.T.);
#9835 = SURFACE_CURVE('',#9836,(#9840,#9847),.PCURVE_S1.);
#9836 = LINE('',#9837,#9838);
#9837 = CARTESIAN_POINT('',(-1.775278,13.5,-7.9));
#9838 = VECTOR('',#9839,1.);
#9839 = DIRECTION('',(0.,1.,-0.));
#9840 = PCURVE('',#5118,#9841);
#9841 = DEFINITIONAL_REPRESENTATION('',(#9842),#9846);
#9842 = LINE('',#9843,#9844);
#9843 = CARTESIAN_POINT('',(1.6,0.7));
#9844 = VECTOR('',#9845,1.);
#9845 = DIRECTION('',(0.,1.));
#9846 = ( GEOMETRIC_REPRESENTATION_CONTEXT(2) 
PARAMETRIC_REPRESENTATION_CONTEXT() REPRESENTATION_CONTEXT('2D SPACE',''
  ) );
#9847 = PCURVE('',#5151,#9848);
#9848 = DEFINITIONAL_REPRESENTATION('',(#9849),#9853);
#9849 = LINE('',#9850,#9851);
#9850 = CARTESIAN_POINT('',(4.712388980385,-0.7));
#9851 = VECTOR('',#9852,1.);
#9852 = DIRECTION('',(0.,-1.));
#9853 = ( GEOMETRIC_REPRESENTATION_CONTEXT(2) 
PARAMETRIC_REPRESENTATION_CONTEXT() REPRESENTATION_CONTEXT('2D SPACE',''
  ) );
#9854 = ADVANCED_FACE('',(#9855),#5024,.T.);
#9855 = FACE_BOUND('',#9856,.T.);
#9856 = EDGE_LOOP('',(#9857,#9858,#9879,#9880));
#9857 = ORIENTED_EDGE('',*,*,#5949,.F.);
#9858 = ORIENTED_EDGE('',*,*,#9859,.T.);
#9859 = EDGE_CURVE('',#5922,#5009,#9860,.T.);
#9860 = SURFACE_CURVE('',#9861,(#9865,#9872),.PCURVE_S1.);
#9861 = LINE('',#9862,#9863);
#9862 = CARTESIAN_POINT('',(-2.897773,13.5,-11.1));
#9863 = VECTOR('',#9864,1.);
#9864 = DIRECTION('',(0.,1.,-0.));
#9865 = PCURVE('',#5024,#9866);
#9866 = DEFINITIONAL_REPRESENTATION('',(#9867),#9871);
#9867 = LINE('',#9868,#9869);
#9868 = CARTESIAN_POINT('',(1.6,0.7));
#9869 = VECTOR('',#9870,1.);
#9870 = DIRECTION('',(-0.,1.));
#9871 = ( GEOMETRIC_REPRESENTATION_CONTEXT(2) 
PARAMETRIC_REPRESENTATION_CONTEXT() REPRESENTATION_CONTEXT('2D SPACE',''
  ) );
#9872 = PCURVE('',#5057,#9873);
#9873 = DEFINITIONAL_REPRESENTATION('',(#9874),#9878);
#9874 = LINE('',#9875,#9876);
#9875 = CARTESIAN_POINT('',(1.570796326795,-0.7));
#9876 = VECTOR('',#9877,1.);
#9877 = DIRECTION('',(0.,-1.));
#9878 = ( GEOMETRIC_REPRESENTATION_CONTEXT(2) 
PARAMETRIC_REPRESENTATION_CONTEXT() REPRESENTATION_CONTEXT('2D SPACE',''
  ) );
#9879 = ORIENTED_EDGE('',*,*,#5006,.F.);
#9880 = ORIENTED_EDGE('',*,*,#9881,.T.);
#9881 = EDGE_CURVE('',#5007,#5813,#9882,.T.);
#9882 = SURFACE_CURVE('',#9883,(#9887,#9894),.PCURVE_S1.);
#9883 = LINE('',#9884,#9885);
#9884 = CARTESIAN_POINT('',(-2.897773,15.0,-7.9));
#9885 = VECTOR('',#9886,1.);
#9886 = DIRECTION('',(-0.,-1.,0.));
#9887 = PCURVE('',#5024,#9888);
#9888 = DEFINITIONAL_REPRESENTATION('',(#9889),#9893);
#9889 = LINE('',#9890,#9891);
#9890 = CARTESIAN_POINT('',(-1.6,2.2));
#9891 = VECTOR('',#9892,1.);
#9892 = DIRECTION('',(0.,-1.));
#9893 = ( GEOMETRIC_REPRESENTATION_CONTEXT(2) 
PARAMETRIC_REPRESENTATION_CONTEXT() REPRESENTATION_CONTEXT('2D SPACE',''
  ) );
#9894 = PCURVE('',#5182,#9895);
#9895 = DEFINITIONAL_REPRESENTATION('',(#9896),#9900);
#9896 = LINE('',#9897,#9898);
#9897 = CARTESIAN_POINT('',(1.570796326795,-2.2));
#9898 = VECTOR('',#9899,1.);
#9899 = DIRECTION('',(0.,1.));
#9900 = ( GEOMETRIC_REPRESENTATION_CONTEXT(2) 
PARAMETRIC_REPRESENTATION_CONTEXT() REPRESENTATION_CONTEXT('2D SPACE',''
  ) );
#9901 = ADVANCED_FACE('',(#9902),#5280,.T.);
#9902 = FACE_BOUND('',#9903,.T.);
#9903 = EDGE_LOOP('',(#9904,#9905,#9926,#9927));
#9904 = ORIENTED_EDGE('',*,*,#5264,.F.);
#9905 = ORIENTED_EDGE('',*,*,#9906,.T.);
#9906 = EDGE_CURVE('',#5232,#6031,#9907,.T.);
#9907 = SURFACE_CURVE('',#9908,(#9912,#9919),.PCURVE_S1.);
#9908 = LINE('',#9909,#9910);
#9909 = CARTESIAN_POINT('',(-4.076392,15.0,-11.1));
#9910 = VECTOR('',#9911,1.);
#9911 = DIRECTION('',(-0.,-1.,0.));
#9912 = PCURVE('',#5280,#9913);
#9913 = DEFINITIONAL_REPRESENTATION('',(#9914),#9918);
#9914 = LINE('',#9915,#9916);
#9915 = CARTESIAN_POINT('',(-1.6,2.2));
#9916 = VECTOR('',#9917,1.);
#9917 = DIRECTION('',(0.,-1.));
#9918 = ( GEOMETRIC_REPRESENTATION_CONTEXT(2) 
PARAMETRIC_REPRESENTATION_CONTEXT() REPRESENTATION_CONTEXT('2D SPACE',''
  ) );
#9919 = PCURVE('',#5252,#9920);
#9920 = DEFINITIONAL_REPRESENTATION('',(#9921),#9925);
#9921 = LINE('',#9922,#9923);
#9922 = CARTESIAN_POINT('',(4.712388980385,-2.2));
#9923 = VECTOR('',#9924,1.);
#9924 = DIRECTION('',(0.,1.));
#9925 = ( GEOMETRIC_REPRESENTATION_CONTEXT(2) 
PARAMETRIC_REPRESENTATION_CONTEXT() REPRESENTATION_CONTEXT('2D SPACE',''
  ) );
#9926 = ORIENTED_EDGE('',*,*,#6030,.F.);
#9927 = ORIENTED_EDGE('',*,*,#9928,.T.);
#9928 = EDGE_CURVE('',#6003,#5265,#9929,.T.);
#9929 = SURFACE_CURVE('',#9930,(#9934,#9941),.PCURVE_S1.);
#9930 = LINE('',#9931,#9932);
#9931 = CARTESIAN_POINT('',(-4.076392,13.5,-7.9));
#9932 = VECTOR('',#9933,1.);
#9933 = DIRECTION('',(0.,1.,-0.));
#9934 = PCURVE('',#5280,#9935);
#9935 = DEFINITIONAL_REPRESENTATION('',(#9936),#9940);
#9936 = LINE('',#9937,#9938);
#9937 = CARTESIAN_POINT('',(1.6,0.7));
#9938 = VECTOR('',#9939,1.);
#9939 = DIRECTION('',(0.,1.));
#9940 = ( GEOMETRIC_REPRESENTATION_CONTEXT(2) 
PARAMETRIC_REPRESENTATION_CONTEXT() REPRESENTATION_CONTEXT('2D SPACE',''
  ) );
#9941 = PCURVE('',#5313,#9942);
#9942 = DEFINITIONAL_REPRESENTATION('',(#9943),#9947);
#9943 = LINE('',#9944,#9945);
#9944 = CARTESIAN_POINT('',(4.712388980385,-0.7));
#9945 = VECTOR('',#9946,1.);
#9946 = DIRECTION('',(0.,-1.));
#9947 = ( GEOMETRIC_REPRESENTATION_CONTEXT(2) 
PARAMETRIC_REPRESENTATION_CONTEXT() REPRESENTATION_CONTEXT('2D SPACE',''
  ) );
#9948 = ADVANCED_FACE('',(#9949),#5372,.T.);
#9949 = FACE_BOUND('',#9950,.T.);
#9950 = EDGE_LOOP('',(#9951,#9952,#9973,#9974));
#9951 = ORIENTED_EDGE('',*,*,#6109,.F.);
#9952 = ORIENTED_EDGE('',*,*,#9953,.T.);
#9953 = EDGE_CURVE('',#6082,#5197,#9954,.T.);
#9954 = SURFACE_CURVE('',#9955,(#9959,#9966),.PCURVE_S1.);
#9955 = LINE('',#9956,#9957);
#9956 = CARTESIAN_POINT('',(-5.198886,13.5,-11.1));
#9957 = VECTOR('',#9958,1.);
#9958 = DIRECTION('',(0.,1.,-0.));
#9959 = PCURVE('',#5372,#9960);
#9960 = DEFINITIONAL_REPRESENTATION('',(#9961),#9965);
#9961 = LINE('',#9962,#9963);
#9962 = CARTESIAN_POINT('',(1.6,0.7));
#9963 = VECTOR('',#9964,1.);
#9964 = DIRECTION('',(-0.,1.));
#9965 = ( GEOMETRIC_REPRESENTATION_CONTEXT(2) 
PARAMETRIC_REPRESENTATION_CONTEXT() REPRESENTATION_CONTEXT('2D SPACE',''
  ) );
#9966 = PCURVE('',#5219,#9967);
#9967 = DEFINITIONAL_REPRESENTATION('',(#9968),#9972);
#9968 = LINE('',#9969,#9970);
#9969 = CARTESIAN_POINT('',(1.570796326795,-0.7));
#9970 = VECTOR('',#9971,1.);
#9971 = DIRECTION('',(0.,-1.));
#9972 = ( GEOMETRIC_REPRESENTATION_CONTEXT(2) 
PARAMETRIC_REPRESENTATION_CONTEXT() REPRESENTATION_CONTEXT('2D SPACE',''
  ) );
#9973 = ORIENTED_EDGE('',*,*,#5358,.F.);
#9974 = ORIENTED_EDGE('',*,*,#9975,.T.);
#9975 = EDGE_CURVE('',#5326,#5973,#9976,.T.);
#9976 = SURFACE_CURVE('',#9977,(#9981,#9988),.PCURVE_S1.);
#9977 = LINE('',#9978,#9979);
#9978 = CARTESIAN_POINT('',(-5.198886,15.0,-7.9));
#9979 = VECTOR('',#9980,1.);
#9980 = DIRECTION('',(-0.,-1.,0.));
#9981 = PCURVE('',#5372,#9982);
#9982 = DEFINITIONAL_REPRESENTATION('',(#9983),#9987);
#9983 = LINE('',#9984,#9985);
#9984 = CARTESIAN_POINT('',(-1.6,2.2));
#9985 = VECTOR('',#9986,1.);
#9986 = DIRECTION('',(0.,-1.));
#9987 = ( GEOMETRIC_REPRESENTATION_CONTEXT(2) 
PARAMETRIC_REPRESENTATION_CONTEXT() REPRESENTATION_CONTEXT('2D SPACE',''
  ) );
#9988 = PCURVE('',#5346,#9989);
#9989 = DEFINITIONAL_REPRESENTATION('',(#9990),#9994);
#9990 = LINE('',#9991,#9992);
#9991 = CARTESIAN_POINT('',(1.570796326795,-2.2));
#9992 = VECTOR('',#9993,1.);
#9993 = DIRECTION('',(0.,1.));
#9994 = ( GEOMETRIC_REPRESENTATION_CONTEXT(2) 
PARAMETRIC_REPRESENTATION_CONTEXT() REPRESENTATION_CONTEXT('2D SPACE',''
  ) );
#9995 = ADVANCED_FACE('',(#9996),#5470,.T.);
#9996 = FACE_BOUND('',#9997,.T.);
#9997 = EDGE_LOOP('',(#9998,#9999,#10020,#10021));
#9998 = ORIENTED_EDGE('',*,*,#5454,.F.);
#9999 = ORIENTED_EDGE('',*,*,#10000,.T.);
#10000 = EDGE_CURVE('',#5422,#6135,#10001,.T.);
#10001 = SURFACE_CURVE('',#10002,(#10006,#10013),.PCURVE_S1.);
#10002 = LINE('',#10003,#10004);
#10003 = CARTESIAN_POINT('',(0.525835,15.0,-11.1));
#10004 = VECTOR('',#10005,1.);
#10005 = DIRECTION('',(-0.,-1.,0.));
#10006 = PCURVE('',#5470,#10007);
#10007 = DEFINITIONAL_REPRESENTATION('',(#10008),#10012);
#10008 = LINE('',#10009,#10010);
#10009 = CARTESIAN_POINT('',(-1.6,2.2));
#10010 = VECTOR('',#10011,1.);
#10011 = DIRECTION('',(0.,-1.));
#10012 = ( GEOMETRIC_REPRESENTATION_CONTEXT(2) 
PARAMETRIC_REPRESENTATION_CONTEXT() REPRESENTATION_CONTEXT('2D SPACE',''
  ) );
#10013 = PCURVE('',#5442,#10014);
#10014 = DEFINITIONAL_REPRESENTATION('',(#10015),#10019);
#10015 = LINE('',#10016,#10017);
#10016 = CARTESIAN_POINT('',(4.712388980385,-2.2));
#10017 = VECTOR('',#10018,1.);
#10018 = DIRECTION('',(0.,1.));
#10019 = ( GEOMETRIC_REPRESENTATION_CONTEXT(2) 
PARAMETRIC_REPRESENTATION_CONTEXT() REPRESENTATION_CONTEXT('2D SPACE',''
  ) );
#10020 = ORIENTED_EDGE('',*,*,#6132,.F.);
#10021 = ORIENTED_EDGE('',*,*,#10022,.T.);
#10022 = EDGE_CURVE('',#6133,#5455,#10023,.T.);
#10023 = SURFACE_CURVE('',#10024,(#10028,#10035),.PCURVE_S1.);
#10024 = LINE('',#10025,#10026);
#10025 = CARTESIAN_POINT('',(0.525835,13.5,-7.9));
#10026 = VECTOR('',#10027,1.);
#10027 = DIRECTION('',(0.,1.,-0.));
#10028 = PCURVE('',#5470,#10029);
#10029 = DEFINITIONAL_REPRESENTATION('',(#10030),#10034);
#10030 = LINE('',#10031,#10032);
#10031 = CARTESIAN_POINT('',(1.6,0.7));
#10032 = VECTOR('',#10033,1.);
#10033 = DIRECTION('',(0.,1.));
#10034 = ( GEOMETRIC_REPRESENTATION_CONTEXT(2) 
PARAMETRIC_REPRESENTATION_CONTEXT() REPRESENTATION_CONTEXT('2D SPACE',''
  ) );
#10035 = PCURVE('',#5503,#10036);
#10036 = DEFINITIONAL_REPRESENTATION('',(#10037),#10041);
#10037 = LINE('',#10038,#10039);
#10038 = CARTESIAN_POINT('',(4.712388980385,-0.7));
#10039 = VECTOR('',#10040,1.);
#10040 = DIRECTION('',(0.,-1.));
#10041 = ( GEOMETRIC_REPRESENTATION_CONTEXT(2) 
PARAMETRIC_REPRESENTATION_CONTEXT() REPRESENTATION_CONTEXT('2D SPACE',''
  ) );
#10042 = ADVANCED_FACE('',(#10043),#5562,.T.);
#10043 = FACE_BOUND('',#10044,.T.);
#10044 = EDGE_LOOP('',(#10045,#10046,#10067,#10068));
#10045 = ORIENTED_EDGE('',*,*,#6213,.F.);
#10046 = ORIENTED_EDGE('',*,*,#10047,.T.);
#10047 = EDGE_CURVE('',#6186,#5387,#10048,.T.);
#10048 = SURFACE_CURVE('',#10049,(#10053,#10060),.PCURVE_S1.);
#10049 = LINE('',#10050,#10051);
#10050 = CARTESIAN_POINT('',(-0.596659,13.5,-11.1));
#10051 = VECTOR('',#10052,1.);
#10052 = DIRECTION('',(0.,1.,-0.));
#10053 = PCURVE('',#5562,#10054);
#10054 = DEFINITIONAL_REPRESENTATION('',(#10055),#10059);
#10055 = LINE('',#10056,#10057);
#10056 = CARTESIAN_POINT('',(1.6,0.7));
#10057 = VECTOR('',#10058,1.);
#10058 = DIRECTION('',(-0.,1.));
#10059 = ( GEOMETRIC_REPRESENTATION_CONTEXT(2) 
PARAMETRIC_REPRESENTATION_CONTEXT() REPRESENTATION_CONTEXT('2D SPACE',''
  ) );
#10060 = PCURVE('',#5409,#10061);
#10061 = DEFINITIONAL_REPRESENTATION('',(#10062),#10066);
#10062 = LINE('',#10063,#10064);
#10063 = CARTESIAN_POINT('',(1.570796326795,-0.7));
#10064 = VECTOR('',#10065,1.);
#10065 = DIRECTION('',(0.,-1.));
#10066 = ( GEOMETRIC_REPRESENTATION_CONTEXT(2) 
PARAMETRIC_REPRESENTATION_CONTEXT() REPRESENTATION_CONTEXT('2D SPACE',''
  ) );
#10067 = ORIENTED_EDGE('',*,*,#5548,.F.);
#10068 = ORIENTED_EDGE('',*,*,#10069,.T.);
#10069 = EDGE_CURVE('',#5516,#6214,#10070,.T.);
#10070 = SURFACE_CURVE('',#10071,(#10075,#10082),.PCURVE_S1.);
#10071 = LINE('',#10072,#10073);
#10072 = CARTESIAN_POINT('',(-0.596659,15.0,-7.9));
#10073 = VECTOR('',#10074,1.);
#10074 = DIRECTION('',(-0.,-1.,0.));
#10075 = PCURVE('',#5562,#10076);
#10076 = DEFINITIONAL_REPRESENTATION('',(#10077),#10081);
#10077 = LINE('',#10078,#10079);
#10078 = CARTESIAN_POINT('',(-1.6,2.2));
#10079 = VECTOR('',#10080,1.);
#10080 = DIRECTION('',(0.,-1.));
#10081 = ( GEOMETRIC_REPRESENTATION_CONTEXT(2) 
PARAMETRIC_REPRESENTATION_CONTEXT() REPRESENTATION_CONTEXT('2D SPACE',''
  ) );
#10082 = PCURVE('',#5536,#10083);
#10083 = DEFINITIONAL_REPRESENTATION('',(#10084),#10088);
#10084 = LINE('',#10085,#10086);
#10085 = CARTESIAN_POINT('',(1.570796326795,-2.2));
#10086 = VECTOR('',#10087,1.);
#10087 = DIRECTION('',(0.,1.));
#10088 = ( GEOMETRIC_REPRESENTATION_CONTEXT(2) 
PARAMETRIC_REPRESENTATION_CONTEXT() REPRESENTATION_CONTEXT('2D SPACE',''
  ) );
#10089 = ADVANCED_FACE('',(#10090),#4961,.F.);
#10090 = FACE_BOUND('',#10091,.F.);
#10091 = EDGE_LOOP('',(#10092,#10093,#10114,#10115));
#10092 = ORIENTED_EDGE('',*,*,#4940,.T.);
#10093 = ORIENTED_EDGE('',*,*,#10094,.T.);
#10094 = EDGE_CURVE('',#4941,#5655,#10095,.T.);
#10095 = SURFACE_CURVE('',#10096,(#10100,#10107),.PCURVE_S1.);
#10096 = LINE('',#10097,#10098);
#10097 = CARTESIAN_POINT('',(2.265701,15.0,-7.5));
#10098 = VECTOR('',#10099,1.);
#10099 = DIRECTION('',(-0.,-1.,-0.));
#10100 = PCURVE('',#4961,#10101);
#10101 = DEFINITIONAL_REPRESENTATION('',(#10102),#10106);
#10102 = LINE('',#10103,#10104);
#10103 = CARTESIAN_POINT('',(6.28318530718,-2.2));
#10104 = VECTOR('',#10105,1.);
#10105 = DIRECTION('',(0.,1.));
#10106 = ( GEOMETRIC_REPRESENTATION_CONTEXT(2) 
PARAMETRIC_REPRESENTATION_CONTEXT() REPRESENTATION_CONTEXT('2D SPACE',''
  ) );
#10107 = PCURVE('',#4992,#10108);
#10108 = DEFINITIONAL_REPRESENTATION('',(#10109),#10113);
#10109 = LINE('',#10110,#10111);
#10110 = CARTESIAN_POINT('',(0.,-2.2));
#10111 = VECTOR('',#10112,1.);
#10112 = DIRECTION('',(0.,1.));
#10113 = ( GEOMETRIC_REPRESENTATION_CONTEXT(2) 
PARAMETRIC_REPRESENTATION_CONTEXT() REPRESENTATION_CONTEXT('2D SPACE',''
  ) );
#10114 = ORIENTED_EDGE('',*,*,#5682,.T.);
#10115 = ORIENTED_EDGE('',*,*,#9740,.T.);
#10116 = ADVANCED_FACE('',(#10117),#4992,.F.);
#10117 = FACE_BOUND('',#10118,.F.);
#10118 = EDGE_LOOP('',(#10119,#10120,#10121,#10122));
#10119 = ORIENTED_EDGE('',*,*,#10094,.F.);
#10120 = ORIENTED_EDGE('',*,*,#4973,.T.);
#10121 = ORIENTED_EDGE('',*,*,#9787,.T.);
#10122 = ORIENTED_EDGE('',*,*,#5652,.T.);
#10123 = ADVANCED_FACE('',(#10124),#5151,.F.);
#10124 = FACE_BOUND('',#10125,.F.);
#10125 = EDGE_LOOP('',(#10126,#10127,#10148,#10149));
#10126 = ORIENTED_EDGE('',*,*,#5130,.T.);
#10127 = ORIENTED_EDGE('',*,*,#10128,.T.);
#10128 = EDGE_CURVE('',#5131,#5815,#10129,.T.);
#10129 = SURFACE_CURVE('',#10130,(#10134,#10141),.PCURVE_S1.);
#10130 = LINE('',#10131,#10132);
#10131 = CARTESIAN_POINT('',(-2.336526,15.0,-7.5));
#10132 = VECTOR('',#10133,1.);
#10133 = DIRECTION('',(-0.,-1.,-0.));
#10134 = PCURVE('',#5151,#10135);
#10135 = DEFINITIONAL_REPRESENTATION('',(#10136),#10140);
#10136 = LINE('',#10137,#10138);
#10137 = CARTESIAN_POINT('',(6.28318530718,-2.2));
#10138 = VECTOR('',#10139,1.);
#10139 = DIRECTION('',(0.,1.));
#10140 = ( GEOMETRIC_REPRESENTATION_CONTEXT(2) 
PARAMETRIC_REPRESENTATION_CONTEXT() REPRESENTATION_CONTEXT('2D SPACE',''
  ) );
#10141 = PCURVE('',#5182,#10142);
#10142 = DEFINITIONAL_REPRESENTATION('',(#10143),#10147);
#10143 = LINE('',#10144,#10145);
#10144 = CARTESIAN_POINT('',(0.,-2.2));
#10145 = VECTOR('',#10146,1.);
#10146 = DIRECTION('',(0.,1.));
#10147 = ( GEOMETRIC_REPRESENTATION_CONTEXT(2) 
PARAMETRIC_REPRESENTATION_CONTEXT() REPRESENTATION_CONTEXT('2D SPACE',''
  ) );
#10148 = ORIENTED_EDGE('',*,*,#5842,.T.);
#10149 = ORIENTED_EDGE('',*,*,#9834,.T.);
#10150 = ADVANCED_FACE('',(#10151),#5182,.F.);
#10151 = FACE_BOUND('',#10152,.F.);
#10152 = EDGE_LOOP('',(#10153,#10154,#10155,#10156));
#10153 = ORIENTED_EDGE('',*,*,#10128,.F.);
#10154 = ORIENTED_EDGE('',*,*,#5163,.T.);
#10155 = ORIENTED_EDGE('',*,*,#9881,.T.);
#10156 = ORIENTED_EDGE('',*,*,#5812,.T.);
#10157 = ADVANCED_FACE('',(#10158),#5313,.F.);
#10158 = FACE_BOUND('',#10159,.F.);
#10159 = EDGE_LOOP('',(#10160,#10161,#10182,#10183));
#10160 = ORIENTED_EDGE('',*,*,#5292,.T.);
#10161 = ORIENTED_EDGE('',*,*,#10162,.T.);
#10162 = EDGE_CURVE('',#5293,#5975,#10163,.T.);
#10163 = SURFACE_CURVE('',#10164,(#10168,#10175),.PCURVE_S1.);
#10164 = LINE('',#10165,#10166);
#10165 = CARTESIAN_POINT('',(-4.637639,15.0,-7.5));
#10166 = VECTOR('',#10167,1.);
#10167 = DIRECTION('',(-0.,-1.,-0.));
#10168 = PCURVE('',#5313,#10169);
#10169 = DEFINITIONAL_REPRESENTATION('',(#10170),#10174);
#10170 = LINE('',#10171,#10172);
#10171 = CARTESIAN_POINT('',(6.28318530718,-2.2));
#10172 = VECTOR('',#10173,1.);
#10173 = DIRECTION('',(0.,1.));
#10174 = ( GEOMETRIC_REPRESENTATION_CONTEXT(2) 
PARAMETRIC_REPRESENTATION_CONTEXT() REPRESENTATION_CONTEXT('2D SPACE',''
  ) );
#10175 = PCURVE('',#5346,#10176);
#10176 = DEFINITIONAL_REPRESENTATION('',(#10177),#10181);
#10177 = LINE('',#10178,#10179);
#10178 = CARTESIAN_POINT('',(0.,-2.2));
#10179 = VECTOR('',#10180,1.);
#10180 = DIRECTION('',(0.,1.));
#10181 = ( GEOMETRIC_REPRESENTATION_CONTEXT(2) 
PARAMETRIC_REPRESENTATION_CONTEXT() REPRESENTATION_CONTEXT('2D SPACE',''
  ) );
#10182 = ORIENTED_EDGE('',*,*,#6002,.T.);
#10183 = ORIENTED_EDGE('',*,*,#9928,.T.);
#10184 = ADVANCED_FACE('',(#10185),#5346,.F.);
#10185 = FACE_BOUND('',#10186,.F.);
#10186 = EDGE_LOOP('',(#10187,#10188,#10189,#10190));
#10187 = ORIENTED_EDGE('',*,*,#10162,.F.);
#10188 = ORIENTED_EDGE('',*,*,#5325,.T.);
#10189 = ORIENTED_EDGE('',*,*,#9975,.T.);
#10190 = ORIENTED_EDGE('',*,*,#5972,.T.);
#10191 = ADVANCED_FACE('',(#10192),#5536,.F.);
#10192 = FACE_BOUND('',#10193,.F.);
#10193 = EDGE_LOOP('',(#10194,#10195,#10196,#10197));
#10194 = ORIENTED_EDGE('',*,*,#5515,.T.);
#10195 = ORIENTED_EDGE('',*,*,#10069,.T.);
#10196 = ORIENTED_EDGE('',*,*,#6236,.T.);
#10197 = ORIENTED_EDGE('',*,*,#10198,.T.);
#10198 = EDGE_CURVE('',#6237,#5483,#10199,.T.);
#10199 = SURFACE_CURVE('',#10200,(#10204,#10211),.PCURVE_S1.);
#10200 = LINE('',#10201,#10202);
#10201 = CARTESIAN_POINT('',(-0.035412,13.5,-7.5));
#10202 = VECTOR('',#10203,1.);
#10203 = DIRECTION('',(0.,1.,0.));
#10204 = PCURVE('',#5536,#10205);
#10205 = DEFINITIONAL_REPRESENTATION('',(#10206),#10210);
#10206 = LINE('',#10207,#10208);
#10207 = CARTESIAN_POINT('',(0.,-0.7));
#10208 = VECTOR('',#10209,1.);
#10209 = DIRECTION('',(0.,-1.));
#10210 = ( GEOMETRIC_REPRESENTATION_CONTEXT(2) 
PARAMETRIC_REPRESENTATION_CONTEXT() REPRESENTATION_CONTEXT('2D SPACE',''
  ) );
#10211 = PCURVE('',#5503,#10212);
#10212 = DEFINITIONAL_REPRESENTATION('',(#10213),#10217);
#10213 = LINE('',#10214,#10215);
#10214 = CARTESIAN_POINT('',(6.28318530718,-0.7));
#10215 = VECTOR('',#10216,1.);
#10216 = DIRECTION('',(0.,-1.));
#10217 = ( GEOMETRIC_REPRESENTATION_CONTEXT(2) 
PARAMETRIC_REPRESENTATION_CONTEXT() REPRESENTATION_CONTEXT('2D SPACE',''
  ) );
#10218 = ADVANCED_FACE('',(#10219),#5503,.F.);
#10219 = FACE_BOUND('',#10220,.F.);
#10220 = EDGE_LOOP('',(#10221,#10222,#10223,#10224));
#10221 = ORIENTED_EDGE('',*,*,#10022,.T.);
#10222 = ORIENTED_EDGE('',*,*,#5482,.T.);
#10223 = ORIENTED_EDGE('',*,*,#10198,.F.);
#10224 = ORIENTED_EDGE('',*,*,#6264,.T.);
#10225 = ADVANCED_FACE('',(#10226),#5057,.F.);
#10226 = FACE_BOUND('',#10227,.F.);
#10227 = EDGE_LOOP('',(#10228,#10229,#10250,#10251));
#10228 = ORIENTED_EDGE('',*,*,#5036,.T.);
#10229 = ORIENTED_EDGE('',*,*,#10230,.T.);
#10230 = EDGE_CURVE('',#5037,#5894,#10231,.T.);
#10231 = SURFACE_CURVE('',#10232,(#10236,#10243),.PCURVE_S1.);
#10232 = LINE('',#10233,#10234);
#10233 = CARTESIAN_POINT('',(-2.336526,15.0,-11.5));
#10234 = VECTOR('',#10235,1.);
#10235 = DIRECTION('',(-0.,-1.,-0.));
#10236 = PCURVE('',#5057,#10237);
#10237 = DEFINITIONAL_REPRESENTATION('',(#10238),#10242);
#10238 = LINE('',#10239,#10240);
#10239 = CARTESIAN_POINT('',(3.14159265359,-2.2));
#10240 = VECTOR('',#10241,1.);
#10241 = DIRECTION('',(0.,1.));
#10242 = ( GEOMETRIC_REPRESENTATION_CONTEXT(2) 
PARAMETRIC_REPRESENTATION_CONTEXT() REPRESENTATION_CONTEXT('2D SPACE',''
  ) );
#10243 = PCURVE('',#5090,#10244);
#10244 = DEFINITIONAL_REPRESENTATION('',(#10245),#10249);
#10245 = LINE('',#10246,#10247);
#10246 = CARTESIAN_POINT('',(3.14159265359,-2.2));
#10247 = VECTOR('',#10248,1.);
#10248 = DIRECTION('',(0.,1.));
#10249 = ( GEOMETRIC_REPRESENTATION_CONTEXT(2) 
PARAMETRIC_REPRESENTATION_CONTEXT() REPRESENTATION_CONTEXT('2D SPACE',''
  ) );
#10250 = ORIENTED_EDGE('',*,*,#5921,.T.);
#10251 = ORIENTED_EDGE('',*,*,#9859,.T.);
#10252 = ADVANCED_FACE('',(#10253),#5090,.F.);
#10253 = FACE_BOUND('',#10254,.F.);
#10254 = EDGE_LOOP('',(#10255,#10256,#10257,#10258));
#10255 = ORIENTED_EDGE('',*,*,#10230,.F.);
#10256 = ORIENTED_EDGE('',*,*,#5069,.T.);
#10257 = ORIENTED_EDGE('',*,*,#9812,.T.);
#10258 = ORIENTED_EDGE('',*,*,#5893,.T.);
#10259 = ADVANCED_FACE('',(#10260),#4867,.F.);
#10260 = FACE_BOUND('',#10261,.F.);
#10261 = EDGE_LOOP('',(#10262,#10263,#10284,#10285));
#10262 = ORIENTED_EDGE('',*,*,#4846,.T.);
#10263 = ORIENTED_EDGE('',*,*,#10264,.T.);
#10264 = EDGE_CURVE('',#4847,#5734,#10265,.T.);
#10265 = SURFACE_CURVE('',#10266,(#10270,#10277),.PCURVE_S1.);
#10266 = LINE('',#10267,#10268);
#10267 = CARTESIAN_POINT('',(2.265701,15.0,-11.5));
#10268 = VECTOR('',#10269,1.);
#10269 = DIRECTION('',(-0.,-1.,-0.));
#10270 = PCURVE('',#4867,#10271);
#10271 = DEFINITIONAL_REPRESENTATION('',(#10272),#10276);
#10272 = LINE('',#10273,#10274);
#10273 = CARTESIAN_POINT('',(3.14159265359,-2.2));
#10274 = VECTOR('',#10275,1.);
#10275 = DIRECTION('',(0.,1.));
#10276 = ( GEOMETRIC_REPRESENTATION_CONTEXT(2) 
PARAMETRIC_REPRESENTATION_CONTEXT() REPRESENTATION_CONTEXT('2D SPACE',''
  ) );
#10277 = PCURVE('',#4900,#10278);
#10278 = DEFINITIONAL_REPRESENTATION('',(#10279),#10283);
#10279 = LINE('',#10280,#10281);
#10280 = CARTESIAN_POINT('',(3.14159265359,-2.2));
#10281 = VECTOR('',#10282,1.);
#10282 = DIRECTION('',(0.,1.));
#10283 = ( GEOMETRIC_REPRESENTATION_CONTEXT(2) 
PARAMETRIC_REPRESENTATION_CONTEXT() REPRESENTATION_CONTEXT('2D SPACE',''
  ) );
#10284 = ORIENTED_EDGE('',*,*,#5761,.T.);
#10285 = ORIENTED_EDGE('',*,*,#9765,.T.);
#10286 = ADVANCED_FACE('',(#10287),#4900,.F.);
#10287 = FACE_BOUND('',#10288,.F.);
#10288 = EDGE_LOOP('',(#10289,#10290,#10291,#10292));
#10289 = ORIENTED_EDGE('',*,*,#10264,.F.);
#10290 = ORIENTED_EDGE('',*,*,#4879,.T.);
#10291 = ORIENTED_EDGE('',*,*,#9718,.T.);
#10292 = ORIENTED_EDGE('',*,*,#5733,.T.);
#10293 = ADVANCED_FACE('',(#10294),#5252,.F.);
#10294 = FACE_BOUND('',#10295,.F.);
#10295 = EDGE_LOOP('',(#10296,#10297,#10298,#10299));
#10296 = ORIENTED_EDGE('',*,*,#5231,.T.);
#10297 = ORIENTED_EDGE('',*,*,#9906,.T.);
#10298 = ORIENTED_EDGE('',*,*,#6053,.T.);
#10299 = ORIENTED_EDGE('',*,*,#10300,.T.);
#10300 = EDGE_CURVE('',#6054,#5199,#10301,.T.);
#10301 = SURFACE_CURVE('',#10302,(#10306,#10313),.PCURVE_S1.);
#10302 = LINE('',#10303,#10304);
#10303 = CARTESIAN_POINT('',(-4.637639,13.5,-11.5));
#10304 = VECTOR('',#10305,1.);
#10305 = DIRECTION('',(0.,1.,0.));
#10306 = PCURVE('',#5252,#10307);
#10307 = DEFINITIONAL_REPRESENTATION('',(#10308),#10312);
#10308 = LINE('',#10309,#10310);
#10309 = CARTESIAN_POINT('',(3.14159265359,-0.7));
#10310 = VECTOR('',#10311,1.);
#10311 = DIRECTION('',(0.,-1.));
#10312 = ( GEOMETRIC_REPRESENTATION_CONTEXT(2) 
PARAMETRIC_REPRESENTATION_CONTEXT() REPRESENTATION_CONTEXT('2D SPACE',''
  ) );
#10313 = PCURVE('',#5219,#10314);
#10314 = DEFINITIONAL_REPRESENTATION('',(#10315),#10319);
#10315 = LINE('',#10316,#10317);
#10316 = CARTESIAN_POINT('',(3.14159265359,-0.7));
#10317 = VECTOR('',#10318,1.);
#10318 = DIRECTION('',(0.,-1.));
#10319 = ( GEOMETRIC_REPRESENTATION_CONTEXT(2) 
PARAMETRIC_REPRESENTATION_CONTEXT() REPRESENTATION_CONTEXT('2D SPACE',''
  ) );
#10320 = ADVANCED_FACE('',(#10321),#5219,.F.);
#10321 = FACE_BOUND('',#10322,.F.);
#10322 = EDGE_LOOP('',(#10323,#10324,#10325,#10326));
#10323 = ORIENTED_EDGE('',*,*,#9953,.T.);
#10324 = ORIENTED_EDGE('',*,*,#5196,.T.);
#10325 = ORIENTED_EDGE('',*,*,#10300,.F.);
#10326 = ORIENTED_EDGE('',*,*,#6081,.T.);
#10327 = ADVANCED_FACE('',(#10328),#5442,.F.);
#10328 = FACE_BOUND('',#10329,.F.);
#10329 = EDGE_LOOP('',(#10330,#10331,#10332,#10333));
#10330 = ORIENTED_EDGE('',*,*,#5421,.T.);
#10331 = ORIENTED_EDGE('',*,*,#10000,.T.);
#10332 = ORIENTED_EDGE('',*,*,#6157,.T.);
#10333 = ORIENTED_EDGE('',*,*,#10334,.T.);
#10334 = EDGE_CURVE('',#6158,#5389,#10335,.T.);
#10335 = SURFACE_CURVE('',#10336,(#10340,#10347),.PCURVE_S1.);
#10336 = LINE('',#10337,#10338);
#10337 = CARTESIAN_POINT('',(-0.035412,13.5,-11.5));
#10338 = VECTOR('',#10339,1.);
#10339 = DIRECTION('',(0.,1.,0.));
#10340 = PCURVE('',#5442,#10341);
#10341 = DEFINITIONAL_REPRESENTATION('',(#10342),#10346);
#10342 = LINE('',#10343,#10344);
#10343 = CARTESIAN_POINT('',(3.14159265359,-0.7));
#10344 = VECTOR('',#10345,1.);
#10345 = DIRECTION('',(0.,-1.));
#10346 = ( GEOMETRIC_REPRESENTATION_CONTEXT(2) 
PARAMETRIC_REPRESENTATION_CONTEXT() REPRESENTATION_CONTEXT('2D SPACE',''
  ) );
#10347 = PCURVE('',#5409,#10348);
#10348 = DEFINITIONAL_REPRESENTATION('',(#10349),#10353);
#10349 = LINE('',#10350,#10351);
#10350 = CARTESIAN_POINT('',(3.14159265359,-0.7));
#10351 = VECTOR('',#10352,1.);
#10352 = DIRECTION('',(0.,-1.));
#10353 = ( GEOMETRIC_REPRESENTATION_CONTEXT(2) 
PARAMETRIC_REPRESENTATION_CONTEXT() REPRESENTATION_CONTEXT('2D SPACE',''
  ) );
#10354 = ADVANCED_FACE('',(#10355),#5409,.F.);
#10355 = FACE_BOUND('',#10356,.F.);
#10356 = EDGE_LOOP('',(#10357,#10358,#10359,#10360));
#10357 = ORIENTED_EDGE('',*,*,#10047,.T.);
#10358 = ORIENTED_EDGE('',*,*,#5386,.T.);
#10359 = ORIENTED_EDGE('',*,*,#10334,.F.);
#10360 = ORIENTED_EDGE('',*,*,#6185,.T.);
#10361 = ADVANCED_FACE('',(#10362),#249,.F.);
#10362 = FACE_BOUND('',#10363,.F.);
#10363 = EDGE_LOOP('',(#10364,#10365,#10366,#10367));
#10364 = ORIENTED_EDGE('',*,*,#2755,.T.);
#10365 = ORIENTED_EDGE('',*,*,#998,.T.);
#10366 = ORIENTED_EDGE('',*,*,#4695,.T.);
#10367 = ORIENTED_EDGE('',*,*,#228,.T.);
#10368 = ADVANCED_FACE('',(#10369),#3485,.F.);
#10369 = FACE_BOUND('',#10370,.F.);
#10370 = EDGE_LOOP('',(#10371,#10372,#10373,#10374));
#10371 = ORIENTED_EDGE('',*,*,#7479,.T.);
#10372 = ORIENTED_EDGE('',*,*,#3469,.F.);
#10373 = ORIENTED_EDGE('',*,*,#6471,.F.);
#10374 = ORIENTED_EDGE('',*,*,#10375,.T.);
#10375 = EDGE_CURVE('',#6472,#7456,#10376,.T.);
#10376 = SURFACE_CURVE('',#10377,(#10381,#10388),.PCURVE_S1.);
#10377 = LINE('',#10378,#10379);
#10378 = CARTESIAN_POINT('',(-13.757907,-43.4,-11.0));
#10379 = VECTOR('',#10380,1.);
#10380 = DIRECTION('',(0.,1.,0.));
#10381 = PCURVE('',#3485,#10382);
#10382 = DEFINITIONAL_REPRESENTATION('',(#10383),#10387);
#10383 = LINE('',#10384,#10385);
#10384 = CARTESIAN_POINT('',(0.,8.8));
#10385 = VECTOR('',#10386,1.);
#10386 = DIRECTION('',(0.,-1.));
#10387 = ( GEOMETRIC_REPRESENTATION_CONTEXT(2) 
PARAMETRIC_REPRESENTATION_CONTEXT() REPRESENTATION_CONTEXT('2D SPACE',''
  ) );
#10388 = PCURVE('',#1861,#10389);
#10389 = DEFINITIONAL_REPRESENTATION('',(#10390),#10394);
#10390 = LINE('',#10391,#10392);
#10391 = CARTESIAN_POINT('',(6.28318530718,8.8));
#10392 = VECTOR('',#10393,1.);
#10393 = DIRECTION('',(0.,-1.));
#10394 = ( GEOMETRIC_REPRESENTATION_CONTEXT(2) 
PARAMETRIC_REPRESENTATION_CONTEXT() REPRESENTATION_CONTEXT('2D SPACE',''
  ) );
#10395 = ADVANCED_FACE('',(#10396),#6384,.F.);
#10396 = FACE_BOUND('',#10397,.F.);
#10397 = EDGE_LOOP('',(#10398,#10399,#10400,#10421,#10422));
#10398 = ORIENTED_EDGE('',*,*,#7573,.T.);
#10399 = ORIENTED_EDGE('',*,*,#7547,.T.);
#10400 = ORIENTED_EDGE('',*,*,#10401,.F.);
#10401 = EDGE_CURVE('',#6368,#7550,#10402,.T.);
#10402 = SEAM_CURVE('',#10403,(#10407,#10414),.PCURVE_S1.);
#10403 = LINE('',#10404,#10405);
#10404 = CARTESIAN_POINT('',(-13.757907,-43.4,-8.0));
#10405 = VECTOR('',#10406,1.);
#10406 = DIRECTION('',(0.,1.,0.));
#10407 = PCURVE('',#6384,#10408);
#10408 = DEFINITIONAL_REPRESENTATION('',(#10409),#10413);
#10409 = LINE('',#10410,#10411);
#10410 = CARTESIAN_POINT('',(6.28318530718,8.8));
#10411 = VECTOR('',#10412,1.);
#10412 = DIRECTION('',(0.,-1.));
#10413 = ( GEOMETRIC_REPRESENTATION_CONTEXT(2) 
PARAMETRIC_REPRESENTATION_CONTEXT() REPRESENTATION_CONTEXT('2D SPACE',''
  ) );
#10414 = PCURVE('',#6384,#10415);
#10415 = DEFINITIONAL_REPRESENTATION('',(#10416),#10420);
#10416 = LINE('',#10417,#10418);
#10417 = CARTESIAN_POINT('',(0.,8.8));
#10418 = VECTOR('',#10419,1.);
#10419 = DIRECTION('',(0.,-1.));
#10420 = ( GEOMETRIC_REPRESENTATION_CONTEXT(2) 
PARAMETRIC_REPRESENTATION_CONTEXT() REPRESENTATION_CONTEXT('2D SPACE',''
  ) );
#10421 = ORIENTED_EDGE('',*,*,#6367,.F.);
#10422 = ORIENTED_EDGE('',*,*,#10401,.T.);
#10423 = ADVANCED_FACE('',(#10424),#1914,.F.);
#10424 = FACE_BOUND('',#10425,.F.);
#10425 = EDGE_LOOP('',(#10426,#10427,#10428,#10449,#10450));
#10426 = ORIENTED_EDGE('',*,*,#7351,.T.);
#10427 = ORIENTED_EDGE('',*,*,#7325,.T.);
#10428 = ORIENTED_EDGE('',*,*,#10429,.F.);
#10429 = EDGE_CURVE('',#1898,#7328,#10430,.T.);
#10430 = SEAM_CURVE('',#10431,(#10435,#10442),.PCURVE_S1.);
#10431 = LINE('',#10432,#10433);
#10432 = CARTESIAN_POINT('',(10.024944,-43.4,-8.4));
#10433 = VECTOR('',#10434,1.);
#10434 = DIRECTION('',(0.,1.,0.));
#10435 = PCURVE('',#1914,#10436);
#10436 = DEFINITIONAL_REPRESENTATION('',(#10437),#10441);
#10437 = LINE('',#10438,#10439);
#10438 = CARTESIAN_POINT('',(6.28318530718,13.));
#10439 = VECTOR('',#10440,1.);
#10440 = DIRECTION('',(0.,-1.));
#10441 = ( GEOMETRIC_REPRESENTATION_CONTEXT(2) 
PARAMETRIC_REPRESENTATION_CONTEXT() REPRESENTATION_CONTEXT('2D SPACE',''
  ) );
#10442 = PCURVE('',#1914,#10443);
#10443 = DEFINITIONAL_REPRESENTATION('',(#10444),#10448);
#10444 = LINE('',#10445,#10446);
#10445 = CARTESIAN_POINT('',(0.,13.));
#10446 = VECTOR('',#10447,1.);
#10447 = DIRECTION('',(0.,-1.));
#10448 = ( GEOMETRIC_REPRESENTATION_CONTEXT(2) 
PARAMETRIC_REPRESENTATION_CONTEXT() REPRESENTATION_CONTEXT('2D SPACE',''
  ) );
#10449 = ORIENTED_EDGE('',*,*,#1897,.F.);
#10450 = ORIENTED_EDGE('',*,*,#10429,.T.);
#10451 = ADVANCED_FACE('',(#10452),#1365,.F.);
#10452 = FACE_BOUND('',#10453,.T.);
#10453 = EDGE_LOOP('',(#10454,#10477,#10547,#10604,#10605,#10606));
#10454 = ORIENTED_EDGE('',*,*,#10455,.F.);
#10455 = EDGE_CURVE('',#10456,#8851,#10458,.T.);
#10456 = VERTEX_POINT('',#10457);
#10457 = CARTESIAN_POINT('',(27.210276,-33.4,-15.1));
#10458 = SURFACE_CURVE('',#10459,(#10463,#10470),.PCURVE_S1.);
#10459 = LINE('',#10460,#10461);
#10460 = CARTESIAN_POINT('',(27.210276,-33.4,-15.1));
#10461 = VECTOR('',#10462,1.);
#10462 = DIRECTION('',(1.,-0.,-0.));
#10463 = PCURVE('',#1365,#10464);
#10464 = DEFINITIONAL_REPRESENTATION('',(#10465),#10469);
#10465 = LINE('',#10466,#10467);
#10466 = CARTESIAN_POINT('',(-1.E-01,1.202041029));
#10467 = VECTOR('',#10468,1.);
#10468 = DIRECTION('',(0.,-1.));
#10469 = ( GEOMETRIC_REPRESENTATION_CONTEXT(2) 
PARAMETRIC_REPRESENTATION_CONTEXT() REPRESENTATION_CONTEXT('2D SPACE',''
  ) );
#10470 = PCURVE('',#8867,#10471);
#10471 = DEFINITIONAL_REPRESENTATION('',(#10472),#10476);
#10472 = LINE('',#10473,#10474);
#10473 = CARTESIAN_POINT('',(-20.247958971,-19.2));
#10474 = VECTOR('',#10475,1.);
#10475 = DIRECTION('',(-1.,0.));
#10476 = ( GEOMETRIC_REPRESENTATION_CONTEXT(2) 
PARAMETRIC_REPRESENTATION_CONTEXT() REPRESENTATION_CONTEXT('2D SPACE',''
  ) );
#10477 = ORIENTED_EDGE('',*,*,#10478,.F.);
#10478 = EDGE_CURVE('',#10479,#10456,#10481,.T.);
#10479 = VERTEX_POINT('',#10480);
#10480 = CARTESIAN_POINT('',(26.941660,-33.4,-14.565812575));
#10481 = SURFACE_CURVE('',#10482,(#10496,#10513),.PCURVE_S1.);
#10482 = B_SPLINE_CURVE_WITH_KNOTS('',3,(#10483,#10484,#10485,#10486,
    #10487,#10488,#10489,#10490,#10491,#10492,#10493,#10494,#10495),
  .UNSPECIFIED.,.F.,.F.,(4,3,3,3,4),(2.05284E-04,3.90887E-04,5.7649E-04,
    7.62092E-04,9.47695E-04),.UNSPECIFIED.);
#10483 = CARTESIAN_POINT('',(26.941660,-33.4,-14.565812575));
#10484 = CARTESIAN_POINT('',(26.872490,-33.4,-14.604453279));
#10485 = CARTESIAN_POINT('',(26.821427,-33.4,-14.657867084));
#10486 = CARTESIAN_POINT('',(26.796970,-33.4,-14.717497242));
#10487 = CARTESIAN_POINT('',(26.772514,-33.4,-14.777127399));
#10488 = CARTESIAN_POINT('',(26.775628,-33.4,-14.842657556));
#10489 = CARTESIAN_POINT('',(26.805431,-33.4,-14.900875514));
#10490 = CARTESIAN_POINT('',(26.835235,-33.4,-14.959093473));
#10491 = CARTESIAN_POINT('',(26.892162,-33.4,-15.010769416));
#10492 = CARTESIAN_POINT('',(26.963819,-33.4,-15.045769732));
#10493 = CARTESIAN_POINT('',(27.035475,-33.4,-15.080770048));
#10494 = CARTESIAN_POINT('',(27.123295,-33.4,-15.1));
#10495 = CARTESIAN_POINT('',(27.210276,-33.4,-15.1));
#10496 = PCURVE('',#1365,#10497);
#10497 = DEFINITIONAL_REPRESENTATION('',(#10498),#10512);
#10498 = B_SPLINE_CURVE_WITH_KNOTS('',3,(#10499,#10500,#10501,#10502,
    #10503,#10504,#10505,#10506,#10507,#10508,#10509,#10510,#10511),
  .UNSPECIFIED.,.F.,.F.,(4,3,3,3,4),(2.05284E-04,3.90887E-04,5.7649E-04,
    7.62092E-04,9.47695E-04),.UNSPECIFIED.);
#10499 = CARTESIAN_POINT('',(0.434187425,1.393483657));
#10500 = CARTESIAN_POINT('',(0.395546721,1.442780722));
#10501 = CARTESIAN_POINT('',(0.342132916,1.479173435));
#10502 = CARTESIAN_POINT('',(0.282502758,1.496603569));
#10503 = CARTESIAN_POINT('',(0.222872601,1.514033704));
#10504 = CARTESIAN_POINT('',(0.157342444,1.511814533));
#10505 = CARTESIAN_POINT('',(9.9124486E-02,1.49057356));
#10506 = CARTESIAN_POINT('',(4.0906527E-02,1.469332587));
#10507 = CARTESIAN_POINT('',(-1.0769416E-02,1.42876033));
#10508 = CARTESIAN_POINT('',(-4.5769732E-02,1.377691149));
#10509 = CARTESIAN_POINT('',(-8.0770048E-02,1.326621968));
#10510 = CARTESIAN_POINT('',(-1.E-01,1.264032297));
#10511 = CARTESIAN_POINT('',(-1.E-01,1.202041029));
#10512 = ( GEOMETRIC_REPRESENTATION_CONTEXT(2) 
PARAMETRIC_REPRESENTATION_CONTEXT() REPRESENTATION_CONTEXT('2D SPACE',''
  ) );
#10513 = PCURVE('',#10514,#10519);
#10514 = TOROIDAL_SURFACE('',#10515,10.,0.3);
#10515 = AXIS2_PLACEMENT_3D('',#10516,#10517,#10518);
#10516 = CARTESIAN_POINT('',(13.462583,-31.4,-14.8));
#10517 = DIRECTION('',(0.,0.,1.));
#10518 = DIRECTION('',(-1.,0.,0.));
#10519 = DEFINITIONAL_REPRESENTATION('',(#10520),#10546);
#10520 = B_SPLINE_CURVE_WITH_KNOTS('',3,(#10521,#10522,#10523,#10524,
    #10525,#10526,#10527,#10528,#10529,#10530,#10531,#10532,#10533,
    #10534,#10535,#10536,#10537,#10538,#10539,#10540,#10541,#10542,
    #10543,#10544,#10545),.UNSPECIFIED.,.F.,.F.,(4,1,1,1,1,1,1,1,1,1,1,1
    ,1,1,1,1,1,1,1,1,1,1,4),(2.05284E-04,2.390299545455E-04,
    2.727759090909E-04,3.065218636364E-04,3.402678181818E-04,
    3.740137727273E-04,4.077597272727E-04,4.415056818182E-04,
    4.752516363636E-04,5.089975909091E-04,5.427435454545E-04,
    5.764895E-04,6.102354545455E-04,6.439814090909E-04,
    6.777273636364E-04,7.114733181818E-04,7.452192727273E-04,
    7.789652272727E-04,8.127111818182E-04,8.464571363636E-04,
    8.802030909091E-04,9.139490454545E-04,9.47695E-04),
  .QUASI_UNIFORM_KNOTS.);
#10521 = CARTESIAN_POINT('',(2.936332707547,2.245927859829));
#10522 = CARTESIAN_POINT('',(2.936146529331,2.283391387853));
#10523 = CARTESIAN_POINT('',(2.935790895682,2.35820196453));
#10524 = CARTESIAN_POINT('',(2.935312994535,2.470222651906));
#10525 = CARTESIAN_POINT('',(2.934896026403,2.582218424683));
#10526 = CARTESIAN_POINT('',(2.934545365489,2.69430353695));
#10527 = CARTESIAN_POINT('',(2.934266269959,2.806596413627));
#10528 = CARTESIAN_POINT('',(2.934064134521,2.919361779447));
#10529 = CARTESIAN_POINT('',(2.93394491486,3.032413203612));
#10530 = CARTESIAN_POINT('',(2.933907567402,3.145685687306));
#10531 = CARTESIAN_POINT('',(2.933951909173,3.258952429456));
#10532 = CARTESIAN_POINT('',(2.934077354867,3.371998722362));
#10533 = CARTESIAN_POINT('',(2.934282930668,3.484548071107));
#10534 = CARTESIAN_POINT('',(2.934568507634,3.596959038412));
#10535 = CARTESIAN_POINT('',(2.934927535019,3.709603940869));
#10536 = CARTESIAN_POINT('',(2.935352358187,3.822201002359));
#10537 = CARTESIAN_POINT('',(2.935835558771,3.934491558151));
#10538 = CARTESIAN_POINT('',(2.936369745768,4.046225188736));
#10539 = CARTESIAN_POINT('',(2.936947306034,4.157125470895));
#10540 = CARTESIAN_POINT('',(2.937564662976,4.26828778732));
#10541 = CARTESIAN_POINT('',(2.938211430978,4.379566745594));
#10542 = CARTESIAN_POINT('',(2.938878365167,4.49081650364));
#10543 = CARTESIAN_POINT('',(2.939556164403,4.601820729427));
#10544 = CARTESIAN_POINT('',(2.940009329723,4.67558767059));
#10545 = CARTESIAN_POINT('',(2.940234732797,4.712388979951));
#10546 = ( GEOMETRIC_REPRESENTATION_CONTEXT(2) 
PARAMETRIC_REPRESENTATION_CONTEXT() REPRESENTATION_CONTEXT('2D SPACE',''
  ) );
#10547 = ORIENTED_EDGE('',*,*,#10548,.T.);
#10548 = EDGE_CURVE('',#10479,#2804,#10549,.T.);
#10549 = SURFACE_CURVE('',#10550,(#10561,#10575),.PCURVE_S1.);
#10550 = B_SPLINE_CURVE_WITH_KNOTS('',3,(#10551,#10552,#10553,#10554,
    #10555,#10556,#10557,#10558,#10559,#10560),.UNSPECIFIED.,.F.,.F.,(4,
    3,3,4),(0.,1.11832E-04,2.23664E-04,4.47328E-04),.UNSPECIFIED.);
#10551 = CARTESIAN_POINT('',(26.941660,-33.4,-14.565812575));
#10552 = CARTESIAN_POINT('',(26.983408,-33.4,-14.542490602));
#10553 = CARTESIAN_POINT('',(27.020776,-33.4,-14.51632561));
#10554 = CARTESIAN_POINT('',(27.053867,-33.4,-14.487384232));
#10555 = CARTESIAN_POINT('',(27.086958,-33.4,-14.458442854));
#10556 = CARTESIAN_POINT('',(27.115922,-33.4,-14.426341713));
#10557 = CARTESIAN_POINT('',(27.139072,-33.4,-14.392859826));
#10558 = CARTESIAN_POINT('',(27.185372,-33.4,-14.325896052));
#10559 = CARTESIAN_POINT('',(27.210276,-33.4,-14.251136001));
#10560 = CARTESIAN_POINT('',(27.210276,-33.4,-14.1755002));
#10561 = PCURVE('',#1365,#10562);
#10562 = DEFINITIONAL_REPRESENTATION('',(#10563),#10574);
#10563 = B_SPLINE_CURVE_WITH_KNOTS('',3,(#10564,#10565,#10566,#10567,
    #10568,#10569,#10570,#10571,#10572,#10573),.UNSPECIFIED.,.F.,.F.,(4,
    3,3,4),(0.,1.11832E-04,2.23664E-04,4.47328E-04),.UNSPECIFIED.);
#10564 = CARTESIAN_POINT('',(0.434187425,1.393483657));
#10565 = CARTESIAN_POINT('',(0.457509398,1.363729933));
#10566 = CARTESIAN_POINT('',(0.48367439,1.337097637));
#10567 = CARTESIAN_POINT('',(0.512615768,1.313513611));
#10568 = CARTESIAN_POINT('',(0.541557146,1.289929585));
#10569 = CARTESIAN_POINT('',(0.573658287,1.269287526));
#10570 = CARTESIAN_POINT('',(0.607140174,1.252788498));
#10571 = CARTESIAN_POINT('',(0.674103948,1.219790443));
#10572 = CARTESIAN_POINT('',(0.748863999,1.202041029));
#10573 = CARTESIAN_POINT('',(0.8244998,1.202041029));
#10574 = ( GEOMETRIC_REPRESENTATION_CONTEXT(2) 
PARAMETRIC_REPRESENTATION_CONTEXT() REPRESENTATION_CONTEXT('2D SPACE',''
  ) );
#10575 = PCURVE('',#2820,#10576);
#10576 = DEFINITIONAL_REPRESENTATION('',(#10577),#10603);
#10577 = B_SPLINE_CURVE_WITH_KNOTS('',3,(#10578,#10579,#10580,#10581,
    #10582,#10583,#10584,#10585,#10586,#10587,#10588,#10589,#10590,
    #10591,#10592,#10593,#10594,#10595,#10596,#10597,#10598,#10599,
    #10600,#10601,#10602),.UNSPECIFIED.,.F.,.F.,(4,1,1,1,1,1,1,1,1,1,1,1
    ,1,1,1,1,1,1,1,1,1,1,4),(0.,2.033309090909E-05,4.066618181818E-05,
    6.099927272727E-05,8.133236363636E-05,1.016654545455E-04,
    1.219985454545E-04,1.423316363636E-04,1.626647272727E-04,
    1.829978181818E-04,2.033309090909E-04,2.23664E-04,2.439970909091E-04
    ,2.643301818182E-04,2.846632727273E-04,3.049963636364E-04,
    3.253294545455E-04,3.456625454545E-04,3.659956363636E-04,
    3.863287272727E-04,4.066618181818E-04,4.269949090909E-04,4.47328E-04
    ),.QUASI_UNIFORM_KNOTS.);
#10578 = CARTESIAN_POINT('',(3.346852599633,0.895664794116));
#10579 = CARTESIAN_POINT('',(3.346740230452,0.882095607242));
#10580 = CARTESIAN_POINT('',(3.346520140729,0.855037297906));
#10581 = CARTESIAN_POINT('',(3.346203777228,0.81462316803));
#10582 = CARTESIAN_POINT('',(3.345901008661,0.77431548619));
#10583 = CARTESIAN_POINT('',(3.345611663499,0.734047460711));
#10584 = CARTESIAN_POINT('',(3.345335590961,0.693752348577));
#10585 = CARTESIAN_POINT('',(3.34507258947,0.653367406858));
#10586 = CARTESIAN_POINT('',(3.344822470053,0.612731663828));
#10587 = CARTESIAN_POINT('',(3.344586161343,0.571961854124));
#10588 = CARTESIAN_POINT('',(3.344364426217,0.531141066753));
#10589 = CARTESIAN_POINT('',(3.344157998795,0.490348248351));
#10590 = CARTESIAN_POINT('',(3.343967885351,0.449713666567));
#10591 = CARTESIAN_POINT('',(3.343794030849,0.409156128352));
#10592 = CARTESIAN_POINT('',(3.343635742956,0.368508024662));
#10593 = CARTESIAN_POINT('',(3.343493401398,0.327811640083));
#10594 = CARTESIAN_POINT('',(3.343367106395,0.28705418771));
#10595 = CARTESIAN_POINT('',(3.343257041163,0.246238273314));
#10596 = CARTESIAN_POINT('',(3.34316337514,0.205362478535));
#10597 = CARTESIAN_POINT('',(3.343086290318,0.164426020554));
#10598 = CARTESIAN_POINT('',(3.343025974504,0.123426989857));
#10599 = CARTESIAN_POINT('',(3.342982623805,8.236222417838E-02));
#10600 = CARTESIAN_POINT('',(3.342956441372,4.122710661934E-02));
#10601 = CARTESIAN_POINT('',(3.342950575104,1.375176817088E-02));
#10602 = CARTESIAN_POINT('',(3.342950574383,0.));
#10603 = ( GEOMETRIC_REPRESENTATION_CONTEXT(2) 
PARAMETRIC_REPRESENTATION_CONTEXT() REPRESENTATION_CONTEXT('2D SPACE',''
  ) );
#10604 = ORIENTED_EDGE('',*,*,#2832,.T.);
#10605 = ORIENTED_EDGE('',*,*,#1349,.T.);
#10606 = ORIENTED_EDGE('',*,*,#8879,.F.);
#10607 = ADVANCED_FACE('',(#10608),#1422,.T.);
#10608 = FACE_BOUND('',#10609,.T.);
#10609 = EDGE_LOOP('',(#10610,#10611,#10670,#10735,#10756,#10757));
#10610 = ORIENTED_EDGE('',*,*,#2780,.F.);
#10611 = ORIENTED_EDGE('',*,*,#10612,.T.);
#10612 = EDGE_CURVE('',#2781,#10613,#10615,.T.);
#10613 = VERTEX_POINT('',#10614);
#10614 = CARTESIAN_POINT('',(16.268820,-41.006516343,-14.565812575));
#10615 = SURFACE_CURVE('',#10616,(#10627,#10641),.PCURVE_S1.);
#10616 = B_SPLINE_CURVE_WITH_KNOTS('',3,(#10617,#10618,#10619,#10620,
    #10621,#10622,#10623,#10624,#10625,#10626),.UNSPECIFIED.,.F.,.F.,(4,
    3,3,4),(0.,1.11817E-04,2.23634E-04,4.47267E-04),.UNSPECIFIED.);
#10617 = CARTESIAN_POINT('',(16.268820,-41.197958971,-14.1755002));
#10618 = CARTESIAN_POINT('',(16.268820,-41.197958971,-14.213313536));
#10619 = CARTESIAN_POINT('',(16.268820,-41.193636948,-14.250387779));
#10620 = CARTESIAN_POINT('',(16.268820,-41.185165987,-14.286752527));
#10621 = CARTESIAN_POINT('',(16.268820,-41.176695026,-14.323117275));
#10622 = CARTESIAN_POINT('',(16.268820,-41.163841715,-14.359051559));
#10623 = CARTESIAN_POINT('',(16.268820,-41.147366698,-14.392544602));
#10624 = CARTESIAN_POINT('',(16.268820,-41.114416664,-14.459530688));
#10625 = CARTESIAN_POINT('',(16.268820,-41.066020351,-14.519171326));
#10626 = CARTESIAN_POINT('',(16.268820,-41.006516343,-14.565812575));
#10627 = PCURVE('',#1422,#10628);
#10628 = DEFINITIONAL_REPRESENTATION('',(#10629),#10640);
#10629 = B_SPLINE_CURVE_WITH_KNOTS('',3,(#10630,#10631,#10632,#10633,
    #10634,#10635,#10636,#10637,#10638,#10639),.UNSPECIFIED.,.F.,.F.,(4,
    3,3,4),(0.,1.11817E-04,2.23634E-04,4.47267E-04),.UNSPECIFIED.);
#10630 = CARTESIAN_POINT('',(0.8244998,1.202041029));
#10631 = CARTESIAN_POINT('',(0.786686464,1.202041029));
#10632 = CARTESIAN_POINT('',(0.749612221,1.206363052));
#10633 = CARTESIAN_POINT('',(0.713247473,1.214834013));
#10634 = CARTESIAN_POINT('',(0.676882725,1.223304974));
#10635 = CARTESIAN_POINT('',(0.640948441,1.236158285));
#10636 = CARTESIAN_POINT('',(0.607455398,1.252633302));
#10637 = CARTESIAN_POINT('',(0.540469312,1.285583336));
#10638 = CARTESIAN_POINT('',(0.480828674,1.333979649));
#10639 = CARTESIAN_POINT('',(0.434187425,1.393483657));
#10640 = ( GEOMETRIC_REPRESENTATION_CONTEXT(2) 
PARAMETRIC_REPRESENTATION_CONTEXT() REPRESENTATION_CONTEXT('2D SPACE',''
  ) );
#10641 = PCURVE('',#2820,#10642);
#10642 = DEFINITIONAL_REPRESENTATION('',(#10643),#10669);
#10643 = B_SPLINE_CURVE_WITH_KNOTS('',3,(#10644,#10645,#10646,#10647,
    #10648,#10649,#10650,#10651,#10652,#10653,#10654,#10655,#10656,
    #10657,#10658,#10659,#10660,#10661,#10662,#10663,#10664,#10665,
    #10666,#10667,#10668),.UNSPECIFIED.,.F.,.F.,(4,1,1,1,1,1,1,1,1,1,1,1
    ,1,1,1,1,1,1,1,1,1,1,4),(0.,2.033031818182E-05,4.066063636364E-05,
    6.099095454545E-05,8.132127272727E-05,1.016515909091E-04,
    1.219819090909E-04,1.423122272727E-04,1.626425454545E-04,
    1.829728636364E-04,2.033031818182E-04,2.236335E-04,
    2.439638181818E-04,2.642941363636E-04,2.846244545455E-04,
    3.049547727273E-04,3.252850909091E-04,3.456154090909E-04,
    3.659457272727E-04,3.862760454545E-04,4.066063636364E-04,
    4.269366818182E-04,4.47267E-04),.QUASI_UNIFORM_KNOTS.);
#10644 = CARTESIAN_POINT('',(4.511031059592,0.));
#10645 = CARTESIAN_POINT('',(4.511031058892,1.375027971108E-02));
#10646 = CARTESIAN_POINT('',(4.511025345062,4.115306327443E-02));
#10647 = CARTESIAN_POINT('',(4.51099974877,8.2034048474E-02));
#10648 = CARTESIAN_POINT('',(4.510957240225,0.122762125836));
#10649 = CARTESIAN_POINT('',(4.510897927295,0.163407070599));
#10650 = CARTESIAN_POINT('',(4.510821888518,0.204037514293));
#10651 = CARTESIAN_POINT('',(4.510729276789,0.244719962313));
#10652 = CARTESIAN_POINT('',(4.510619286165,0.285597226633));
#10653 = CARTESIAN_POINT('',(4.510492559452,0.326555394069));
#10654 = CARTESIAN_POINT('',(4.510349558261,0.367511211074));
#10655 = CARTESIAN_POINT('',(4.510190734647,0.408385588423));
#10656 = CARTESIAN_POINT('',(4.510016730429,0.449047786422));
#10657 = CARTESIAN_POINT('',(4.509827413025,0.489576685607));
#10658 = CARTESIAN_POINT('',(4.509622484534,0.530140842365));
#10659 = CARTESIAN_POINT('',(4.509402413497,0.570700900096));
#10660 = CARTESIAN_POINT('',(4.50916745836,0.611271529249));
#10661 = CARTESIAN_POINT('',(4.508917929756,0.651851728761));
#10662 = CARTESIAN_POINT('',(4.508654120831,0.692443998195));
#10663 = CARTESIAN_POINT('',(4.508376326505,0.733049708068));
#10664 = CARTESIAN_POINT('',(4.50808483889,0.773670830519));
#10665 = CARTESIAN_POINT('',(4.507779949082,0.814310034583));
#10666 = CARTESIAN_POINT('',(4.507461947246,0.854970946968));
#10667 = CARTESIAN_POINT('',(4.507241397808,0.882096549647));
#10668 = CARTESIAN_POINT('',(4.507129034342,0.895664794116));
#10669 = ( GEOMETRIC_REPRESENTATION_CONTEXT(2) 
PARAMETRIC_REPRESENTATION_CONTEXT() REPRESENTATION_CONTEXT('2D SPACE',''
  ) );
#10670 = ORIENTED_EDGE('',*,*,#10671,.T.);
#10671 = EDGE_CURVE('',#10613,#10672,#10674,.T.);
#10672 = VERTEX_POINT('',#10673);
#10673 = CARTESIAN_POINT('',(16.268820,-41.197958971,-15.1));
#10674 = SURFACE_CURVE('',#10675,(#10689,#10706),.PCURVE_S1.);
#10675 = B_SPLINE_CURVE_WITH_KNOTS('',3,(#10676,#10677,#10678,#10679,
    #10680,#10681,#10682,#10683,#10684,#10685,#10686,#10687,#10688),
  .UNSPECIFIED.,.F.,.F.,(4,3,3,3,4),(2.05284E-04,3.90887E-04,5.7649E-04,
    7.62092E-04,9.47695E-04),.UNSPECIFIED.);
#10676 = CARTESIAN_POINT('',(16.268820,-41.006516343,-14.565812575));
#10677 = CARTESIAN_POINT('',(16.268820,-40.957219278,-14.604453279));
#10678 = CARTESIAN_POINT('',(16.268820,-40.920826565,-14.657867084));
#10679 = CARTESIAN_POINT('',(16.268820,-40.903396431,-14.717497242));
#10680 = CARTESIAN_POINT('',(16.268820,-40.885966296,-14.777127399));
#10681 = CARTESIAN_POINT('',(16.268820,-40.888185467,-14.842657556));
#10682 = CARTESIAN_POINT('',(16.268820,-40.90942644,-14.900875514));
#10683 = CARTESIAN_POINT('',(16.268820,-40.930667413,-14.959093473));
#10684 = CARTESIAN_POINT('',(16.268820,-40.97123967,-15.010769416));
#10685 = CARTESIAN_POINT('',(16.268820,-41.022308851,-15.045769732));
#10686 = CARTESIAN_POINT('',(16.268820,-41.073378032,-15.080770048));
#10687 = CARTESIAN_POINT('',(16.268820,-41.135967703,-15.1));
#10688 = CARTESIAN_POINT('',(16.268820,-41.197958971,-15.1));
#10689 = PCURVE('',#1422,#10690);
#10690 = DEFINITIONAL_REPRESENTATION('',(#10691),#10705);
#10691 = B_SPLINE_CURVE_WITH_KNOTS('',3,(#10692,#10693,#10694,#10695,
    #10696,#10697,#10698,#10699,#10700,#10701,#10702,#10703,#10704),
  .UNSPECIFIED.,.F.,.F.,(4,3,3,3,4),(2.05284E-04,3.90887E-04,5.7649E-04,
    7.62092E-04,9.47695E-04),.UNSPECIFIED.);
#10692 = CARTESIAN_POINT('',(0.434187425,1.393483657));
#10693 = CARTESIAN_POINT('',(0.395546721,1.442780722));
#10694 = CARTESIAN_POINT('',(0.342132916,1.479173435));
#10695 = CARTESIAN_POINT('',(0.282502758,1.496603569));
#10696 = CARTESIAN_POINT('',(0.222872601,1.514033704));
#10697 = CARTESIAN_POINT('',(0.157342444,1.511814533));
#10698 = CARTESIAN_POINT('',(9.9124486E-02,1.49057356));
#10699 = CARTESIAN_POINT('',(4.0906527E-02,1.469332587));
#10700 = CARTESIAN_POINT('',(-1.0769416E-02,1.42876033));
#10701 = CARTESIAN_POINT('',(-4.5769732E-02,1.377691149));
#10702 = CARTESIAN_POINT('',(-8.0770048E-02,1.326621968));
#10703 = CARTESIAN_POINT('',(-1.E-01,1.264032297));
#10704 = CARTESIAN_POINT('',(-1.E-01,1.202041029));
#10705 = ( GEOMETRIC_REPRESENTATION_CONTEXT(2) 
PARAMETRIC_REPRESENTATION_CONTEXT() REPRESENTATION_CONTEXT('2D SPACE',''
  ) );
#10706 = PCURVE('',#10514,#10707);
#10707 = DEFINITIONAL_REPRESENTATION('',(#10708),#10734);
#10708 = B_SPLINE_CURVE_WITH_KNOTS('',3,(#10709,#10710,#10711,#10712,
    #10713,#10714,#10715,#10716,#10717,#10718,#10719,#10720,#10721,
    #10722,#10723,#10724,#10725,#10726,#10727,#10728,#10729,#10730,
    #10731,#10732,#10733),.UNSPECIFIED.,.F.,.F.,(4,1,1,1,1,1,1,1,1,1,1,1
    ,1,1,1,1,1,1,1,1,1,1,4),(2.05284E-04,2.390299545455E-04,
    2.727759090909E-04,3.065218636364E-04,3.402678181818E-04,
    3.740137727273E-04,4.077597272727E-04,4.415056818182E-04,
    4.752516363636E-04,5.089975909091E-04,5.427435454545E-04,
    5.764895E-04,6.102354545455E-04,6.439814090909E-04,
    6.777273636364E-04,7.114733181818E-04,7.452192727273E-04,
    7.789652272727E-04,8.127111818182E-04,8.464571363636E-04,
    8.802030909091E-04,9.139490454545E-04,9.47695E-04),
  .QUASI_UNIFORM_KNOTS.);
#10709 = CARTESIAN_POINT('',(1.776056272838,2.245927859829));
#10710 = CARTESIAN_POINT('',(1.776242451053,2.283391387853));
#10711 = CARTESIAN_POINT('',(1.776598084702,2.35820196453));
#10712 = CARTESIAN_POINT('',(1.777075985849,2.470222651906));
#10713 = CARTESIAN_POINT('',(1.777492953982,2.582218424683));
#10714 = CARTESIAN_POINT('',(1.777843614895,2.69430353695));
#10715 = CARTESIAN_POINT('',(1.778122710426,2.806596413627));
#10716 = CARTESIAN_POINT('',(1.778324845864,2.919361779447));
#10717 = CARTESIAN_POINT('',(1.778444065525,3.032413203612));
#10718 = CARTESIAN_POINT('',(1.778481412983,3.145685687306));
#10719 = CARTESIAN_POINT('',(1.778437071212,3.258952429456));
#10720 = CARTESIAN_POINT('',(1.778311625518,3.371998722362));
#10721 = CARTESIAN_POINT('',(1.778106049717,3.484548071107));
#10722 = CARTESIAN_POINT('',(1.777820472751,3.596959038412));
#10723 = CARTESIAN_POINT('',(1.777461445366,3.709603940869));
#10724 = CARTESIAN_POINT('',(1.777036622198,3.822201002359));
#10725 = CARTESIAN_POINT('',(1.776553421613,3.934491558151));
#10726 = CARTESIAN_POINT('',(1.776019234617,4.046225188736));
#10727 = CARTESIAN_POINT('',(1.775441674351,4.157125470895));
#10728 = CARTESIAN_POINT('',(1.774824317409,4.26828778732));
#10729 = CARTESIAN_POINT('',(1.774177549407,4.379566745594));
#10730 = CARTESIAN_POINT('',(1.773510615218,4.49081650364));
#10731 = CARTESIAN_POINT('',(1.772832815981,4.601820729427));
#10732 = CARTESIAN_POINT('',(1.772379650662,4.67558767059));
#10733 = CARTESIAN_POINT('',(1.772154247588,4.712388979951));
#10734 = ( GEOMETRIC_REPRESENTATION_CONTEXT(2) 
PARAMETRIC_REPRESENTATION_CONTEXT() REPRESENTATION_CONTEXT('2D SPACE',''
  ) );
#10735 = ORIENTED_EDGE('',*,*,#10736,.T.);
#10736 = EDGE_CURVE('',#10672,#8828,#10737,.T.);
#10737 = SURFACE_CURVE('',#10738,(#10742,#10749),.PCURVE_S1.);
#10738 = LINE('',#10739,#10740);
#10739 = CARTESIAN_POINT('',(16.268820,-41.197958971,-15.1));
#10740 = VECTOR('',#10741,1.);
#10741 = DIRECTION('',(-0.,-1.,0.));
#10742 = PCURVE('',#1422,#10743);
#10743 = DEFINITIONAL_REPRESENTATION('',(#10744),#10748);
#10744 = LINE('',#10745,#10746);
#10745 = CARTESIAN_POINT('',(-1.E-01,1.202041029));
#10746 = VECTOR('',#10747,1.);
#10747 = DIRECTION('',(0.,-1.));
#10748 = ( GEOMETRIC_REPRESENTATION_CONTEXT(2) 
PARAMETRIC_REPRESENTATION_CONTEXT() REPRESENTATION_CONTEXT('2D SPACE',''
  ) );
#10749 = PCURVE('',#8867,#10750);
#10750 = DEFINITIONAL_REPRESENTATION('',(#10751),#10755);
#10751 = LINE('',#10752,#10753);
#10752 = CARTESIAN_POINT('',(-12.45,-26.997958971));
#10753 = VECTOR('',#10754,1.);
#10754 = DIRECTION('',(0.,-1.));
#10755 = ( GEOMETRIC_REPRESENTATION_CONTEXT(2) 
PARAMETRIC_REPRESENTATION_CONTEXT() REPRESENTATION_CONTEXT('2D SPACE',''
  ) );
#10756 = ORIENTED_EDGE('',*,*,#8827,.T.);
#10757 = ORIENTED_EDGE('',*,*,#1406,.F.);
#10758 = ADVANCED_FACE('',(#10759),#8867,.T.);
#10759 = FACE_BOUND('',#10760,.T.);
#10760 = EDGE_LOOP('',(#10761,#10762,#10788,#10789));
#10761 = ORIENTED_EDGE('',*,*,#10736,.F.);
#10762 = ORIENTED_EDGE('',*,*,#10763,.T.);
#10763 = EDGE_CURVE('',#10672,#10456,#10764,.T.);
#10764 = SURFACE_CURVE('',#10765,(#10770,#10781),.PCURVE_S1.);
#10765 = CIRCLE('',#10766,10.);
#10766 = AXIS2_PLACEMENT_3D('',#10767,#10768,#10769);
#10767 = CARTESIAN_POINT('',(13.462583,-31.4,-15.1));
#10768 = DIRECTION('',(0.,0.,1.));
#10769 = DIRECTION('',(-0.,1.,0.));
#10770 = PCURVE('',#8867,#10771);
#10771 = DEFINITIONAL_REPRESENTATION('',(#10772),#10780);
#10772 = ( BOUNDED_CURVE() B_SPLINE_CURVE(2,(#10773,#10774,#10775,#10776
    ,#10777,#10778,#10779),.UNSPECIFIED.,.T.,.F.) 
B_SPLINE_CURVE_WITH_KNOTS((1,2,2,2,2,1),(-2.094395102393,0.,
    2.094395102393,4.188790204786,6.28318530718,8.377580409573),
.UNSPECIFIED.) CURVE() GEOMETRIC_REPRESENTATION_ITEM() 
RATIONAL_B_SPLINE_CURVE((1.,0.5,1.,0.5,1.,0.5,1.)) REPRESENTATION_ITEM(
  '') );
#10773 = CARTESIAN_POINT('',(-10.45,-7.2));
#10774 = CARTESIAN_POINT('',(6.870508075689,-7.2));
#10775 = CARTESIAN_POINT('',(-1.789745962156,-22.2));
#10776 = CARTESIAN_POINT('',(-10.45,-37.2));
#10777 = CARTESIAN_POINT('',(-19.11025403784,-22.2));
#10778 = CARTESIAN_POINT('',(-27.77050807568,-7.2));
#10779 = CARTESIAN_POINT('',(-10.45,-7.2));
#10780 = ( GEOMETRIC_REPRESENTATION_CONTEXT(2) 
PARAMETRIC_REPRESENTATION_CONTEXT() REPRESENTATION_CONTEXT('2D SPACE',''
  ) );
#10781 = PCURVE('',#10514,#10782);
#10782 = DEFINITIONAL_REPRESENTATION('',(#10783),#10787);
#10783 = LINE('',#10784,#10785);
#10784 = CARTESIAN_POINT('',(-1.570796326795,4.712388980385));
#10785 = VECTOR('',#10786,1.);
#10786 = DIRECTION('',(1.,-9.884866327543E-15));
#10787 = ( GEOMETRIC_REPRESENTATION_CONTEXT(2) 
PARAMETRIC_REPRESENTATION_CONTEXT() REPRESENTATION_CONTEXT('2D SPACE',''
  ) );
#10788 = ORIENTED_EDGE('',*,*,#10455,.T.);
#10789 = ORIENTED_EDGE('',*,*,#8850,.T.);
#10790 = ADVANCED_FACE('',(#10791),#2958,.F.);
#10791 = FACE_BOUND('',#10792,.T.);
#10792 = EDGE_LOOP('',(#10793,#10816,#10886,#10943,#10944,#10945));
#10793 = ORIENTED_EDGE('',*,*,#10794,.F.);
#10794 = EDGE_CURVE('',#10795,#8953,#10797,.T.);
#10795 = VERTEX_POINT('',#10796);
#10796 = CARTESIAN_POINT('',(-18.809131,-41.177013859,-15.1));
#10797 = SURFACE_CURVE('',#10798,(#10802,#10809),.PCURVE_S1.);
#10798 = LINE('',#10799,#10800);
#10799 = CARTESIAN_POINT('',(-18.809131,-41.177013859,-15.1));
#10800 = VECTOR('',#10801,1.);
#10801 = DIRECTION('',(-0.,-1.,0.));
#10802 = PCURVE('',#2958,#10803);
#10803 = DEFINITIONAL_REPRESENTATION('',(#10804),#10808);
#10804 = LINE('',#10805,#10806);
#10805 = CARTESIAN_POINT('',(1.222986141,1.E-01));
#10806 = VECTOR('',#10807,1.);
#10807 = DIRECTION('',(-1.,-0.));
#10808 = ( GEOMETRIC_REPRESENTATION_CONTEXT(2) 
PARAMETRIC_REPRESENTATION_CONTEXT() REPRESENTATION_CONTEXT('2D SPACE',''
  ) );
#10809 = PCURVE('',#8969,#10810);
#10810 = DEFINITIONAL_REPRESENTATION('',(#10811),#10815);
#10811 = LINE('',#10812,#10813);
#10812 = CARTESIAN_POINT('',(12.55,-26.977013859));
#10813 = VECTOR('',#10814,1.);
#10814 = DIRECTION('',(0.,-1.));
#10815 = ( GEOMETRIC_REPRESENTATION_CONTEXT(2) 
PARAMETRIC_REPRESENTATION_CONTEXT() REPRESENTATION_CONTEXT('2D SPACE',''
  ) );
#10816 = ORIENTED_EDGE('',*,*,#10817,.F.);
#10817 = EDGE_CURVE('',#10818,#10795,#10820,.T.);
#10818 = VERTEX_POINT('',#10819);
#10819 = CARTESIAN_POINT('',(-18.809131,-40.985152907,-14.565812575));
#10820 = SURFACE_CURVE('',#10821,(#10835,#10852),.PCURVE_S1.);
#10821 = B_SPLINE_CURVE_WITH_KNOTS('',3,(#10822,#10823,#10824,#10825,
    #10826,#10827,#10828,#10829,#10830,#10831,#10832,#10833,#10834),
  .UNSPECIFIED.,.F.,.F.,(4,3,3,3,4),(2.05678E-04,3.91441E-04,5.77205E-04
    ,7.62968E-04,9.48732E-04),.UNSPECIFIED.);
#10822 = CARTESIAN_POINT('',(-18.809131,-40.985152907,-14.565812575));
#10823 = CARTESIAN_POINT('',(-18.809131,-40.935781626,-14.604425391));
#10824 = CARTESIAN_POINT('',(-18.809131,-40.899266636,-14.657860861));
#10825 = CARTESIAN_POINT('',(-18.809131,-40.881793399,-14.717522023));
#10826 = CARTESIAN_POINT('',(-18.809131,-40.864320162,-14.777183185));
#10827 = CARTESIAN_POINT('',(-18.809131,-40.866568192,-14.842804463));
#10828 = CARTESIAN_POINT('',(-18.809131,-40.887906953,-14.90104643));
#10829 = CARTESIAN_POINT('',(-18.809131,-40.909245715,-14.959288397));
#10830 = CARTESIAN_POINT('',(-18.809131,-40.949963856,-15.010929781));
#10831 = CARTESIAN_POINT('',(-18.809131,-41.00113938,-15.045878269));
#10832 = CARTESIAN_POINT('',(-18.809131,-41.052314904,-15.080826757));
#10833 = CARTESIAN_POINT('',(-18.809131,-41.114968365,-15.1));
#10834 = CARTESIAN_POINT('',(-18.809131,-41.177013859,-15.1));
#10835 = PCURVE('',#2958,#10836);
#10836 = DEFINITIONAL_REPRESENTATION('',(#10837),#10851);
#10837 = B_SPLINE_CURVE_WITH_KNOTS('',3,(#10838,#10839,#10840,#10841,
    #10842,#10843,#10844,#10845,#10846,#10847,#10848,#10849,#10850),
  .UNSPECIFIED.,.F.,.F.,(4,3,3,3,4),(2.05678E-04,3.91441E-04,5.77205E-04
    ,7.62968E-04,9.48732E-04),.UNSPECIFIED.);
#10838 = CARTESIAN_POINT('',(1.414847093,-0.434187425));
#10839 = CARTESIAN_POINT('',(1.464218374,-0.395574609));
#10840 = CARTESIAN_POINT('',(1.500733364,-0.342139139));
#10841 = CARTESIAN_POINT('',(1.518206601,-0.282477977));
#10842 = CARTESIAN_POINT('',(1.535679838,-0.222816815));
#10843 = CARTESIAN_POINT('',(1.533431808,-0.157195537));
#10844 = CARTESIAN_POINT('',(1.512093047,-9.895357E-02));
#10845 = CARTESIAN_POINT('',(1.490754285,-4.0711603E-02));
#10846 = CARTESIAN_POINT('',(1.450036144,1.0929781E-02));
#10847 = CARTESIAN_POINT('',(1.39886062,4.5878269E-02));
#10848 = CARTESIAN_POINT('',(1.347685096,8.0826757E-02));
#10849 = CARTESIAN_POINT('',(1.285031635,1.E-01));
#10850 = CARTESIAN_POINT('',(1.222986141,1.E-01));
#10851 = ( GEOMETRIC_REPRESENTATION_CONTEXT(2) 
PARAMETRIC_REPRESENTATION_CONTEXT() REPRESENTATION_CONTEXT('2D SPACE',''
  ) );
#10852 = PCURVE('',#10853,#10858);
#10853 = TOROIDAL_SURFACE('',#10854,10.,0.3);
#10854 = AXIS2_PLACEMENT_3D('',#10855,#10856,#10857);
#10855 = CARTESIAN_POINT('',(-15.862584,-31.4,-14.8));
#10856 = DIRECTION('',(0.,0.,1.));
#10857 = DIRECTION('',(1.,0.,-0.));
#10858 = DEFINITIONAL_REPRESENTATION('',(#10859),#10885);
#10859 = B_SPLINE_CURVE_WITH_KNOTS('',3,(#10860,#10861,#10862,#10863,
    #10864,#10865,#10866,#10867,#10868,#10869,#10870,#10871,#10872,
    #10873,#10874,#10875,#10876,#10877,#10878,#10879,#10880,#10881,
    #10882,#10883,#10884),.UNSPECIFIED.,.F.,.F.,(4,1,1,1,1,1,1,1,1,1,1,1
    ,1,1,1,1,1,1,1,1,1,1,4),(2.05678E-04,2.394531818182E-04,
    2.732283636364E-04,3.070035454545E-04,3.407787272727E-04,
    3.745539090909E-04,4.083290909091E-04,4.421042727273E-04,
    4.758794545455E-04,5.096546363636E-04,5.434298181818E-04,5.77205E-04
    ,6.109801818182E-04,6.447553636364E-04,6.785305454545E-04,
    7.123057272727E-04,7.460809090909E-04,7.798560909091E-04,
    8.136312727273E-04,8.474064545455E-04,8.811816363636E-04,
    9.149568181818E-04,9.48732E-04),.QUASI_UNIFORM_KNOTS.);
#10860 = CARTESIAN_POINT('',(4.496707940306,2.245927859531));
#10861 = CARTESIAN_POINT('',(4.496512158284,2.28336445956));
#10862 = CARTESIAN_POINT('',(4.496138082406,2.358140817786));
#10863 = CARTESIAN_POINT('',(4.49563518338,2.470155787733));
#10864 = CARTESIAN_POINT('',(4.495196251053,2.582178065586));
#10865 = CARTESIAN_POINT('',(4.494827031673,2.694308816447));
#10866 = CARTESIAN_POINT('',(4.494533145668,2.80665698188));
#10867 = CARTESIAN_POINT('',(4.494320377144,2.919476595139));
#10868 = CARTESIAN_POINT('',(4.494194992637,3.032615937101));
#10869 = CARTESIAN_POINT('',(4.494155886841,3.145994953783));
#10870 = CARTESIAN_POINT('',(4.494202868249,3.259374354509));
#10871 = CARTESIAN_POINT('',(4.494335313988,3.372525409181));
#10872 = CARTESIAN_POINT('',(4.494552212802,3.485159398061));
#10873 = CARTESIAN_POINT('',(4.494853365504,3.597627093861));
#10874 = CARTESIAN_POINT('',(4.495231762487,3.710305107662));
#10875 = CARTESIAN_POINT('',(4.495679310204,3.822913172946));
#10876 = CARTESIAN_POINT('',(4.496188143831,3.935192365597));
#10877 = CARTESIAN_POINT('',(4.496750436866,4.046890529422));
#10878 = CARTESIAN_POINT('',(4.497358119825,4.157726225623));
#10879 = CARTESIAN_POINT('',(4.498007403656,4.268797007002));
#10880 = CARTESIAN_POINT('',(4.498687423731,4.379964413488));
#10881 = CARTESIAN_POINT('',(4.499388498653,4.491088742354));
#10882 = CARTESIAN_POINT('',(4.500100891048,4.601959494401));
#10883 = CARTESIAN_POINT('',(4.500577140593,4.675634069015));
#10884 = CARTESIAN_POINT('',(4.500814020626,4.712388980231));
#10885 = ( GEOMETRIC_REPRESENTATION_CONTEXT(2) 
PARAMETRIC_REPRESENTATION_CONTEXT() REPRESENTATION_CONTEXT('2D SPACE',''
  ) );
#10886 = ORIENTED_EDGE('',*,*,#10887,.T.);
#10887 = EDGE_CURVE('',#10818,#2916,#10888,.T.);
#10888 = SURFACE_CURVE('',#10889,(#10900,#10914),.PCURVE_S1.);
#10889 = B_SPLINE_CURVE_WITH_KNOTS('',3,(#10890,#10891,#10892,#10893,
    #10894,#10895,#10896,#10897,#10898,#10899),.UNSPECIFIED.,.F.,.F.,(4,
    3,3,4),(0.,1.11891E-04,2.23782E-04,4.47564E-04),.UNSPECIFIED.);
#10890 = CARTESIAN_POINT('',(-18.809131,-40.985152907,-14.565812575));
#10891 = CARTESIAN_POINT('',(-18.809131,-41.014946817,-14.542511037));
#10892 = CARTESIAN_POINT('',(-18.809131,-41.041625338,-14.516364953));
#10893 = CARTESIAN_POINT('',(-18.809131,-41.065256829,-14.487436736));
#10894 = CARTESIAN_POINT('',(-18.809131,-41.088888319,-14.45850852));
#10895 = CARTESIAN_POINT('',(-18.809131,-41.109579439,-14.426414644));
#10896 = CARTESIAN_POINT('',(-18.809131,-41.126120786,-14.392933358));
#10897 = CARTESIAN_POINT('',(-18.809131,-41.15920348,-14.325970788));
#10898 = CARTESIAN_POINT('',(-18.809131,-41.177013859,-14.251176907));
#10899 = CARTESIAN_POINT('',(-18.809131,-41.177013859,-14.1755002));
#10900 = PCURVE('',#2958,#10901);
#10901 = DEFINITIONAL_REPRESENTATION('',(#10902),#10913);
#10902 = B_SPLINE_CURVE_WITH_KNOTS('',3,(#10903,#10904,#10905,#10906,
    #10907,#10908,#10909,#10910,#10911,#10912),.UNSPECIFIED.,.F.,.F.,(4,
    3,3,4),(0.,1.11891E-04,2.23782E-04,4.47564E-04),.UNSPECIFIED.);
#10903 = CARTESIAN_POINT('',(1.414847093,-0.434187425));
#10904 = CARTESIAN_POINT('',(1.385053183,-0.457488963));
#10905 = CARTESIAN_POINT('',(1.358374662,-0.483635047));
#10906 = CARTESIAN_POINT('',(1.334743171,-0.512563264));
#10907 = CARTESIAN_POINT('',(1.311111681,-0.54149148));
#10908 = CARTESIAN_POINT('',(1.290420561,-0.573585356));
#10909 = CARTESIAN_POINT('',(1.273879214,-0.607066642));
#10910 = CARTESIAN_POINT('',(1.24079652,-0.674029212));
#10911 = CARTESIAN_POINT('',(1.222986141,-0.748823093));
#10912 = CARTESIAN_POINT('',(1.222986141,-0.8244998));
#10913 = ( GEOMETRIC_REPRESENTATION_CONTEXT(2) 
PARAMETRIC_REPRESENTATION_CONTEXT() REPRESENTATION_CONTEXT('2D SPACE',''
  ) );
#10914 = PCURVE('',#2932,#10915);
#10915 = DEFINITIONAL_REPRESENTATION('',(#10916),#10942);
#10916 = B_SPLINE_CURVE_WITH_KNOTS('',3,(#10917,#10918,#10919,#10920,
    #10921,#10922,#10923,#10924,#10925,#10926,#10927,#10928,#10929,
    #10930,#10931,#10932,#10933,#10934,#10935,#10936,#10937,#10938,
    #10939,#10940,#10941),.UNSPECIFIED.,.F.,.F.,(4,1,1,1,1,1,1,1,1,1,1,1
    ,1,1,1,1,1,1,1,1,1,1,4),(0.,2.034381818182E-05,4.068763636364E-05,
    6.103145454545E-05,8.137527272727E-05,1.017190909091E-04,
    1.220629090909E-04,1.424067272727E-04,1.627505454545E-04,
    1.830943636364E-04,2.034381818182E-04,2.23782E-04,2.441258181818E-04
    ,2.644696363636E-04,2.848134545455E-04,3.051572727273E-04,
    3.255010909091E-04,3.458449090909E-04,3.661887272727E-04,
    3.865325454545E-04,4.068763636364E-04,4.272201818182E-04,4.47564E-04
    ),.QUASI_UNIFORM_KNOTS.);
#10917 = CARTESIAN_POINT('',(4.928070020463,0.895664793938));
#10918 = CARTESIAN_POINT('',(4.92795187346,0.882107493736));
#10919 = CARTESIAN_POINT('',(4.927720452021,0.855071470962));
#10920 = CARTESIAN_POINT('',(4.927387758017,0.814686525341));
#10921 = CARTESIAN_POINT('',(4.927069321268,0.774404012041));
#10922 = CARTESIAN_POINT('',(4.926764965612,0.734157316398));
#10923 = CARTESIAN_POINT('',(4.926474536644,0.693879839624));
#10924 = CARTESIAN_POINT('',(4.926197826444,0.653508921303));
#10925 = CARTESIAN_POINT('',(4.925934639941,0.612883677404));
#10926 = CARTESIAN_POINT('',(4.925685959084,0.572121125081));
#10927 = CARTESIAN_POINT('',(4.925452591203,0.531304585132));
#10928 = CARTESIAN_POINT('',(4.925235313314,0.490513173039));
#10929 = CARTESIAN_POINT('',(4.92503518885,0.449877456984));
#10930 = CARTESIAN_POINT('',(4.924852164027,0.409315891096));
#10931 = CARTESIAN_POINT('',(4.924685513091,0.368660667743));
#10932 = CARTESIAN_POINT('',(4.924535638719,0.327954498891));
#10933 = CARTESIAN_POINT('',(4.92440264935,0.287184855681));
#10934 = CARTESIAN_POINT('',(4.924286740769,0.246354639555));
#10935 = CARTESIAN_POINT('',(4.924188094245,0.205462703883));
#10936 = CARTESIAN_POINT('',(4.924106904245,0.164508523988));
#10937 = CARTESIAN_POINT('',(4.924043371359,0.123490426544));
#10938 = CARTESIAN_POINT('',(4.923997704911,8.240545894431E-02));
#10939 = CARTESIAN_POINT('',(4.923970121641,4.124918758567E-02));
#10940 = CARTESIAN_POINT('',(4.923963940904,1.375920256726E-02));
#10941 = CARTESIAN_POINT('',(4.923963940144,0.));
#10942 = ( GEOMETRIC_REPRESENTATION_CONTEXT(2) 
PARAMETRIC_REPRESENTATION_CONTEXT() REPRESENTATION_CONTEXT('2D SPACE',''
  ) );
#10943 = ORIENTED_EDGE('',*,*,#2944,.T.);
#10944 = ORIENTED_EDGE('',*,*,#3549,.T.);
#10945 = ORIENTED_EDGE('',*,*,#8981,.F.);
#10946 = ADVANCED_FACE('',(#10947),#2903,.T.);
#10947 = FACE_BOUND('',#10948,.T.);
#10948 = EDGE_LOOP('',(#10949,#10950,#11009,#11074,#11095,#11096));
#10949 = ORIENTED_EDGE('',*,*,#2887,.F.);
#10950 = ORIENTED_EDGE('',*,*,#10951,.T.);
#10951 = EDGE_CURVE('',#2888,#10952,#10954,.T.);
#10952 = VERTEX_POINT('',#10953);
#10953 = CARTESIAN_POINT('',(-29.341660,-33.4,-14.565812575));
#10954 = SURFACE_CURVE('',#10955,(#10966,#10980),.PCURVE_S1.);
#10955 = B_SPLINE_CURVE_WITH_KNOTS('',3,(#10956,#10957,#10958,#10959,
    #10960,#10961,#10962,#10963,#10964,#10965),.UNSPECIFIED.,.F.,.F.,(4,
    3,3,4),(0.,1.11817E-04,2.23634E-04,4.47267E-04),.UNSPECIFIED.);
#10956 = CARTESIAN_POINT('',(-29.610277,-33.4,-14.1755002));
#10957 = CARTESIAN_POINT('',(-29.610277,-33.4,-14.213313536));
#10958 = CARTESIAN_POINT('',(-29.604212,-33.4,-14.250387779));
#10959 = CARTESIAN_POINT('',(-29.592327,-33.4,-14.286752527));
#10960 = CARTESIAN_POINT('',(-29.580441,-33.4,-14.323117275));
#10961 = CARTESIAN_POINT('',(-29.562406,-33.4,-14.359051559));
#10962 = CARTESIAN_POINT('',(-29.539290,-33.4,-14.392544602));
#10963 = CARTESIAN_POINT('',(-29.493057,-33.4,-14.459530688));
#10964 = CARTESIAN_POINT('',(-29.425151,-33.4,-14.519171326));
#10965 = CARTESIAN_POINT('',(-29.341660,-33.4,-14.565812575));
#10966 = PCURVE('',#2903,#10967);
#10967 = DEFINITIONAL_REPRESENTATION('',(#10968),#10979);
#10968 = B_SPLINE_CURVE_WITH_KNOTS('',3,(#10969,#10970,#10971,#10972,
    #10973,#10974,#10975,#10976,#10977,#10978),.UNSPECIFIED.,.F.,.F.,(4,
    3,3,4),(0.,1.11817E-04,2.23634E-04,4.47267E-04),.UNSPECIFIED.);
#10969 = CARTESIAN_POINT('',(-0.8244998,-1.202041029));
#10970 = CARTESIAN_POINT('',(-0.786686464,-1.202041029));
#10971 = CARTESIAN_POINT('',(-0.749612221,-1.206363052));
#10972 = CARTESIAN_POINT('',(-0.713247473,-1.214834013));
#10973 = CARTESIAN_POINT('',(-0.676882725,-1.223304974));
#10974 = CARTESIAN_POINT('',(-0.640948441,-1.236158285));
#10975 = CARTESIAN_POINT('',(-0.607455398,-1.252633302));
#10976 = CARTESIAN_POINT('',(-0.540469312,-1.285583336));
#10977 = CARTESIAN_POINT('',(-0.480828674,-1.333979649));
#10978 = CARTESIAN_POINT('',(-0.434187425,-1.393483657));
#10979 = ( GEOMETRIC_REPRESENTATION_CONTEXT(2) 
PARAMETRIC_REPRESENTATION_CONTEXT() REPRESENTATION_CONTEXT('2D SPACE',''
  ) );
#10980 = PCURVE('',#2932,#10981);
#10981 = DEFINITIONAL_REPRESENTATION('',(#10982),#11008);
#10982 = B_SPLINE_CURVE_WITH_KNOTS('',3,(#10983,#10984,#10985,#10986,
    #10987,#10988,#10989,#10990,#10991,#10992,#10993,#10994,#10995,
    #10996,#10997,#10998,#10999,#11000,#11001,#11002,#11003,#11004,
    #11005,#11006,#11007),.UNSPECIFIED.,.F.,.F.,(4,1,1,1,1,1,1,1,1,1,1,1
    ,1,1,1,1,1,1,1,1,1,1,4),(0.,2.033031818182E-05,4.066063636364E-05,
    6.099095454545E-05,8.132127272727E-05,1.016515909091E-04,
    1.219819090909E-04,1.423122272727E-04,1.626425454545E-04,
    1.829728636364E-04,2.033031818182E-04,2.236335E-04,
    2.439638181818E-04,2.642941363636E-04,2.846244545455E-04,
    3.049547727273E-04,3.252850909091E-04,3.456154090909E-04,
    3.659457272727E-04,3.862760454545E-04,4.066063636364E-04,
    4.269366818182E-04,4.47267E-04),.QUASI_UNIFORM_KNOTS.);
#10983 = CARTESIAN_POINT('',(6.081827386387,0.));
#10984 = CARTESIAN_POINT('',(6.081827385687,1.375027971108E-02));
#10985 = CARTESIAN_POINT('',(6.081821671857,4.115306327443E-02));
#10986 = CARTESIAN_POINT('',(6.081796075565,8.2034048474E-02));
#10987 = CARTESIAN_POINT('',(6.081753567019,0.122762125836));
#10988 = CARTESIAN_POINT('',(6.08169425409,0.163407070599));
#10989 = CARTESIAN_POINT('',(6.081618215313,0.204037514293));
#10990 = CARTESIAN_POINT('',(6.081525603583,0.244719962313));
#10991 = CARTESIAN_POINT('',(6.08141561296,0.285597226633));
#10992 = CARTESIAN_POINT('',(6.081288886247,0.326555394069));
#10993 = CARTESIAN_POINT('',(6.081145885056,0.367511211074));
#10994 = CARTESIAN_POINT('',(6.080987061441,0.408385588423));
#10995 = CARTESIAN_POINT('',(6.080813057224,0.449047786422));
#10996 = CARTESIAN_POINT('',(6.08062373982,0.489576685607));
#10997 = CARTESIAN_POINT('',(6.080418811328,0.530140842365));
#10998 = CARTESIAN_POINT('',(6.080198740292,0.570700900096));
#10999 = CARTESIAN_POINT('',(6.079963785155,0.611271529249));
#11000 = CARTESIAN_POINT('',(6.079714256551,0.651851728761));
#11001 = CARTESIAN_POINT('',(6.079450447626,0.692443998195));
#11002 = CARTESIAN_POINT('',(6.0791726533,0.733049708068));
#11003 = CARTESIAN_POINT('',(6.078881165685,0.773670830519));
#11004 = CARTESIAN_POINT('',(6.078576275877,0.814310034583));
#11005 = CARTESIAN_POINT('',(6.078258274041,0.854970946968));
#11006 = CARTESIAN_POINT('',(6.078037724603,0.882096549647));
#11007 = CARTESIAN_POINT('',(6.077925361137,0.895664794116));
#11008 = ( GEOMETRIC_REPRESENTATION_CONTEXT(2) 
PARAMETRIC_REPRESENTATION_CONTEXT() REPRESENTATION_CONTEXT('2D SPACE',''
  ) );
#11009 = ORIENTED_EDGE('',*,*,#11010,.T.);
#11010 = EDGE_CURVE('',#10952,#11011,#11013,.T.);
#11011 = VERTEX_POINT('',#11012);
#11012 = CARTESIAN_POINT('',(-29.610277,-33.4,-15.1));
#11013 = SURFACE_CURVE('',#11014,(#11028,#11045),.PCURVE_S1.);
#11014 = B_SPLINE_CURVE_WITH_KNOTS('',3,(#11015,#11016,#11017,#11018,
    #11019,#11020,#11021,#11022,#11023,#11024,#11025,#11026,#11027),
  .UNSPECIFIED.,.F.,.F.,(4,3,3,3,4),(2.05284E-04,3.90887E-04,5.7649E-04,
    7.62092E-04,9.47695E-04),.UNSPECIFIED.);
#11015 = CARTESIAN_POINT('',(-29.341660,-33.4,-14.565812575));
#11016 = CARTESIAN_POINT('',(-29.272490,-33.4,-14.604453279));
#11017 = CARTESIAN_POINT('',(-29.221427,-33.4,-14.657867084));
#11018 = CARTESIAN_POINT('',(-29.196971,-33.4,-14.717497242));
#11019 = CARTESIAN_POINT('',(-29.172514,-33.4,-14.777127399));
#11020 = CARTESIAN_POINT('',(-29.175628,-33.4,-14.842657556));
#11021 = CARTESIAN_POINT('',(-29.205431,-33.4,-14.900875514));
#11022 = CARTESIAN_POINT('',(-29.235235,-33.4,-14.959093473));
#11023 = CARTESIAN_POINT('',(-29.292163,-33.4,-15.010769416));
#11024 = CARTESIAN_POINT('',(-29.363819,-33.4,-15.045769732));
#11025 = CARTESIAN_POINT('',(-29.435475,-33.4,-15.080770048));
#11026 = CARTESIAN_POINT('',(-29.523296,-33.4,-15.1));
#11027 = CARTESIAN_POINT('',(-29.610277,-33.4,-15.1));
#11028 = PCURVE('',#2903,#11029);
#11029 = DEFINITIONAL_REPRESENTATION('',(#11030),#11044);
#11030 = B_SPLINE_CURVE_WITH_KNOTS('',3,(#11031,#11032,#11033,#11034,
    #11035,#11036,#11037,#11038,#11039,#11040,#11041,#11042,#11043),
  .UNSPECIFIED.,.F.,.F.,(4,3,3,3,4),(2.05284E-04,3.90887E-04,5.7649E-04,
    7.62092E-04,9.47695E-04),.UNSPECIFIED.);
#11031 = CARTESIAN_POINT('',(-0.434187425,-1.393483657));
#11032 = CARTESIAN_POINT('',(-0.395546721,-1.442780722));
#11033 = CARTESIAN_POINT('',(-0.342132916,-1.479173435));
#11034 = CARTESIAN_POINT('',(-0.282502758,-1.496603569));
#11035 = CARTESIAN_POINT('',(-0.222872601,-1.514033704));
#11036 = CARTESIAN_POINT('',(-0.157342444,-1.511814533));
#11037 = CARTESIAN_POINT('',(-9.9124486E-02,-1.49057356));
#11038 = CARTESIAN_POINT('',(-4.0906527E-02,-1.469332587));
#11039 = CARTESIAN_POINT('',(1.0769416E-02,-1.42876033));
#11040 = CARTESIAN_POINT('',(4.5769732E-02,-1.377691149));
#11041 = CARTESIAN_POINT('',(8.0770048E-02,-1.326621968));
#11042 = CARTESIAN_POINT('',(1.E-01,-1.264032297));
#11043 = CARTESIAN_POINT('',(1.E-01,-1.202041029));
#11044 = ( GEOMETRIC_REPRESENTATION_CONTEXT(2) 
PARAMETRIC_REPRESENTATION_CONTEXT() REPRESENTATION_CONTEXT('2D SPACE',''
  ) );
#11045 = PCURVE('',#10853,#11046);
#11046 = DEFINITIONAL_REPRESENTATION('',(#11047),#11073);
#11047 = B_SPLINE_CURVE_WITH_KNOTS('',3,(#11048,#11049,#11050,#11051,
    #11052,#11053,#11054,#11055,#11056,#11057,#11058,#11059,#11060,
    #11061,#11062,#11063,#11064,#11065,#11066,#11067,#11068,#11069,
    #11070,#11071,#11072),.UNSPECIFIED.,.F.,.F.,(4,1,1,1,1,1,1,1,1,1,1,1
    ,1,1,1,1,1,1,1,1,1,1,4),(2.05284E-04,2.390299545455E-04,
    2.727759090909E-04,3.065218636364E-04,3.402678181818E-04,
    3.740137727273E-04,4.077597272727E-04,4.415056818182E-04,
    4.752516363636E-04,5.089975909091E-04,5.427435454545E-04,
    5.764895E-04,6.102354545455E-04,6.439814090909E-04,
    6.777273636364E-04,7.114733181818E-04,7.452192727273E-04,
    7.789652272727E-04,8.127111818182E-04,8.464571363636E-04,
    8.802030909091E-04,9.139490454545E-04,9.47695E-04),
  .QUASI_UNIFORM_KNOTS.);
#11048 = CARTESIAN_POINT('',(3.346852599633,2.245927859829));
#11049 = CARTESIAN_POINT('',(3.347038777848,2.283391387853));
#11050 = CARTESIAN_POINT('',(3.347394411497,2.35820196453));
#11051 = CARTESIAN_POINT('',(3.347872312644,2.470222651906));
#11052 = CARTESIAN_POINT('',(3.348289280777,2.582218424683));
#11053 = CARTESIAN_POINT('',(3.34863994169,2.69430353695));
#11054 = CARTESIAN_POINT('',(3.348919037221,2.806596413627));
#11055 = CARTESIAN_POINT('',(3.349121172659,2.919361779447));
#11056 = CARTESIAN_POINT('',(3.34924039232,3.032413203612));
#11057 = CARTESIAN_POINT('',(3.349277739778,3.145685687306));
#11058 = CARTESIAN_POINT('',(3.349233398007,3.258952429456));
#11059 = CARTESIAN_POINT('',(3.349107952313,3.371998722362));
#11060 = CARTESIAN_POINT('',(3.348902376512,3.484548071107));
#11061 = CARTESIAN_POINT('',(3.348616799545,3.596959038412));
#11062 = CARTESIAN_POINT('',(3.348257772161,3.709603940869));
#11063 = CARTESIAN_POINT('',(3.347832948993,3.822201002359));
#11064 = CARTESIAN_POINT('',(3.347349748408,3.934491558151));
#11065 = CARTESIAN_POINT('',(3.346815561412,4.046225188736));
#11066 = CARTESIAN_POINT('',(3.346238001146,4.157125470895));
#11067 = CARTESIAN_POINT('',(3.345620644203,4.26828778732));
#11068 = CARTESIAN_POINT('',(3.344973876202,4.379566745594));
#11069 = CARTESIAN_POINT('',(3.344306942013,4.49081650364));
#11070 = CARTESIAN_POINT('',(3.343629142776,4.601820729427));
#11071 = CARTESIAN_POINT('',(3.343175977457,4.67558767059));
#11072 = CARTESIAN_POINT('',(3.342950574383,4.712388979951));
#11073 = ( GEOMETRIC_REPRESENTATION_CONTEXT(2) 
PARAMETRIC_REPRESENTATION_CONTEXT() REPRESENTATION_CONTEXT('2D SPACE',''
  ) );
#11074 = ORIENTED_EDGE('',*,*,#11075,.T.);
#11075 = EDGE_CURVE('',#11011,#8930,#11076,.T.);
#11076 = SURFACE_CURVE('',#11077,(#11081,#11088),.PCURVE_S1.);
#11077 = LINE('',#11078,#11079);
#11078 = CARTESIAN_POINT('',(-29.610277,-33.4,-15.1));
#11079 = VECTOR('',#11080,1.);
#11080 = DIRECTION('',(-1.,0.,0.));
#11081 = PCURVE('',#2903,#11082);
#11082 = DEFINITIONAL_REPRESENTATION('',(#11083),#11087);
#11083 = LINE('',#11084,#11085);
#11084 = CARTESIAN_POINT('',(1.E-01,-1.202041029));
#11085 = VECTOR('',#11086,1.);
#11086 = DIRECTION('',(0.,1.));
#11087 = ( GEOMETRIC_REPRESENTATION_CONTEXT(2) 
PARAMETRIC_REPRESENTATION_CONTEXT() REPRESENTATION_CONTEXT('2D SPACE',''
  ) );
#11088 = PCURVE('',#8969,#11089);
#11089 = DEFINITIONAL_REPRESENTATION('',(#11090),#11094);
#11090 = LINE('',#11091,#11092);
#11091 = CARTESIAN_POINT('',(20.247958971,-19.2));
#11092 = VECTOR('',#11093,1.);
#11093 = DIRECTION('',(1.,0.));
#11094 = ( GEOMETRIC_REPRESENTATION_CONTEXT(2) 
PARAMETRIC_REPRESENTATION_CONTEXT() REPRESENTATION_CONTEXT('2D SPACE',''
  ) );
#11095 = ORIENTED_EDGE('',*,*,#8929,.T.);
#11096 = ORIENTED_EDGE('',*,*,#3571,.F.);
#11097 = ADVANCED_FACE('',(#11098),#8969,.T.);
#11098 = FACE_BOUND('',#11099,.T.);
#11099 = EDGE_LOOP('',(#11100,#11101,#11127,#11128));
#11100 = ORIENTED_EDGE('',*,*,#11075,.F.);
#11101 = ORIENTED_EDGE('',*,*,#11102,.T.);
#11102 = EDGE_CURVE('',#11011,#10795,#11103,.T.);
#11103 = SURFACE_CURVE('',#11104,(#11109,#11120),.PCURVE_S1.);
#11104 = CIRCLE('',#11105,10.);
#11105 = AXIS2_PLACEMENT_3D('',#11106,#11107,#11108);
#11106 = CARTESIAN_POINT('',(-15.862584,-31.4,-15.1));
#11107 = DIRECTION('',(0.,0.,1.));
#11108 = DIRECTION('',(-0.,1.,0.));
#11109 = PCURVE('',#8969,#11110);
#11110 = DEFINITIONAL_REPRESENTATION('',(#11111),#11119);
#11111 = ( BOUNDED_CURVE() B_SPLINE_CURVE(2,(#11112,#11113,#11114,#11115
    ,#11116,#11117,#11118),.UNSPECIFIED.,.T.,.F.) 
B_SPLINE_CURVE_WITH_KNOTS((1,2,2,2,2,1),(-2.094395102393,0.,
    2.094395102393,4.188790204786,6.28318530718,8.377580409573),
.UNSPECIFIED.) CURVE() GEOMETRIC_REPRESENTATION_ITEM() 
RATIONAL_B_SPLINE_CURVE((1.,0.5,1.,0.5,1.,0.5,1.)) REPRESENTATION_ITEM(
  '') );
#11112 = CARTESIAN_POINT('',(10.45,-7.2));
#11113 = CARTESIAN_POINT('',(27.770508075689,-7.2));
#11114 = CARTESIAN_POINT('',(19.110254037844,-22.2));
#11115 = CARTESIAN_POINT('',(10.45,-37.2));
#11116 = CARTESIAN_POINT('',(1.789745962156,-22.2));
#11117 = CARTESIAN_POINT('',(-6.870508075689,-7.2));
#11118 = CARTESIAN_POINT('',(10.45,-7.2));
#11119 = ( GEOMETRIC_REPRESENTATION_CONTEXT(2) 
PARAMETRIC_REPRESENTATION_CONTEXT() REPRESENTATION_CONTEXT('2D SPACE',''
  ) );
#11120 = PCURVE('',#10853,#11121);
#11121 = DEFINITIONAL_REPRESENTATION('',(#11122),#11126);
#11122 = LINE('',#11123,#11124);
#11123 = CARTESIAN_POINT('',(1.570796326795,4.712388980385));
#11124 = VECTOR('',#11125,1.);
#11125 = DIRECTION('',(1.,7.670839100951E-16));
#11126 = ( GEOMETRIC_REPRESENTATION_CONTEXT(2) 
PARAMETRIC_REPRESENTATION_CONTEXT() REPRESENTATION_CONTEXT('2D SPACE',''
  ) );
#11127 = ORIENTED_EDGE('',*,*,#10794,.T.);
#11128 = ORIENTED_EDGE('',*,*,#8952,.T.);
#11129 = ADVANCED_FACE('',(#11130),#3075,.F.);
#11130 = FACE_BOUND('',#11131,.T.);
#11131 = EDGE_LOOP('',(#11132,#11155,#11225,#11282,#11283,#11284));
#11132 = ORIENTED_EDGE('',*,*,#11133,.F.);
#11133 = EDGE_CURVE('',#11134,#9130,#11136,.T.);
#11134 = VERTEX_POINT('',#11135);
#11135 = CARTESIAN_POINT('',(-29.610277,5.0,-15.1));
#11136 = SURFACE_CURVE('',#11137,(#11141,#11148),.PCURVE_S1.);
#11137 = LINE('',#11138,#11139);
#11138 = CARTESIAN_POINT('',(-29.610277,5.0,-15.1));
#11139 = VECTOR('',#11140,1.);
#11140 = DIRECTION('',(-1.,0.,0.));
#11141 = PCURVE('',#3075,#11142);
#11142 = DEFINITIONAL_REPRESENTATION('',(#11143),#11147);
#11143 = LINE('',#11144,#11145);
#11144 = CARTESIAN_POINT('',(1.E-01,-1.202041029));
#11145 = VECTOR('',#11146,1.);
#11146 = DIRECTION('',(0.,1.));
#11147 = ( GEOMETRIC_REPRESENTATION_CONTEXT(2) 
PARAMETRIC_REPRESENTATION_CONTEXT() REPRESENTATION_CONTEXT('2D SPACE',''
  ) );
#11148 = PCURVE('',#9146,#11149);
#11149 = DEFINITIONAL_REPRESENTATION('',(#11150),#11154);
#11150 = LINE('',#11151,#11152);
#11151 = CARTESIAN_POINT('',(20.247958971,19.2));
#11152 = VECTOR('',#11153,1.);
#11153 = DIRECTION('',(1.,0.));
#11154 = ( GEOMETRIC_REPRESENTATION_CONTEXT(2) 
PARAMETRIC_REPRESENTATION_CONTEXT() REPRESENTATION_CONTEXT('2D SPACE',''
  ) );
#11155 = ORIENTED_EDGE('',*,*,#11156,.F.);
#11156 = EDGE_CURVE('',#11157,#11134,#11159,.T.);
#11157 = VERTEX_POINT('',#11158);
#11158 = CARTESIAN_POINT('',(-29.341660,5.0,-14.565812575));
#11159 = SURFACE_CURVE('',#11160,(#11174,#11191),.PCURVE_S1.);
#11160 = B_SPLINE_CURVE_WITH_KNOTS('',3,(#11161,#11162,#11163,#11164,
    #11165,#11166,#11167,#11168,#11169,#11170,#11171,#11172,#11173),
  .UNSPECIFIED.,.F.,.F.,(4,3,3,3,4),(2.05284E-04,3.90887E-04,5.7649E-04,
    7.62092E-04,9.47695E-04),.UNSPECIFIED.);
#11161 = CARTESIAN_POINT('',(-29.341660,5.0,-14.565812575));
#11162 = CARTESIAN_POINT('',(-29.272490,5.0,-14.604453279));
#11163 = CARTESIAN_POINT('',(-29.221427,5.0,-14.657867084));
#11164 = CARTESIAN_POINT('',(-29.196971,5.0,-14.717497242));
#11165 = CARTESIAN_POINT('',(-29.172514,5.0,-14.777127399));
#11166 = CARTESIAN_POINT('',(-29.175628,5.0,-14.842657556));
#11167 = CARTESIAN_POINT('',(-29.205431,5.0,-14.900875514));
#11168 = CARTESIAN_POINT('',(-29.235235,5.0,-14.959093473));
#11169 = CARTESIAN_POINT('',(-29.292163,5.0,-15.010769416));
#11170 = CARTESIAN_POINT('',(-29.363819,5.0,-15.045769732));
#11171 = CARTESIAN_POINT('',(-29.435475,5.0,-15.080770048));
#11172 = CARTESIAN_POINT('',(-29.523296,5.0,-15.1));
#11173 = CARTESIAN_POINT('',(-29.610277,5.0,-15.1));
#11174 = PCURVE('',#3075,#11175);
#11175 = DEFINITIONAL_REPRESENTATION('',(#11176),#11190);
#11176 = B_SPLINE_CURVE_WITH_KNOTS('',3,(#11177,#11178,#11179,#11180,
    #11181,#11182,#11183,#11184,#11185,#11186,#11187,#11188,#11189),
  .UNSPECIFIED.,.F.,.F.,(4,3,3,3,4),(2.05284E-04,3.90887E-04,5.7649E-04,
    7.62092E-04,9.47695E-04),.UNSPECIFIED.);
#11177 = CARTESIAN_POINT('',(-0.434187425,-1.393483657));
#11178 = CARTESIAN_POINT('',(-0.395546721,-1.442780722));
#11179 = CARTESIAN_POINT('',(-0.342132916,-1.479173435));
#11180 = CARTESIAN_POINT('',(-0.282502758,-1.496603569));
#11181 = CARTESIAN_POINT('',(-0.222872601,-1.514033704));
#11182 = CARTESIAN_POINT('',(-0.157342444,-1.511814533));
#11183 = CARTESIAN_POINT('',(-9.9124486E-02,-1.49057356));
#11184 = CARTESIAN_POINT('',(-4.0906527E-02,-1.469332587));
#11185 = CARTESIAN_POINT('',(1.0769416E-02,-1.42876033));
#11186 = CARTESIAN_POINT('',(4.5769732E-02,-1.377691149));
#11187 = CARTESIAN_POINT('',(8.0770048E-02,-1.326621968));
#11188 = CARTESIAN_POINT('',(1.E-01,-1.264032297));
#11189 = CARTESIAN_POINT('',(1.E-01,-1.202041029));
#11190 = ( GEOMETRIC_REPRESENTATION_CONTEXT(2) 
PARAMETRIC_REPRESENTATION_CONTEXT() REPRESENTATION_CONTEXT('2D SPACE',''
  ) );
#11191 = PCURVE('',#11192,#11197);
#11192 = TOROIDAL_SURFACE('',#11193,10.,0.3);
#11193 = AXIS2_PLACEMENT_3D('',#11194,#11195,#11196);
#11194 = CARTESIAN_POINT('',(-15.862584,3.0,-14.8));
#11195 = DIRECTION('',(0.,0.,1.));
#11196 = DIRECTION('',(1.,0.,-0.));
#11197 = DEFINITIONAL_REPRESENTATION('',(#11198),#11224);
#11198 = B_SPLINE_CURVE_WITH_KNOTS('',3,(#11199,#11200,#11201,#11202,
    #11203,#11204,#11205,#11206,#11207,#11208,#11209,#11210,#11211,
    #11212,#11213,#11214,#11215,#11216,#11217,#11218,#11219,#11220,
    #11221,#11222,#11223),.UNSPECIFIED.,.F.,.F.,(4,1,1,1,1,1,1,1,1,1,1,1
    ,1,1,1,1,1,1,1,1,1,1,4),(2.05284E-04,2.390299545455E-04,
    2.727759090909E-04,3.065218636364E-04,3.402678181818E-04,
    3.740137727273E-04,4.077597272727E-04,4.415056818182E-04,
    4.752516363636E-04,5.089975909091E-04,5.427435454545E-04,
    5.764895E-04,6.102354545455E-04,6.439814090909E-04,
    6.777273636364E-04,7.114733181818E-04,7.452192727273E-04,
    7.789652272727E-04,8.127111818182E-04,8.464571363636E-04,
    8.802030909091E-04,9.139490454545E-04,9.47695E-04),
  .QUASI_UNIFORM_KNOTS.);
#11199 = CARTESIAN_POINT('',(2.936332707547,2.245927859829));
#11200 = CARTESIAN_POINT('',(2.936146529331,2.283391387853));
#11201 = CARTESIAN_POINT('',(2.935790895682,2.35820196453));
#11202 = CARTESIAN_POINT('',(2.935312994535,2.470222651906));
#11203 = CARTESIAN_POINT('',(2.934896026403,2.582218424683));
#11204 = CARTESIAN_POINT('',(2.934545365489,2.69430353695));
#11205 = CARTESIAN_POINT('',(2.934266269959,2.806596413627));
#11206 = CARTESIAN_POINT('',(2.934064134521,2.919361779447));
#11207 = CARTESIAN_POINT('',(2.93394491486,3.032413203612));
#11208 = CARTESIAN_POINT('',(2.933907567402,3.145685687306));
#11209 = CARTESIAN_POINT('',(2.933951909173,3.258952429456));
#11210 = CARTESIAN_POINT('',(2.934077354867,3.371998722362));
#11211 = CARTESIAN_POINT('',(2.934282930668,3.484548071107));
#11212 = CARTESIAN_POINT('',(2.934568507634,3.596959038412));
#11213 = CARTESIAN_POINT('',(2.934927535019,3.709603940869));
#11214 = CARTESIAN_POINT('',(2.935352358187,3.822201002359));
#11215 = CARTESIAN_POINT('',(2.935835558771,3.934491558151));
#11216 = CARTESIAN_POINT('',(2.936369745768,4.046225188736));
#11217 = CARTESIAN_POINT('',(2.936947306034,4.157125470895));
#11218 = CARTESIAN_POINT('',(2.937564662976,4.26828778732));
#11219 = CARTESIAN_POINT('',(2.938211430978,4.379566745594));
#11220 = CARTESIAN_POINT('',(2.938878365167,4.49081650364));
#11221 = CARTESIAN_POINT('',(2.939556164403,4.601820729427));
#11222 = CARTESIAN_POINT('',(2.940009329723,4.67558767059));
#11223 = CARTESIAN_POINT('',(2.940234732797,4.712388979951));
#11224 = ( GEOMETRIC_REPRESENTATION_CONTEXT(2) 
PARAMETRIC_REPRESENTATION_CONTEXT() REPRESENTATION_CONTEXT('2D SPACE',''
  ) );
#11225 = ORIENTED_EDGE('',*,*,#11226,.T.);
#11226 = EDGE_CURVE('',#11157,#3033,#11227,.T.);
#11227 = SURFACE_CURVE('',#11228,(#11239,#11253),.PCURVE_S1.);
#11228 = B_SPLINE_CURVE_WITH_KNOTS('',3,(#11229,#11230,#11231,#11232,
    #11233,#11234,#11235,#11236,#11237,#11238),.UNSPECIFIED.,.F.,.F.,(4,
    3,3,4),(0.,1.11832E-04,2.23664E-04,4.47328E-04),.UNSPECIFIED.);
#11229 = CARTESIAN_POINT('',(-29.341660,5.0,-14.565812575));
#11230 = CARTESIAN_POINT('',(-29.383408,5.0,-14.542490602));
#11231 = CARTESIAN_POINT('',(-29.420776,5.0,-14.51632561));
#11232 = CARTESIAN_POINT('',(-29.453867,5.0,-14.487384232));
#11233 = CARTESIAN_POINT('',(-29.486959,5.0,-14.458442854));
#11234 = CARTESIAN_POINT('',(-29.515922,5.0,-14.426341713));
#11235 = CARTESIAN_POINT('',(-29.539072,5.0,-14.392859826));
#11236 = CARTESIAN_POINT('',(-29.585372,5.0,-14.325896052));
#11237 = CARTESIAN_POINT('',(-29.610277,5.0,-14.251136001));
#11238 = CARTESIAN_POINT('',(-29.610277,5.0,-14.1755002));
#11239 = PCURVE('',#3075,#11240);
#11240 = DEFINITIONAL_REPRESENTATION('',(#11241),#11252);
#11241 = B_SPLINE_CURVE_WITH_KNOTS('',3,(#11242,#11243,#11244,#11245,
    #11246,#11247,#11248,#11249,#11250,#11251),.UNSPECIFIED.,.F.,.F.,(4,
    3,3,4),(0.,1.11832E-04,2.23664E-04,4.47328E-04),.UNSPECIFIED.);
#11242 = CARTESIAN_POINT('',(-0.434187425,-1.393483657));
#11243 = CARTESIAN_POINT('',(-0.457509398,-1.363729933));
#11244 = CARTESIAN_POINT('',(-0.48367439,-1.337097637));
#11245 = CARTESIAN_POINT('',(-0.512615768,-1.313513611));
#11246 = CARTESIAN_POINT('',(-0.541557146,-1.289929585));
#11247 = CARTESIAN_POINT('',(-0.573658287,-1.269287526));
#11248 = CARTESIAN_POINT('',(-0.607140174,-1.252788498));
#11249 = CARTESIAN_POINT('',(-0.674103948,-1.219790443));
#11250 = CARTESIAN_POINT('',(-0.748863999,-1.202041029));
#11251 = CARTESIAN_POINT('',(-0.8244998,-1.202041029));
#11252 = ( GEOMETRIC_REPRESENTATION_CONTEXT(2) 
PARAMETRIC_REPRESENTATION_CONTEXT() REPRESENTATION_CONTEXT('2D SPACE',''
  ) );
#11253 = PCURVE('',#3049,#11254);
#11254 = DEFINITIONAL_REPRESENTATION('',(#11255),#11281);
#11255 = B_SPLINE_CURVE_WITH_KNOTS('',3,(#11256,#11257,#11258,#11259,
    #11260,#11261,#11262,#11263,#11264,#11265,#11266,#11267,#11268,
    #11269,#11270,#11271,#11272,#11273,#11274,#11275,#11276,#11277,
    #11278,#11279,#11280),.UNSPECIFIED.,.F.,.F.,(4,1,1,1,1,1,1,1,1,1,1,1
    ,1,1,1,1,1,1,1,1,1,1,4),(0.,2.033309090909E-05,4.066618181818E-05,
    6.099927272727E-05,8.133236363636E-05,1.016654545455E-04,
    1.219985454545E-04,1.423316363636E-04,1.626647272727E-04,
    1.829978181818E-04,2.033309090909E-04,2.23664E-04,2.439970909091E-04
    ,2.643301818182E-04,2.846632727273E-04,3.049963636364E-04,
    3.253294545455E-04,3.456625454545E-04,3.659956363636E-04,
    3.863287272727E-04,4.066618181818E-04,4.269949090909E-04,4.47328E-04
    ),.QUASI_UNIFORM_KNOTS.);
#11256 = CARTESIAN_POINT('',(0.205259946043,0.895664794116));
#11257 = CARTESIAN_POINT('',(0.205147576862,0.882095607242));
#11258 = CARTESIAN_POINT('',(0.204927487139,0.855037297906));
#11259 = CARTESIAN_POINT('',(0.204611123638,0.81462316803));
#11260 = CARTESIAN_POINT('',(0.204308355071,0.77431548619));
#11261 = CARTESIAN_POINT('',(0.204019009909,0.734047460711));
#11262 = CARTESIAN_POINT('',(0.203742937371,0.693752348577));
#11263 = CARTESIAN_POINT('',(0.20347993588,0.653367406858));
#11264 = CARTESIAN_POINT('',(0.203229816463,0.612731663828));
#11265 = CARTESIAN_POINT('',(0.202993507753,0.571961854124));
#11266 = CARTESIAN_POINT('',(0.202771772627,0.531141066753));
#11267 = CARTESIAN_POINT('',(0.202565345205,0.490348248351));
#11268 = CARTESIAN_POINT('',(0.202375231761,0.449713666567));
#11269 = CARTESIAN_POINT('',(0.20220137726,0.409156128352));
#11270 = CARTESIAN_POINT('',(0.202043089366,0.368508024662));
#11271 = CARTESIAN_POINT('',(0.201900747808,0.327811640083));
#11272 = CARTESIAN_POINT('',(0.201774452805,0.28705418771));
#11273 = CARTESIAN_POINT('',(0.201664387573,0.246238273314));
#11274 = CARTESIAN_POINT('',(0.20157072155,0.205362478535));
#11275 = CARTESIAN_POINT('',(0.201493636728,0.164426020554));
#11276 = CARTESIAN_POINT('',(0.201433320914,0.123426989857));
#11277 = CARTESIAN_POINT('',(0.201389970216,8.236222417838E-02));
#11278 = CARTESIAN_POINT('',(0.201363787782,4.122710661934E-02));
#11279 = CARTESIAN_POINT('',(0.201357921514,1.375176817088E-02));
#11280 = CARTESIAN_POINT('',(0.201357920793,0.));
#11281 = ( GEOMETRIC_REPRESENTATION_CONTEXT(2) 
PARAMETRIC_REPRESENTATION_CONTEXT() REPRESENTATION_CONTEXT('2D SPACE',''
  ) );
#11282 = ORIENTED_EDGE('',*,*,#3061,.T.);
#11283 = ORIENTED_EDGE('',*,*,#3675,.T.);
#11284 = ORIENTED_EDGE('',*,*,#9158,.F.);
#11285 = ADVANCED_FACE('',(#11286),#3020,.T.);
#11286 = FACE_BOUND('',#11287,.T.);
#11287 = EDGE_LOOP('',(#11288,#11289,#11348,#11413,#11434,#11435));
#11288 = ORIENTED_EDGE('',*,*,#3004,.F.);
#11289 = ORIENTED_EDGE('',*,*,#11290,.T.);
#11290 = EDGE_CURVE('',#3005,#11291,#11293,.T.);
#11291 = VERTEX_POINT('',#11292);
#11292 = CARTESIAN_POINT('',(-18.668820,12.606516343,-14.565812575));
#11293 = SURFACE_CURVE('',#11294,(#11305,#11319),.PCURVE_S1.);
#11294 = B_SPLINE_CURVE_WITH_KNOTS('',3,(#11295,#11296,#11297,#11298,
    #11299,#11300,#11301,#11302,#11303,#11304),.UNSPECIFIED.,.F.,.F.,(4,
    3,3,4),(0.,1.11817E-04,2.23634E-04,4.47267E-04),.UNSPECIFIED.);
#11295 = CARTESIAN_POINT('',(-18.668820,12.797958971,-14.1755002));
#11296 = CARTESIAN_POINT('',(-18.668820,12.797958971,-14.213313536));
#11297 = CARTESIAN_POINT('',(-18.668820,12.793636948,-14.250387779));
#11298 = CARTESIAN_POINT('',(-18.668820,12.785165987,-14.286752527));
#11299 = CARTESIAN_POINT('',(-18.668820,12.776695026,-14.323117275));
#11300 = CARTESIAN_POINT('',(-18.668820,12.763841715,-14.359051559));
#11301 = CARTESIAN_POINT('',(-18.668820,12.747366698,-14.392544602));
#11302 = CARTESIAN_POINT('',(-18.668820,12.714416664,-14.459530688));
#11303 = CARTESIAN_POINT('',(-18.668820,12.666020351,-14.519171326));
#11304 = CARTESIAN_POINT('',(-18.668820,12.606516343,-14.565812575));
#11305 = PCURVE('',#3020,#11306);
#11306 = DEFINITIONAL_REPRESENTATION('',(#11307),#11318);
#11307 = B_SPLINE_CURVE_WITH_KNOTS('',3,(#11308,#11309,#11310,#11311,
    #11312,#11313,#11314,#11315,#11316,#11317),.UNSPECIFIED.,.F.,.F.,(4,
    3,3,4),(0.,1.11817E-04,2.23634E-04,4.47267E-04),.UNSPECIFIED.);
#11308 = CARTESIAN_POINT('',(-0.8244998,-1.202041029));
#11309 = CARTESIAN_POINT('',(-0.786686464,-1.202041029));
#11310 = CARTESIAN_POINT('',(-0.749612221,-1.206363052));
#11311 = CARTESIAN_POINT('',(-0.713247473,-1.214834013));
#11312 = CARTESIAN_POINT('',(-0.676882725,-1.223304974));
#11313 = CARTESIAN_POINT('',(-0.640948441,-1.236158285));
#11314 = CARTESIAN_POINT('',(-0.607455398,-1.252633302));
#11315 = CARTESIAN_POINT('',(-0.540469312,-1.285583336));
#11316 = CARTESIAN_POINT('',(-0.480828674,-1.333979649));
#11317 = CARTESIAN_POINT('',(-0.434187425,-1.393483657));
#11318 = ( GEOMETRIC_REPRESENTATION_CONTEXT(2) 
PARAMETRIC_REPRESENTATION_CONTEXT() REPRESENTATION_CONTEXT('2D SPACE',''
  ) );
#11319 = PCURVE('',#3049,#11320);
#11320 = DEFINITIONAL_REPRESENTATION('',(#11321),#11347);
#11321 = B_SPLINE_CURVE_WITH_KNOTS('',3,(#11322,#11323,#11324,#11325,
    #11326,#11327,#11328,#11329,#11330,#11331,#11332,#11333,#11334,
    #11335,#11336,#11337,#11338,#11339,#11340,#11341,#11342,#11343,
    #11344,#11345,#11346),.UNSPECIFIED.,.F.,.F.,(4,1,1,1,1,1,1,1,1,1,1,1
    ,1,1,1,1,1,1,1,1,1,1,4),(0.,2.033031818182E-05,4.066063636364E-05,
    6.099095454545E-05,8.132127272727E-05,1.016515909091E-04,
    1.219819090909E-04,1.423122272727E-04,1.626425454545E-04,
    1.829728636364E-04,2.033031818182E-04,2.236335E-04,
    2.439638181818E-04,2.642941363636E-04,2.846244545455E-04,
    3.049547727273E-04,3.252850909091E-04,3.456154090909E-04,
    3.659457272727E-04,3.862760454545E-04,4.066063636364E-04,
    4.269366818182E-04,4.47267E-04),.QUASI_UNIFORM_KNOTS.);
#11322 = CARTESIAN_POINT('',(1.369438406002,0.));
#11323 = CARTESIAN_POINT('',(1.369438405302,1.375027971108E-02));
#11324 = CARTESIAN_POINT('',(1.369432691472,4.115306327443E-02));
#11325 = CARTESIAN_POINT('',(1.36940709518,8.2034048474E-02));
#11326 = CARTESIAN_POINT('',(1.369364586635,0.122762125836));
#11327 = CARTESIAN_POINT('',(1.369305273705,0.163407070599));
#11328 = CARTESIAN_POINT('',(1.369229234928,0.204037514293));
#11329 = CARTESIAN_POINT('',(1.369136623199,0.244719962313));
#11330 = CARTESIAN_POINT('',(1.369026632576,0.285597226633));
#11331 = CARTESIAN_POINT('',(1.368899905862,0.326555394069));
#11332 = CARTESIAN_POINT('',(1.368756904671,0.367511211074));
#11333 = CARTESIAN_POINT('',(1.368598081057,0.408385588423));
#11334 = CARTESIAN_POINT('',(1.368424076839,0.449047786422));
#11335 = CARTESIAN_POINT('',(1.368234759435,0.489576685607));
#11336 = CARTESIAN_POINT('',(1.368029830944,0.530140842365));
#11337 = CARTESIAN_POINT('',(1.367809759907,0.570700900096));
#11338 = CARTESIAN_POINT('',(1.367574804771,0.611271529249));
#11339 = CARTESIAN_POINT('',(1.367325276167,0.651851728761));
#11340 = CARTESIAN_POINT('',(1.367061467242,0.692443998195));
#11341 = CARTESIAN_POINT('',(1.366783672915,0.733049708068));
#11342 = CARTESIAN_POINT('',(1.366492185301,0.773670830519));
#11343 = CARTESIAN_POINT('',(1.366187295493,0.814310034583));
#11344 = CARTESIAN_POINT('',(1.365869293657,0.854970946968));
#11345 = CARTESIAN_POINT('',(1.365648744218,0.882096549647));
#11346 = CARTESIAN_POINT('',(1.365536380752,0.895664794116));
#11347 = ( GEOMETRIC_REPRESENTATION_CONTEXT(2) 
PARAMETRIC_REPRESENTATION_CONTEXT() REPRESENTATION_CONTEXT('2D SPACE',''
  ) );
#11348 = ORIENTED_EDGE('',*,*,#11349,.T.);
#11349 = EDGE_CURVE('',#11291,#11350,#11352,.T.);
#11350 = VERTEX_POINT('',#11351);
#11351 = CARTESIAN_POINT('',(-18.668820,12.797958971,-15.1));
#11352 = SURFACE_CURVE('',#11353,(#11367,#11384),.PCURVE_S1.);
#11353 = B_SPLINE_CURVE_WITH_KNOTS('',3,(#11354,#11355,#11356,#11357,
    #11358,#11359,#11360,#11361,#11362,#11363,#11364,#11365,#11366),
  .UNSPECIFIED.,.F.,.F.,(4,3,3,3,4),(2.05284E-04,3.90887E-04,5.7649E-04,
    7.62092E-04,9.47695E-04),.UNSPECIFIED.);
#11354 = CARTESIAN_POINT('',(-18.668820,12.606516343,-14.565812575));
#11355 = CARTESIAN_POINT('',(-18.668820,12.557219278,-14.604453279));
#11356 = CARTESIAN_POINT('',(-18.668820,12.520826565,-14.657867084));
#11357 = CARTESIAN_POINT('',(-18.668820,12.503396431,-14.717497242));
#11358 = CARTESIAN_POINT('',(-18.668820,12.485966296,-14.777127399));
#11359 = CARTESIAN_POINT('',(-18.668820,12.488185467,-14.842657556));
#11360 = CARTESIAN_POINT('',(-18.668820,12.50942644,-14.900875514));
#11361 = CARTESIAN_POINT('',(-18.668820,12.530667413,-14.959093473));
#11362 = CARTESIAN_POINT('',(-18.668820,12.57123967,-15.010769416));
#11363 = CARTESIAN_POINT('',(-18.668820,12.622308851,-15.045769732));
#11364 = CARTESIAN_POINT('',(-18.668820,12.673378032,-15.080770048));
#11365 = CARTESIAN_POINT('',(-18.668820,12.735967703,-15.1));
#11366 = CARTESIAN_POINT('',(-18.668820,12.797958971,-15.1));
#11367 = PCURVE('',#3020,#11368);
#11368 = DEFINITIONAL_REPRESENTATION('',(#11369),#11383);
#11369 = B_SPLINE_CURVE_WITH_KNOTS('',3,(#11370,#11371,#11372,#11373,
    #11374,#11375,#11376,#11377,#11378,#11379,#11380,#11381,#11382),
  .UNSPECIFIED.,.F.,.F.,(4,3,3,3,4),(2.05284E-04,3.90887E-04,5.7649E-04,
    7.62092E-04,9.47695E-04),.UNSPECIFIED.);
#11370 = CARTESIAN_POINT('',(-0.434187425,-1.393483657));
#11371 = CARTESIAN_POINT('',(-0.395546721,-1.442780722));
#11372 = CARTESIAN_POINT('',(-0.342132916,-1.479173435));
#11373 = CARTESIAN_POINT('',(-0.282502758,-1.496603569));
#11374 = CARTESIAN_POINT('',(-0.222872601,-1.514033704));
#11375 = CARTESIAN_POINT('',(-0.157342444,-1.511814533));
#11376 = CARTESIAN_POINT('',(-9.9124486E-02,-1.49057356));
#11377 = CARTESIAN_POINT('',(-4.0906527E-02,-1.469332587));
#11378 = CARTESIAN_POINT('',(1.0769416E-02,-1.42876033));
#11379 = CARTESIAN_POINT('',(4.5769732E-02,-1.377691149));
#11380 = CARTESIAN_POINT('',(8.0770048E-02,-1.326621968));
#11381 = CARTESIAN_POINT('',(1.E-01,-1.264032297));
#11382 = CARTESIAN_POINT('',(1.E-01,-1.202041029));
#11383 = ( GEOMETRIC_REPRESENTATION_CONTEXT(2) 
PARAMETRIC_REPRESENTATION_CONTEXT() REPRESENTATION_CONTEXT('2D SPACE',''
  ) );
#11384 = PCURVE('',#11192,#11385);
#11385 = DEFINITIONAL_REPRESENTATION('',(#11386),#11412);
#11386 = B_SPLINE_CURVE_WITH_KNOTS('',3,(#11387,#11388,#11389,#11390,
    #11391,#11392,#11393,#11394,#11395,#11396,#11397,#11398,#11399,
    #11400,#11401,#11402,#11403,#11404,#11405,#11406,#11407,#11408,
    #11409,#11410,#11411),.UNSPECIFIED.,.F.,.F.,(4,1,1,1,1,1,1,1,1,1,1,1
    ,1,1,1,1,1,1,1,1,1,1,4),(2.05284E-04,2.390299545455E-04,
    2.727759090909E-04,3.065218636364E-04,3.402678181818E-04,
    3.740137727273E-04,4.077597272727E-04,4.415056818182E-04,
    4.752516363636E-04,5.089975909091E-04,5.427435454545E-04,
    5.764895E-04,6.102354545455E-04,6.439814090909E-04,
    6.777273636364E-04,7.114733181818E-04,7.452192727273E-04,
    7.789652272727E-04,8.127111818182E-04,8.464571363636E-04,
    8.802030909091E-04,9.139490454545E-04,9.47695E-04),
  .QUASI_UNIFORM_KNOTS.);
#11387 = CARTESIAN_POINT('',(1.776056272838,2.245927859829));
#11388 = CARTESIAN_POINT('',(1.776242451053,2.283391387853));
#11389 = CARTESIAN_POINT('',(1.776598084702,2.35820196453));
#11390 = CARTESIAN_POINT('',(1.777075985849,2.470222651906));
#11391 = CARTESIAN_POINT('',(1.777492953982,2.582218424683));
#11392 = CARTESIAN_POINT('',(1.777843614895,2.69430353695));
#11393 = CARTESIAN_POINT('',(1.778122710426,2.806596413627));
#11394 = CARTESIAN_POINT('',(1.778324845864,2.919361779447));
#11395 = CARTESIAN_POINT('',(1.778444065525,3.032413203612));
#11396 = CARTESIAN_POINT('',(1.778481412983,3.145685687306));
#11397 = CARTESIAN_POINT('',(1.778437071212,3.258952429456));
#11398 = CARTESIAN_POINT('',(1.778311625518,3.371998722362));
#11399 = CARTESIAN_POINT('',(1.778106049717,3.484548071107));
#11400 = CARTESIAN_POINT('',(1.777820472751,3.596959038412));
#11401 = CARTESIAN_POINT('',(1.777461445366,3.709603940869));
#11402 = CARTESIAN_POINT('',(1.777036622198,3.822201002359));
#11403 = CARTESIAN_POINT('',(1.776553421613,3.934491558151));
#11404 = CARTESIAN_POINT('',(1.776019234617,4.046225188736));
#11405 = CARTESIAN_POINT('',(1.775441674351,4.157125470895));
#11406 = CARTESIAN_POINT('',(1.774824317409,4.26828778732));
#11407 = CARTESIAN_POINT('',(1.774177549407,4.379566745594));
#11408 = CARTESIAN_POINT('',(1.773510615218,4.49081650364));
#11409 = CARTESIAN_POINT('',(1.772832815981,4.601820729427));
#11410 = CARTESIAN_POINT('',(1.772379650662,4.67558767059));
#11411 = CARTESIAN_POINT('',(1.772154247588,4.712388979951));
#11412 = ( GEOMETRIC_REPRESENTATION_CONTEXT(2) 
PARAMETRIC_REPRESENTATION_CONTEXT() REPRESENTATION_CONTEXT('2D SPACE',''
  ) );
#11413 = ORIENTED_EDGE('',*,*,#11414,.T.);
#11414 = EDGE_CURVE('',#11350,#9107,#11415,.T.);
#11415 = SURFACE_CURVE('',#11416,(#11420,#11427),.PCURVE_S1.);
#11416 = LINE('',#11417,#11418);
#11417 = CARTESIAN_POINT('',(-18.668820,12.797958971,-15.1));
#11418 = VECTOR('',#11419,1.);
#11419 = DIRECTION('',(0.,1.,-0.));
#11420 = PCURVE('',#3020,#11421);
#11421 = DEFINITIONAL_REPRESENTATION('',(#11422),#11426);
#11422 = LINE('',#11423,#11424);
#11423 = CARTESIAN_POINT('',(1.E-01,-1.202041029));
#11424 = VECTOR('',#11425,1.);
#11425 = DIRECTION('',(-0.,1.));
#11426 = ( GEOMETRIC_REPRESENTATION_CONTEXT(2) 
PARAMETRIC_REPRESENTATION_CONTEXT() REPRESENTATION_CONTEXT('2D SPACE',''
  ) );
#11427 = PCURVE('',#9146,#11428);
#11428 = DEFINITIONAL_REPRESENTATION('',(#11429),#11433);
#11429 = LINE('',#11430,#11431);
#11430 = CARTESIAN_POINT('',(12.45,26.997958971));
#11431 = VECTOR('',#11432,1.);
#11432 = DIRECTION('',(0.,1.));
#11433 = ( GEOMETRIC_REPRESENTATION_CONTEXT(2) 
PARAMETRIC_REPRESENTATION_CONTEXT() REPRESENTATION_CONTEXT('2D SPACE',''
  ) );
#11434 = ORIENTED_EDGE('',*,*,#9106,.T.);
#11435 = ORIENTED_EDGE('',*,*,#3697,.F.);
#11436 = ADVANCED_FACE('',(#11437),#9146,.T.);
#11437 = FACE_BOUND('',#11438,.T.);
#11438 = EDGE_LOOP('',(#11439,#11440,#11466,#11467));
#11439 = ORIENTED_EDGE('',*,*,#11414,.F.);
#11440 = ORIENTED_EDGE('',*,*,#11441,.T.);
#11441 = EDGE_CURVE('',#11350,#11134,#11442,.T.);
#11442 = SURFACE_CURVE('',#11443,(#11448,#11459),.PCURVE_S1.);
#11443 = CIRCLE('',#11444,10.);
#11444 = AXIS2_PLACEMENT_3D('',#11445,#11446,#11447);
#11445 = CARTESIAN_POINT('',(-15.862584,3.0,-15.1));
#11446 = DIRECTION('',(0.,0.,1.));
#11447 = DIRECTION('',(-0.,1.,0.));
#11448 = PCURVE('',#9146,#11449);
#11449 = DEFINITIONAL_REPRESENTATION('',(#11450),#11458);
#11450 = ( BOUNDED_CURVE() B_SPLINE_CURVE(2,(#11451,#11452,#11453,#11454
    ,#11455,#11456,#11457),.UNSPECIFIED.,.T.,.F.) 
B_SPLINE_CURVE_WITH_KNOTS((1,2,2,2,2,1),(-2.094395102393,0.,
    2.094395102393,4.188790204786,6.28318530718,8.377580409573),
.UNSPECIFIED.) CURVE() GEOMETRIC_REPRESENTATION_ITEM() 
RATIONAL_B_SPLINE_CURVE((1.,0.5,1.,0.5,1.,0.5,1.)) REPRESENTATION_ITEM(
  '') );
#11451 = CARTESIAN_POINT('',(10.45,27.2));
#11452 = CARTESIAN_POINT('',(27.770508075689,27.2));
#11453 = CARTESIAN_POINT('',(19.110254037844,12.2));
#11454 = CARTESIAN_POINT('',(10.45,-2.8));
#11455 = CARTESIAN_POINT('',(1.789745962156,12.2));
#11456 = CARTESIAN_POINT('',(-6.870508075689,27.2));
#11457 = CARTESIAN_POINT('',(10.45,27.2));
#11458 = ( GEOMETRIC_REPRESENTATION_CONTEXT(2) 
PARAMETRIC_REPRESENTATION_CONTEXT() REPRESENTATION_CONTEXT('2D SPACE',''
  ) );
#11459 = PCURVE('',#11192,#11460);
#11460 = DEFINITIONAL_REPRESENTATION('',(#11461),#11465);
#11461 = LINE('',#11462,#11463);
#11462 = CARTESIAN_POINT('',(1.570796326795,4.712388980385));
#11463 = VECTOR('',#11464,1.);
#11464 = DIRECTION('',(1.,6.082994663103E-15));
#11465 = ( GEOMETRIC_REPRESENTATION_CONTEXT(2) 
PARAMETRIC_REPRESENTATION_CONTEXT() REPRESENTATION_CONTEXT('2D SPACE',''
  ) );
#11466 = ORIENTED_EDGE('',*,*,#11133,.T.);
#11467 = ORIENTED_EDGE('',*,*,#9129,.T.);
#11468 = ADVANCED_FACE('',(#11469),#3192,.F.);
#11469 = FACE_BOUND('',#11470,.T.);
#11470 = EDGE_LOOP('',(#11471,#11494,#11559,#11616,#11617,#11618));
#11471 = ORIENTED_EDGE('',*,*,#11472,.F.);
#11472 = EDGE_CURVE('',#11473,#9010,#11475,.T.);
#11473 = VERTEX_POINT('',#11474);
#11474 = CARTESIAN_POINT('',(16.268820,12.797958971,-15.1));
#11475 = SURFACE_CURVE('',#11476,(#11480,#11487),.PCURVE_S1.);
#11476 = LINE('',#11477,#11478);
#11477 = CARTESIAN_POINT('',(16.268820,12.797958971,-15.1));
#11478 = VECTOR('',#11479,1.);
#11479 = DIRECTION('',(0.,1.,-0.));
#11480 = PCURVE('',#3192,#11481);
#11481 = DEFINITIONAL_REPRESENTATION('',(#11482),#11486);
#11482 = LINE('',#11483,#11484);
#11483 = CARTESIAN_POINT('',(1.E-01,-1.202041029));
#11484 = VECTOR('',#11485,1.);
#11485 = DIRECTION('',(-0.,1.));
#11486 = ( GEOMETRIC_REPRESENTATION_CONTEXT(2) 
PARAMETRIC_REPRESENTATION_CONTEXT() REPRESENTATION_CONTEXT('2D SPACE',''
  ) );
#11487 = PCURVE('',#4679,#11488);
#11488 = DEFINITIONAL_REPRESENTATION('',(#11489),#11493);
#11489 = LINE('',#11490,#11491);
#11490 = CARTESIAN_POINT('',(-12.45,26.997958971));
#11491 = VECTOR('',#11492,1.);
#11492 = DIRECTION('',(0.,1.));
#11493 = ( GEOMETRIC_REPRESENTATION_CONTEXT(2) 
PARAMETRIC_REPRESENTATION_CONTEXT() REPRESENTATION_CONTEXT('2D SPACE',''
  ) );
#11494 = ORIENTED_EDGE('',*,*,#11495,.F.);
#11495 = EDGE_CURVE('',#11496,#11473,#11498,.T.);
#11496 = VERTEX_POINT('',#11497);
#11497 = CARTESIAN_POINT('',(16.268820,12.606516343,-14.565812575));
#11498 = SURFACE_CURVE('',#11499,(#11513,#11530),.PCURVE_S1.);
#11499 = B_SPLINE_CURVE_WITH_KNOTS('',3,(#11500,#11501,#11502,#11503,
    #11504,#11505,#11506,#11507,#11508,#11509,#11510,#11511,#11512),
  .UNSPECIFIED.,.F.,.F.,(4,3,3,3,4),(2.05284E-04,3.90887E-04,5.7649E-04,
    7.62092E-04,9.47695E-04),.UNSPECIFIED.);
#11500 = CARTESIAN_POINT('',(16.268820,12.606516343,-14.565812575));
#11501 = CARTESIAN_POINT('',(16.268820,12.557219278,-14.604453279));
#11502 = CARTESIAN_POINT('',(16.268820,12.520826565,-14.657867084));
#11503 = CARTESIAN_POINT('',(16.268820,12.503396431,-14.717497242));
#11504 = CARTESIAN_POINT('',(16.268820,12.485966296,-14.777127399));
#11505 = CARTESIAN_POINT('',(16.268820,12.488185467,-14.842657556));
#11506 = CARTESIAN_POINT('',(16.268820,12.50942644,-14.900875514));
#11507 = CARTESIAN_POINT('',(16.268820,12.530667413,-14.959093473));
#11508 = CARTESIAN_POINT('',(16.268820,12.57123967,-15.010769416));
#11509 = CARTESIAN_POINT('',(16.268820,12.622308851,-15.045769732));
#11510 = CARTESIAN_POINT('',(16.268820,12.673378032,-15.080770048));
#11511 = CARTESIAN_POINT('',(16.268820,12.735967703,-15.1));
#11512 = CARTESIAN_POINT('',(16.268820,12.797958971,-15.1));
#11513 = PCURVE('',#3192,#11514);
#11514 = DEFINITIONAL_REPRESENTATION('',(#11515),#11529);
#11515 = B_SPLINE_CURVE_WITH_KNOTS('',3,(#11516,#11517,#11518,#11519,
    #11520,#11521,#11522,#11523,#11524,#11525,#11526,#11527,#11528),
  .UNSPECIFIED.,.F.,.F.,(4,3,3,3,4),(2.05284E-04,3.90887E-04,5.7649E-04,
    7.62092E-04,9.47695E-04),.UNSPECIFIED.);
#11516 = CARTESIAN_POINT('',(-0.434187425,-1.393483657));
#11517 = CARTESIAN_POINT('',(-0.395546721,-1.442780722));
#11518 = CARTESIAN_POINT('',(-0.342132916,-1.479173435));
#11519 = CARTESIAN_POINT('',(-0.282502758,-1.496603569));
#11520 = CARTESIAN_POINT('',(-0.222872601,-1.514033704));
#11521 = CARTESIAN_POINT('',(-0.157342444,-1.511814533));
#11522 = CARTESIAN_POINT('',(-9.9124486E-02,-1.49057356));
#11523 = CARTESIAN_POINT('',(-4.0906527E-02,-1.469332587));
#11524 = CARTESIAN_POINT('',(1.0769416E-02,-1.42876033));
#11525 = CARTESIAN_POINT('',(4.5769732E-02,-1.377691149));
#11526 = CARTESIAN_POINT('',(8.0770048E-02,-1.326621968));
#11527 = CARTESIAN_POINT('',(1.E-01,-1.264032297));
#11528 = CARTESIAN_POINT('',(1.E-01,-1.202041029));
#11529 = ( GEOMETRIC_REPRESENTATION_CONTEXT(2) 
PARAMETRIC_REPRESENTATION_CONTEXT() REPRESENTATION_CONTEXT('2D SPACE',''
  ) );
#11530 = PCURVE('',#4631,#11531);
#11531 = DEFINITIONAL_REPRESENTATION('',(#11532),#11558);
#11532 = B_SPLINE_CURVE_WITH_KNOTS('',3,(#11533,#11534,#11535,#11536,
    #11537,#11538,#11539,#11540,#11541,#11542,#11543,#11544,#11545,
    #11546,#11547,#11548,#11549,#11550,#11551,#11552,#11553,#11554,
    #11555,#11556,#11557),.UNSPECIFIED.,.F.,.F.,(4,1,1,1,1,1,1,1,1,1,1,1
    ,1,1,1,1,1,1,1,1,1,1,4),(2.05284E-04,2.390299545455E-04,
    2.727759090909E-04,3.065218636364E-04,3.402678181818E-04,
    3.740137727273E-04,4.077597272727E-04,4.415056818182E-04,
    4.752516363636E-04,5.089975909091E-04,5.427435454545E-04,
    5.764895E-04,6.102354545455E-04,6.439814090909E-04,
    6.777273636364E-04,7.114733181818E-04,7.452192727273E-04,
    7.789652272727E-04,8.127111818182E-04,8.464571363636E-04,
    8.802030909091E-04,9.139490454545E-04,9.47695E-04),
  .QUASI_UNIFORM_KNOTS.);
#11533 = CARTESIAN_POINT('',(4.507129034342,2.245927859829));
#11534 = CARTESIAN_POINT('',(4.506942856126,2.283391387853));
#11535 = CARTESIAN_POINT('',(4.506587222477,2.35820196453));
#11536 = CARTESIAN_POINT('',(4.50610932133,2.470222651906));
#11537 = CARTESIAN_POINT('',(4.505692353198,2.582218424683));
#11538 = CARTESIAN_POINT('',(4.505341692284,2.69430353695));
#11539 = CARTESIAN_POINT('',(4.505062596754,2.806596413627));
#11540 = CARTESIAN_POINT('',(4.504860461316,2.919361779447));
#11541 = CARTESIAN_POINT('',(4.504741241654,3.032413203612));
#11542 = CARTESIAN_POINT('',(4.504703894197,3.145685687306));
#11543 = CARTESIAN_POINT('',(4.504748235968,3.258952429456));
#11544 = CARTESIAN_POINT('',(4.504873681662,3.371998722362));
#11545 = CARTESIAN_POINT('',(4.505079257463,3.484548071107));
#11546 = CARTESIAN_POINT('',(4.505364834429,3.596959038412));
#11547 = CARTESIAN_POINT('',(4.505723861814,3.709603940869));
#11548 = CARTESIAN_POINT('',(4.506148684982,3.822201002359));
#11549 = CARTESIAN_POINT('',(4.506631885566,3.934491558151));
#11550 = CARTESIAN_POINT('',(4.507166072563,4.046225188736));
#11551 = CARTESIAN_POINT('',(4.507743632829,4.157125470895));
#11552 = CARTESIAN_POINT('',(4.508360989771,4.26828778732));
#11553 = CARTESIAN_POINT('',(4.509007757773,4.379566745594));
#11554 = CARTESIAN_POINT('',(4.509674691962,4.49081650364));
#11555 = CARTESIAN_POINT('',(4.510352491198,4.601820729427));
#11556 = CARTESIAN_POINT('',(4.510805656518,4.67558767059));
#11557 = CARTESIAN_POINT('',(4.511031059592,4.712388979951));
#11558 = ( GEOMETRIC_REPRESENTATION_CONTEXT(2) 
PARAMETRIC_REPRESENTATION_CONTEXT() REPRESENTATION_CONTEXT('2D SPACE',''
  ) );
#11559 = ORIENTED_EDGE('',*,*,#11560,.T.);
#11560 = EDGE_CURVE('',#11496,#3150,#11561,.T.);
#11561 = SURFACE_CURVE('',#11562,(#11573,#11587),.PCURVE_S1.);
#11562 = B_SPLINE_CURVE_WITH_KNOTS('',3,(#11563,#11564,#11565,#11566,
    #11567,#11568,#11569,#11570,#11571,#11572),.UNSPECIFIED.,.F.,.F.,(4,
    3,3,4),(0.,1.11832E-04,2.23664E-04,4.47328E-04),.UNSPECIFIED.);
#11563 = CARTESIAN_POINT('',(16.268820,12.606516343,-14.565812575));
#11564 = CARTESIAN_POINT('',(16.268820,12.636270067,-14.542490602));
#11565 = CARTESIAN_POINT('',(16.268820,12.662902363,-14.51632561));
#11566 = CARTESIAN_POINT('',(16.268820,12.686486389,-14.487384232));
#11567 = CARTESIAN_POINT('',(16.268820,12.710070415,-14.458442854));
#11568 = CARTESIAN_POINT('',(16.268820,12.730712474,-14.426341713));
#11569 = CARTESIAN_POINT('',(16.268820,12.747211502,-14.392859826));
#11570 = CARTESIAN_POINT('',(16.268820,12.780209557,-14.325896052));
#11571 = CARTESIAN_POINT('',(16.268820,12.797958971,-14.251136001));
#11572 = CARTESIAN_POINT('',(16.268820,12.797958971,-14.1755002));
#11573 = PCURVE('',#3192,#11574);
#11574 = DEFINITIONAL_REPRESENTATION('',(#11575),#11586);
#11575 = B_SPLINE_CURVE_WITH_KNOTS('',3,(#11576,#11577,#11578,#11579,
    #11580,#11581,#11582,#11583,#11584,#11585),.UNSPECIFIED.,.F.,.F.,(4,
    3,3,4),(0.,1.11832E-04,2.23664E-04,4.47328E-04),.UNSPECIFIED.);
#11576 = CARTESIAN_POINT('',(-0.434187425,-1.393483657));
#11577 = CARTESIAN_POINT('',(-0.457509398,-1.363729933));
#11578 = CARTESIAN_POINT('',(-0.48367439,-1.337097637));
#11579 = CARTESIAN_POINT('',(-0.512615768,-1.313513611));
#11580 = CARTESIAN_POINT('',(-0.541557146,-1.289929585));
#11581 = CARTESIAN_POINT('',(-0.573658287,-1.269287526));
#11582 = CARTESIAN_POINT('',(-0.607140174,-1.252788498));
#11583 = CARTESIAN_POINT('',(-0.674103948,-1.219790443));
#11584 = CARTESIAN_POINT('',(-0.748863999,-1.202041029));
#11585 = CARTESIAN_POINT('',(-0.8244998,-1.202041029));
#11586 = ( GEOMETRIC_REPRESENTATION_CONTEXT(2) 
PARAMETRIC_REPRESENTATION_CONTEXT() REPRESENTATION_CONTEXT('2D SPACE',''
  ) );
#11587 = PCURVE('',#3166,#11588);
#11588 = DEFINITIONAL_REPRESENTATION('',(#11589),#11615);
#11589 = B_SPLINE_CURVE_WITH_KNOTS('',3,(#11590,#11591,#11592,#11593,
    #11594,#11595,#11596,#11597,#11598,#11599,#11600,#11601,#11602,
    #11603,#11604,#11605,#11606,#11607,#11608,#11609,#11610,#11611,
    #11612,#11613,#11614),.UNSPECIFIED.,.F.,.F.,(4,1,1,1,1,1,1,1,1,1,1,1
    ,1,1,1,1,1,1,1,1,1,1,4),(0.,2.033309090909E-05,4.066618181818E-05,
    6.099927272727E-05,8.133236363636E-05,1.016654545455E-04,
    1.219985454545E-04,1.423316363636E-04,1.626647272727E-04,
    1.829978181818E-04,2.033309090909E-04,2.23664E-04,2.439970909091E-04
    ,2.643301818182E-04,2.846632727273E-04,3.049963636364E-04,
    3.253294545455E-04,3.456625454545E-04,3.659956363636E-04,
    3.863287272727E-04,4.066618181818E-04,4.269949090909E-04,4.47328E-04
    ),.QUASI_UNIFORM_KNOTS.);
#11590 = CARTESIAN_POINT('',(1.776056272838,0.895664794116));
#11591 = CARTESIAN_POINT('',(1.775943903657,0.882095607242));
#11592 = CARTESIAN_POINT('',(1.775723813934,0.855037297906));
#11593 = CARTESIAN_POINT('',(1.775407450433,0.81462316803));
#11594 = CARTESIAN_POINT('',(1.775104681866,0.77431548619));
#11595 = CARTESIAN_POINT('',(1.774815336704,0.734047460711));
#11596 = CARTESIAN_POINT('',(1.774539264166,0.693752348577));
#11597 = CARTESIAN_POINT('',(1.774276262675,0.653367406858));
#11598 = CARTESIAN_POINT('',(1.774026143258,0.612731663828));
#11599 = CARTESIAN_POINT('',(1.773789834548,0.571961854124));
#11600 = CARTESIAN_POINT('',(1.773568099422,0.531141066753));
#11601 = CARTESIAN_POINT('',(1.773361672,0.490348248351));
#11602 = CARTESIAN_POINT('',(1.773171558556,0.449713666567));
#11603 = CARTESIAN_POINT('',(1.772997704054,0.409156128352));
#11604 = CARTESIAN_POINT('',(1.772839416161,0.368508024662));
#11605 = CARTESIAN_POINT('',(1.772697074603,0.327811640083));
#11606 = CARTESIAN_POINT('',(1.7725707796,0.28705418771));
#11607 = CARTESIAN_POINT('',(1.772460714368,0.246238273314));
#11608 = CARTESIAN_POINT('',(1.772367048345,0.205362478535));
#11609 = CARTESIAN_POINT('',(1.772289963523,0.164426020554));
#11610 = CARTESIAN_POINT('',(1.772229647709,0.123426989857));
#11611 = CARTESIAN_POINT('',(1.77218629701,8.236222417838E-02));
#11612 = CARTESIAN_POINT('',(1.772160114577,4.122710661934E-02));
#11613 = CARTESIAN_POINT('',(1.772154248309,1.375176817088E-02));
#11614 = CARTESIAN_POINT('',(1.772154247588,0.));
#11615 = ( GEOMETRIC_REPRESENTATION_CONTEXT(2) 
PARAMETRIC_REPRESENTATION_CONTEXT() REPRESENTATION_CONTEXT('2D SPACE',''
  ) );
#11616 = ORIENTED_EDGE('',*,*,#3178,.T.);
#11617 = ORIENTED_EDGE('',*,*,#3207,.T.);
#11618 = ORIENTED_EDGE('',*,*,#9033,.F.);
#11619 = ADVANCED_FACE('',(#11620),#4679,.T.);
#11620 = FACE_BOUND('',#11621,.T.);
#11621 = EDGE_LOOP('',(#11622,#11623,#11624,#11650));
#11622 = ORIENTED_EDGE('',*,*,#9009,.T.);
#11623 = ORIENTED_EDGE('',*,*,#4665,.F.);
#11624 = ORIENTED_EDGE('',*,*,#11625,.T.);
#11625 = EDGE_CURVE('',#4596,#11473,#11626,.T.);
#11626 = SURFACE_CURVE('',#11627,(#11632,#11643),.PCURVE_S1.);
#11627 = CIRCLE('',#11628,10.);
#11628 = AXIS2_PLACEMENT_3D('',#11629,#11630,#11631);
#11629 = CARTESIAN_POINT('',(13.462583,3.0,-15.1));
#11630 = DIRECTION('',(0.,0.,1.));
#11631 = DIRECTION('',(-0.,1.,0.));
#11632 = PCURVE('',#4679,#11633);
#11633 = DEFINITIONAL_REPRESENTATION('',(#11634),#11642);
#11634 = ( BOUNDED_CURVE() B_SPLINE_CURVE(2,(#11635,#11636,#11637,#11638
    ,#11639,#11640,#11641),.UNSPECIFIED.,.T.,.F.) 
B_SPLINE_CURVE_WITH_KNOTS((1,2,2,2,2,1),(-2.094395102393,0.,
    2.094395102393,4.188790204786,6.28318530718,8.377580409573),
.UNSPECIFIED.) CURVE() GEOMETRIC_REPRESENTATION_ITEM() 
RATIONAL_B_SPLINE_CURVE((1.,0.5,1.,0.5,1.,0.5,1.)) REPRESENTATION_ITEM(
  '') );
#11635 = CARTESIAN_POINT('',(-10.45,27.2));
#11636 = CARTESIAN_POINT('',(6.870508075689,27.2));
#11637 = CARTESIAN_POINT('',(-1.789745962156,12.2));
#11638 = CARTESIAN_POINT('',(-10.45,-2.8));
#11639 = CARTESIAN_POINT('',(-19.11025403784,12.2));
#11640 = CARTESIAN_POINT('',(-27.77050807568,27.2));
#11641 = CARTESIAN_POINT('',(-10.45,27.2));
#11642 = ( GEOMETRIC_REPRESENTATION_CONTEXT(2) 
PARAMETRIC_REPRESENTATION_CONTEXT() REPRESENTATION_CONTEXT('2D SPACE',''
  ) );
#11643 = PCURVE('',#4631,#11644);
#11644 = DEFINITIONAL_REPRESENTATION('',(#11645),#11649);
#11645 = LINE('',#11646,#11647);
#11646 = CARTESIAN_POINT('',(-1.570796326795,4.712388980385));
#11647 = VECTOR('',#11648,1.);
#11648 = DIRECTION('',(1.,-1.507589434249E-15));
#11649 = ( GEOMETRIC_REPRESENTATION_CONTEXT(2) 
PARAMETRIC_REPRESENTATION_CONTEXT() REPRESENTATION_CONTEXT('2D SPACE',''
  ) );
#11650 = ORIENTED_EDGE('',*,*,#11472,.T.);
#11651 = ADVANCED_FACE('',(#11652),#4631,.T.);
#11652 = FACE_BOUND('',#11653,.T.);
#11653 = EDGE_LOOP('',(#11654,#11655,#11677,#11678));
#11654 = ORIENTED_EDGE('',*,*,#4595,.F.);
#11655 = ORIENTED_EDGE('',*,*,#11656,.T.);
#11656 = EDGE_CURVE('',#4537,#11496,#11657,.T.);
#11657 = SURFACE_CURVE('',#11658,(#11663,#11670),.PCURVE_S1.);
#11658 = CIRCLE('',#11659,9.8125);
#11659 = AXIS2_PLACEMENT_3D('',#11660,#11661,#11662);
#11660 = CARTESIAN_POINT('',(13.462583,3.0,-14.565812575));
#11661 = DIRECTION('',(0.,0.,1.));
#11662 = DIRECTION('',(-1.,0.,0.));
#11663 = PCURVE('',#4631,#11664);
#11664 = DEFINITIONAL_REPRESENTATION('',(#11665),#11669);
#11665 = LINE('',#11666,#11667);
#11666 = CARTESIAN_POINT('',(-4.440892098501E-16,2.245927859607));
#11667 = VECTOR('',#11668,1.);
#11668 = DIRECTION('',(1.,7.58689170462E-16));
#11669 = ( GEOMETRIC_REPRESENTATION_CONTEXT(2) 
PARAMETRIC_REPRESENTATION_CONTEXT() REPRESENTATION_CONTEXT('2D SPACE',''
  ) );
#11670 = PCURVE('',#3166,#11671);
#11671 = DEFINITIONAL_REPRESENTATION('',(#11672),#11676);
#11672 = LINE('',#11673,#11674);
#11673 = CARTESIAN_POINT('',(6.28318530718,0.895664793983));
#11674 = VECTOR('',#11675,1.);
#11675 = DIRECTION('',(-1.,-8.535253167697E-16));
#11676 = ( GEOMETRIC_REPRESENTATION_CONTEXT(2) 
PARAMETRIC_REPRESENTATION_CONTEXT() REPRESENTATION_CONTEXT('2D SPACE',''
  ) );
#11677 = ORIENTED_EDGE('',*,*,#11495,.T.);
#11678 = ORIENTED_EDGE('',*,*,#11625,.F.);
#11679 = ADVANCED_FACE('',(#11680),#11192,.T.);
#11680 = FACE_BOUND('',#11681,.T.);
#11681 = EDGE_LOOP('',(#11682,#11683,#11705,#11706));
#11682 = ORIENTED_EDGE('',*,*,#11349,.F.);
#11683 = ORIENTED_EDGE('',*,*,#11684,.T.);
#11684 = EDGE_CURVE('',#11291,#11157,#11685,.T.);
#11685 = SURFACE_CURVE('',#11686,(#11691,#11698),.PCURVE_S1.);
#11686 = CIRCLE('',#11687,9.8125);
#11687 = AXIS2_PLACEMENT_3D('',#11688,#11689,#11690);
#11688 = CARTESIAN_POINT('',(-15.862584,3.0,-14.565812575));
#11689 = DIRECTION('',(0.,0.,1.));
#11690 = DIRECTION('',(-1.,0.,0.));
#11691 = PCURVE('',#11192,#11692);
#11692 = DEFINITIONAL_REPRESENTATION('',(#11693),#11697);
#11693 = LINE('',#11694,#11695);
#11694 = CARTESIAN_POINT('',(-3.14159265359,2.245927859607));
#11695 = VECTOR('',#11696,1.);
#11696 = DIRECTION('',(1.,3.061954524389E-15));
#11697 = ( GEOMETRIC_REPRESENTATION_CONTEXT(2) 
PARAMETRIC_REPRESENTATION_CONTEXT() REPRESENTATION_CONTEXT('2D SPACE',''
  ) );
#11698 = PCURVE('',#3049,#11699);
#11699 = DEFINITIONAL_REPRESENTATION('',(#11700),#11704);
#11700 = LINE('',#11701,#11702);
#11701 = CARTESIAN_POINT('',(6.28318530718,0.895664793983));
#11702 = VECTOR('',#11703,1.);
#11703 = DIRECTION('',(-1.,0.));
#11704 = ( GEOMETRIC_REPRESENTATION_CONTEXT(2) 
PARAMETRIC_REPRESENTATION_CONTEXT() REPRESENTATION_CONTEXT('2D SPACE',''
  ) );
#11705 = ORIENTED_EDGE('',*,*,#11156,.T.);
#11706 = ORIENTED_EDGE('',*,*,#11441,.F.);
#11707 = ADVANCED_FACE('',(#11708),#10853,.T.);
#11708 = FACE_BOUND('',#11709,.T.);
#11709 = EDGE_LOOP('',(#11710,#11711,#11733,#11734));
#11710 = ORIENTED_EDGE('',*,*,#11010,.F.);
#11711 = ORIENTED_EDGE('',*,*,#11712,.T.);
#11712 = EDGE_CURVE('',#10952,#10818,#11713,.T.);
#11713 = SURFACE_CURVE('',#11714,(#11719,#11726),.PCURVE_S1.);
#11714 = CIRCLE('',#11715,9.8125);
#11715 = AXIS2_PLACEMENT_3D('',#11716,#11717,#11718);
#11716 = CARTESIAN_POINT('',(-15.862584,-31.4,-14.565812575));
#11717 = DIRECTION('',(0.,0.,1.));
#11718 = DIRECTION('',(-1.,0.,0.));
#11719 = PCURVE('',#10853,#11720);
#11720 = DEFINITIONAL_REPRESENTATION('',(#11721),#11725);
#11721 = LINE('',#11722,#11723);
#11722 = CARTESIAN_POINT('',(3.14159265359,2.245927859607));
#11723 = VECTOR('',#11724,1.);
#11724 = DIRECTION('',(1.,-2.703491786306E-15));
#11725 = ( GEOMETRIC_REPRESENTATION_CONTEXT(2) 
PARAMETRIC_REPRESENTATION_CONTEXT() REPRESENTATION_CONTEXT('2D SPACE',''
  ) );
#11726 = PCURVE('',#2932,#11727);
#11727 = DEFINITIONAL_REPRESENTATION('',(#11728),#11732);
#11728 = LINE('',#11729,#11730);
#11729 = CARTESIAN_POINT('',(6.28318530718,0.895664793983));
#11730 = VECTOR('',#11731,1.);
#11731 = DIRECTION('',(-1.,8.689795027412E-16));
#11732 = ( GEOMETRIC_REPRESENTATION_CONTEXT(2) 
PARAMETRIC_REPRESENTATION_CONTEXT() REPRESENTATION_CONTEXT('2D SPACE',''
  ) );
#11733 = ORIENTED_EDGE('',*,*,#10817,.T.);
#11734 = ORIENTED_EDGE('',*,*,#11102,.F.);
#11735 = ADVANCED_FACE('',(#11736),#10514,.T.);
#11736 = FACE_BOUND('',#11737,.T.);
#11737 = EDGE_LOOP('',(#11738,#11739,#11761,#11762));
#11738 = ORIENTED_EDGE('',*,*,#10671,.F.);
#11739 = ORIENTED_EDGE('',*,*,#11740,.T.);
#11740 = EDGE_CURVE('',#10613,#10479,#11741,.T.);
#11741 = SURFACE_CURVE('',#11742,(#11747,#11754),.PCURVE_S1.);
#11742 = CIRCLE('',#11743,9.8125);
#11743 = AXIS2_PLACEMENT_3D('',#11744,#11745,#11746);
#11744 = CARTESIAN_POINT('',(13.462583,-31.4,-14.565812575));
#11745 = DIRECTION('',(0.,0.,1.));
#11746 = DIRECTION('',(-1.,0.,0.));
#11747 = PCURVE('',#10514,#11748);
#11748 = DEFINITIONAL_REPRESENTATION('',(#11749),#11753);
#11749 = LINE('',#11750,#11751);
#11750 = CARTESIAN_POINT('',(-2.22044604925E-16,2.245927859607));
#11751 = VECTOR('',#11752,1.);
#11752 = DIRECTION('',(1.,4.975676102132E-15));
#11753 = ( GEOMETRIC_REPRESENTATION_CONTEXT(2) 
PARAMETRIC_REPRESENTATION_CONTEXT() REPRESENTATION_CONTEXT('2D SPACE',''
  ) );
#11754 = PCURVE('',#2820,#11755);
#11755 = DEFINITIONAL_REPRESENTATION('',(#11756),#11760);
#11756 = LINE('',#11757,#11758);
#11757 = CARTESIAN_POINT('',(6.28318530718,0.895664793983));
#11758 = VECTOR('',#11759,1.);
#11759 = DIRECTION('',(-1.,4.018815313261E-15));
#11760 = ( GEOMETRIC_REPRESENTATION_CONTEXT(2) 
PARAMETRIC_REPRESENTATION_CONTEXT() REPRESENTATION_CONTEXT('2D SPACE',''
  ) );
#11761 = ORIENTED_EDGE('',*,*,#10478,.T.);
#11762 = ORIENTED_EDGE('',*,*,#10763,.F.);
#11763 = ADVANCED_FACE('',(#11764),#310,.F.);
#11764 = FACE_BOUND('',#11765,.F.);
#11765 = EDGE_LOOP('',(#11766,#11767,#11768,#11769));
#11766 = ORIENTED_EDGE('',*,*,#2733,.T.);
#11767 = ORIENTED_EDGE('',*,*,#289,.T.);
#11768 = ORIENTED_EDGE('',*,*,#2686,.T.);
#11769 = ORIENTED_EDGE('',*,*,#951,.T.);
#11770 = ADVANCED_FACE('',(#11771),#3166,.F.);
#11771 = FACE_BOUND('',#11772,.F.);
#11772 = EDGE_LOOP('',(#11773,#11774,#11775,#11776));
#11773 = ORIENTED_EDGE('',*,*,#3149,.T.);
#11774 = ORIENTED_EDGE('',*,*,#4536,.T.);
#11775 = ORIENTED_EDGE('',*,*,#11656,.T.);
#11776 = ORIENTED_EDGE('',*,*,#11560,.T.);
#11777 = ADVANCED_FACE('',(#11778),#3049,.F.);
#11778 = FACE_BOUND('',#11779,.F.);
#11779 = EDGE_LOOP('',(#11780,#11781,#11782,#11783));
#11780 = ORIENTED_EDGE('',*,*,#3032,.T.);
#11781 = ORIENTED_EDGE('',*,*,#11290,.T.);
#11782 = ORIENTED_EDGE('',*,*,#11684,.T.);
#11783 = ORIENTED_EDGE('',*,*,#11226,.T.);
#11784 = ADVANCED_FACE('',(#11785),#2932,.F.);
#11785 = FACE_BOUND('',#11786,.F.);
#11786 = EDGE_LOOP('',(#11787,#11788,#11789,#11790));
#11787 = ORIENTED_EDGE('',*,*,#2915,.T.);
#11788 = ORIENTED_EDGE('',*,*,#10951,.T.);
#11789 = ORIENTED_EDGE('',*,*,#11712,.T.);
#11790 = ORIENTED_EDGE('',*,*,#10887,.T.);
#11791 = ADVANCED_FACE('',(#11792),#2820,.F.);
#11792 = FACE_BOUND('',#11793,.F.);
#11793 = EDGE_LOOP('',(#11794,#11795,#11796,#11797));
#11794 = ORIENTED_EDGE('',*,*,#2803,.T.);
#11795 = ORIENTED_EDGE('',*,*,#10612,.T.);
#11796 = ORIENTED_EDGE('',*,*,#11740,.T.);
#11797 = ORIENTED_EDGE('',*,*,#10548,.T.);
#11798 = ADVANCED_FACE('',(#11799),#1502,.T.);
#11799 = FACE_BOUND('',#11800,.T.);
#11800 = EDGE_LOOP('',(#11801,#11802,#11825,#11846));
#11801 = ORIENTED_EDGE('',*,*,#1991,.F.);
#11802 = ORIENTED_EDGE('',*,*,#11803,.T.);
#11803 = EDGE_CURVE('',#1959,#11804,#11806,.T.);
#11804 = VERTEX_POINT('',#11805);
#11805 = CARTESIAN_POINT('',(7.920267,-39.5,-8.25));
#11806 = SURFACE_CURVE('',#11807,(#11811,#11818),.PCURVE_S1.);
#11807 = LINE('',#11808,#11809);
#11808 = CARTESIAN_POINT('',(7.920267,-43.4,-8.25));
#11809 = VECTOR('',#11810,1.);
#11810 = DIRECTION('',(-0.,1.,-0.));
#11811 = PCURVE('',#1502,#11812);
#11812 = DEFINITIONAL_REPRESENTATION('',(#11813),#11817);
#11813 = LINE('',#11814,#11815);
#11814 = CARTESIAN_POINT('',(-3.,-2.));
#11815 = VECTOR('',#11816,1.);
#11816 = DIRECTION('',(1.,0.));
#11817 = ( GEOMETRIC_REPRESENTATION_CONTEXT(2) 
PARAMETRIC_REPRESENTATION_CONTEXT() REPRESENTATION_CONTEXT('2D SPACE',''
  ) );
#11818 = PCURVE('',#1979,#11819);
#11819 = DEFINITIONAL_REPRESENTATION('',(#11820),#11824);
#11820 = LINE('',#11821,#11822);
#11821 = CARTESIAN_POINT('',(4.712388980385,3.));
#11822 = VECTOR('',#11823,1.);
#11823 = DIRECTION('',(0.,-1.));
#11824 = ( GEOMETRIC_REPRESENTATION_CONTEXT(2) 
PARAMETRIC_REPRESENTATION_CONTEXT() REPRESENTATION_CONTEXT('2D SPACE',''
  ) );
#11825 = ORIENTED_EDGE('',*,*,#11826,.T.);
#11826 = EDGE_CURVE('',#11804,#1487,#11827,.T.);
#11827 = SURFACE_CURVE('',#11828,(#11832,#11839),.PCURVE_S1.);
#11828 = LINE('',#11829,#11830);
#11829 = CARTESIAN_POINT('',(7.920267,-39.5,-8.25));
#11830 = VECTOR('',#11831,1.);
#11831 = DIRECTION('',(-0.,0.,-1.));
#11832 = PCURVE('',#1502,#11833);
#11833 = DEFINITIONAL_REPRESENTATION('',(#11834),#11838);
#11834 = LINE('',#11835,#11836);
#11835 = CARTESIAN_POINT('',(0.9,-2.));
#11836 = VECTOR('',#11837,1.);
#11837 = DIRECTION('',(0.,1.));
#11838 = ( GEOMETRIC_REPRESENTATION_CONTEXT(2) 
PARAMETRIC_REPRESENTATION_CONTEXT() REPRESENTATION_CONTEXT('2D SPACE',''
  ) );
#11839 = PCURVE('',#1530,#11840);
#11840 = DEFINITIONAL_REPRESENTATION('',(#11841),#11845);
#11841 = LINE('',#11842,#11843);
#11842 = CARTESIAN_POINT('',(6.096677108,98.75));
#11843 = VECTOR('',#11844,1.);
#11844 = DIRECTION('',(0.,-1.));
#11845 = ( GEOMETRIC_REPRESENTATION_CONTEXT(2) 
PARAMETRIC_REPRESENTATION_CONTEXT() REPRESENTATION_CONTEXT('2D SPACE',''
  ) );
#11846 = ORIENTED_EDGE('',*,*,#1486,.F.);
#11847 = ADVANCED_FACE('',(#11848),#2412,.T.);
#11848 = FACE_BOUND('',#11849,.T.);
#11849 = EDGE_LOOP('',(#11850,#11851,#11874,#11897));
#11850 = ORIENTED_EDGE('',*,*,#2396,.F.);
#11851 = ORIENTED_EDGE('',*,*,#11852,.T.);
#11852 = EDGE_CURVE('',#2315,#11853,#11855,.T.);
#11853 = VERTEX_POINT('',#11854);
#11854 = CARTESIAN_POINT('',(-7.514031,-39.5,-6.25));
#11855 = SURFACE_CURVE('',#11856,(#11860,#11867),.PCURVE_S1.);
#11856 = LINE('',#11857,#11858);
#11857 = CARTESIAN_POINT('',(-7.514031,-43.349152421,-6.25));
#11858 = VECTOR('',#11859,1.);
#11859 = DIRECTION('',(-0.,1.,-0.));
#11860 = PCURVE('',#2412,#11861);
#11861 = DEFINITIONAL_REPRESENTATION('',(#11862),#11866);
#11862 = LINE('',#11863,#11864);
#11863 = CARTESIAN_POINT('',(4.474932403988,-2.98705205546));
#11864 = VECTOR('',#11865,1.);
#11865 = DIRECTION('',(8.44551400009E-03,0.999964336011));
#11866 = ( GEOMETRIC_REPRESENTATION_CONTEXT(2) 
PARAMETRIC_REPRESENTATION_CONTEXT() REPRESENTATION_CONTEXT('2D SPACE',''
  ) );
#11867 = PCURVE('',#2362,#11868);
#11868 = DEFINITIONAL_REPRESENTATION('',(#11869),#11873);
#11869 = LINE('',#11870,#11871);
#11870 = CARTESIAN_POINT('',(0.,2.949152421));
#11871 = VECTOR('',#11872,1.);
#11872 = DIRECTION('',(0.,-1.));
#11873 = ( GEOMETRIC_REPRESENTATION_CONTEXT(2) 
PARAMETRIC_REPRESENTATION_CONTEXT() REPRESENTATION_CONTEXT('2D SPACE',''
  ) );
#11874 = ORIENTED_EDGE('',*,*,#11875,.T.);
#11875 = EDGE_CURVE('',#11853,#11876,#11878,.T.);
#11876 = VERTEX_POINT('',#11877);
#11877 = CARTESIAN_POINT('',(5.114031,-39.5,-6.25));
#11878 = SURFACE_CURVE('',#11879,(#11883,#11890),.PCURVE_S1.);
#11879 = LINE('',#11880,#11881);
#11880 = CARTESIAN_POINT('',(-7.514031,-39.5,-6.25));
#11881 = VECTOR('',#11882,1.);
#11882 = DIRECTION('',(1.,-0.,-0.));
#11883 = PCURVE('',#2412,#11884);
#11884 = DEFINITIONAL_REPRESENTATION('',(#11885),#11889);
#11885 = LINE('',#11886,#11887);
#11886 = CARTESIAN_POINT('',(4.507440474648,0.861963089409));
#11887 = VECTOR('',#11888,1.);
#11888 = DIRECTION('',(-0.999964336011,8.44551400009E-03));
#11889 = ( GEOMETRIC_REPRESENTATION_CONTEXT(2) 
PARAMETRIC_REPRESENTATION_CONTEXT() REPRESENTATION_CONTEXT('2D SPACE',''
  ) );
#11890 = PCURVE('',#1530,#11891);
#11891 = DEFINITIONAL_REPRESENTATION('',(#11892),#11896);
#11892 = LINE('',#11893,#11894);
#11893 = CARTESIAN_POINT('',(-4.903322892,100.75));
#11894 = VECTOR('',#11895,1.);
#11895 = DIRECTION('',(1.,0.));
#11896 = ( GEOMETRIC_REPRESENTATION_CONTEXT(2) 
PARAMETRIC_REPRESENTATION_CONTEXT() REPRESENTATION_CONTEXT('2D SPACE',''
  ) );
#11897 = ORIENTED_EDGE('',*,*,#11898,.T.);
#11898 = EDGE_CURVE('',#11876,#2397,#11899,.T.);
#11899 = SURFACE_CURVE('',#11900,(#11904,#11911),.PCURVE_S1.);
#11900 = LINE('',#11901,#11902);
#11901 = CARTESIAN_POINT('',(5.114031,-39.5,-6.25));
#11902 = VECTOR('',#11903,1.);
#11903 = DIRECTION('',(0.,-1.,0.));
#11904 = PCURVE('',#2412,#11905);
#11905 = DEFINITIONAL_REPRESENTATION('',(#11906),#11910);
#11906 = LINE('',#11907,#11908);
#11907 = CARTESIAN_POINT('',(-4.492238549448,0.93797271541));
#11908 = VECTOR('',#11909,1.);
#11909 = DIRECTION('',(-8.44551400009E-03,-0.999964336011));
#11910 = ( GEOMETRIC_REPRESENTATION_CONTEXT(2) 
PARAMETRIC_REPRESENTATION_CONTEXT() REPRESENTATION_CONTEXT('2D SPACE',''
  ) );
#11911 = PCURVE('',#1979,#11912);
#11912 = DEFINITIONAL_REPRESENTATION('',(#11913),#11917);
#11913 = LINE('',#11914,#11915);
#11914 = CARTESIAN_POINT('',(6.28318530718,-0.9));
#11915 = VECTOR('',#11916,1.);
#11916 = DIRECTION('',(0.,1.));
#11917 = ( GEOMETRIC_REPRESENTATION_CONTEXT(2) 
PARAMETRIC_REPRESENTATION_CONTEXT() REPRESENTATION_CONTEXT('2D SPACE',''
  ) );
#11918 = ADVANCED_FACE('',(#11919),#1805,.T.);
#11919 = FACE_BOUND('',#11920,.T.);
#11920 = EDGE_LOOP('',(#11921,#11944,#11965,#11966));
#11921 = ORIENTED_EDGE('',*,*,#11922,.T.);
#11922 = EDGE_CURVE('',#1767,#11923,#11925,.T.);
#11923 = VERTEX_POINT('',#11924);
#11924 = CARTESIAN_POINT('',(-10.320267,-39.5,-8.25));
#11925 = SURFACE_CURVE('',#11926,(#11930,#11937),.PCURVE_S1.);
#11926 = LINE('',#11927,#11928);
#11927 = CARTESIAN_POINT('',(-10.320267,-39.5,-12.0));
#11928 = VECTOR('',#11929,1.);
#11929 = DIRECTION('',(0.,-0.,1.));
#11930 = PCURVE('',#1805,#11931);
#11931 = DEFINITIONAL_REPRESENTATION('',(#11932),#11936);
#11932 = LINE('',#11933,#11934);
#11933 = CARTESIAN_POINT('',(-0.9,1.75));
#11934 = VECTOR('',#11935,1.);
#11935 = DIRECTION('',(0.,-1.));
#11936 = ( GEOMETRIC_REPRESENTATION_CONTEXT(2) 
PARAMETRIC_REPRESENTATION_CONTEXT() REPRESENTATION_CONTEXT('2D SPACE',''
  ) );
#11937 = PCURVE('',#1530,#11938);
#11938 = DEFINITIONAL_REPRESENTATION('',(#11939),#11943);
#11939 = LINE('',#11940,#11941);
#11940 = CARTESIAN_POINT('',(-6.903322892,95.));
#11941 = VECTOR('',#11942,1.);
#11942 = DIRECTION('',(0.,1.));
#11943 = ( GEOMETRIC_REPRESENTATION_CONTEXT(2) 
PARAMETRIC_REPRESENTATION_CONTEXT() REPRESENTATION_CONTEXT('2D SPACE',''
  ) );
#11944 = ORIENTED_EDGE('',*,*,#11945,.T.);
#11945 = EDGE_CURVE('',#11923,#6400,#11946,.T.);
#11946 = SURFACE_CURVE('',#11947,(#11951,#11958),.PCURVE_S1.);
#11947 = LINE('',#11948,#11949);
#11948 = CARTESIAN_POINT('',(-10.320267,-39.5,-8.25));
#11949 = VECTOR('',#11950,1.);
#11950 = DIRECTION('',(0.,-1.,0.));
#11951 = PCURVE('',#1805,#11952);
#11952 = DEFINITIONAL_REPRESENTATION('',(#11953),#11957);
#11953 = LINE('',#11954,#11955);
#11954 = CARTESIAN_POINT('',(-0.9,-2.));
#11955 = VECTOR('',#11956,1.);
#11956 = DIRECTION('',(1.,0.));
#11957 = ( GEOMETRIC_REPRESENTATION_CONTEXT(2) 
PARAMETRIC_REPRESENTATION_CONTEXT() REPRESENTATION_CONTEXT('2D SPACE',''
  ) );
#11958 = PCURVE('',#2362,#11959);
#11959 = DEFINITIONAL_REPRESENTATION('',(#11960),#11964);
#11960 = LINE('',#11961,#11962);
#11961 = CARTESIAN_POINT('',(1.570796326795,-0.9));
#11962 = VECTOR('',#11963,1.);
#11963 = DIRECTION('',(0.,1.));
#11964 = ( GEOMETRIC_REPRESENTATION_CONTEXT(2) 
PARAMETRIC_REPRESENTATION_CONTEXT() REPRESENTATION_CONTEXT('2D SPACE',''
  ) );
#11965 = ORIENTED_EDGE('',*,*,#6399,.F.);
#11966 = ORIENTED_EDGE('',*,*,#1789,.F.);
#11967 = ADVANCED_FACE('',(#11968),#1530,.T.);
#11968 = FACE_BOUND('',#11969,.T.);
#11969 = EDGE_LOOP('',(#11970,#11971,#11972,#11973,#11974,#11975,#11976,
    #11977,#11978,#12000,#12001,#12023));
#11970 = ORIENTED_EDGE('',*,*,#1766,.F.);
#11971 = ORIENTED_EDGE('',*,*,#2067,.F.);
#11972 = ORIENTED_EDGE('',*,*,#2659,.F.);
#11973 = ORIENTED_EDGE('',*,*,#2219,.F.);
#11974 = ORIENTED_EDGE('',*,*,#2610,.F.);
#11975 = ORIENTED_EDGE('',*,*,#2114,.F.);
#11976 = ORIENTED_EDGE('',*,*,#1514,.F.);
#11977 = ORIENTED_EDGE('',*,*,#11826,.F.);
#11978 = ORIENTED_EDGE('',*,*,#11979,.T.);
#11979 = EDGE_CURVE('',#11804,#11876,#11980,.T.);
#11980 = SURFACE_CURVE('',#11981,(#11986,#11993),.PCURVE_S1.);
#11981 = CIRCLE('',#11982,2.);
#11982 = AXIS2_PLACEMENT_3D('',#11983,#11984,#11985);
#11983 = CARTESIAN_POINT('',(5.114031,-39.5,-8.25));
#11984 = DIRECTION('',(-0.,-1.,0.));
#11985 = DIRECTION('',(-1.,0.,0.));
#11986 = PCURVE('',#1530,#11987);
#11987 = DEFINITIONAL_REPRESENTATION('',(#11988),#11992);
#11988 = CIRCLE('',#11989,2.);
#11989 = AXIS2_PLACEMENT_2D('',#11990,#11991);
#11990 = CARTESIAN_POINT('',(4.096677108,98.75));
#11991 = DIRECTION('',(-1.,0.));
#11992 = ( GEOMETRIC_REPRESENTATION_CONTEXT(2) 
PARAMETRIC_REPRESENTATION_CONTEXT() REPRESENTATION_CONTEXT('2D SPACE',''
  ) );
#11993 = PCURVE('',#1979,#11994);
#11994 = DEFINITIONAL_REPRESENTATION('',(#11995),#11999);
#11995 = LINE('',#11996,#11997);
#11996 = CARTESIAN_POINT('',(1.570796326795,-0.9));
#11997 = VECTOR('',#11998,1.);
#11998 = DIRECTION('',(1.,0.));
#11999 = ( GEOMETRIC_REPRESENTATION_CONTEXT(2) 
PARAMETRIC_REPRESENTATION_CONTEXT() REPRESENTATION_CONTEXT('2D SPACE',''
  ) );
#12000 = ORIENTED_EDGE('',*,*,#11875,.F.);
#12001 = ORIENTED_EDGE('',*,*,#12002,.T.);
#12002 = EDGE_CURVE('',#11853,#11923,#12003,.T.);
#12003 = SURFACE_CURVE('',#12004,(#12009,#12016),.PCURVE_S1.);
#12004 = CIRCLE('',#12005,2.);
#12005 = AXIS2_PLACEMENT_3D('',#12006,#12007,#12008);
#12006 = CARTESIAN_POINT('',(-7.514031,-39.5,-8.25));
#12007 = DIRECTION('',(-0.,-1.,0.));
#12008 = DIRECTION('',(-1.,0.,0.));
#12009 = PCURVE('',#1530,#12010);
#12010 = DEFINITIONAL_REPRESENTATION('',(#12011),#12015);
#12011 = CIRCLE('',#12012,2.);
#12012 = AXIS2_PLACEMENT_2D('',#12013,#12014);
#12013 = CARTESIAN_POINT('',(-4.903322892,98.75));
#12014 = DIRECTION('',(-1.,0.));
#12015 = ( GEOMETRIC_REPRESENTATION_CONTEXT(2) 
PARAMETRIC_REPRESENTATION_CONTEXT() REPRESENTATION_CONTEXT('2D SPACE',''
  ) );
#12016 = PCURVE('',#2362,#12017);
#12017 = DEFINITIONAL_REPRESENTATION('',(#12018),#12022);
#12018 = LINE('',#12019,#12020);
#12019 = CARTESIAN_POINT('',(-4.712388980385,-0.9));
#12020 = VECTOR('',#12021,1.);
#12021 = DIRECTION('',(1.,0.));
#12022 = ( GEOMETRIC_REPRESENTATION_CONTEXT(2) 
PARAMETRIC_REPRESENTATION_CONTEXT() REPRESENTATION_CONTEXT('2D SPACE',''
  ) );
#12023 = ORIENTED_EDGE('',*,*,#11922,.F.);
#12024 = ADVANCED_FACE('',(#12025),#2362,.F.);
#12025 = FACE_BOUND('',#12026,.F.);
#12026 = EDGE_LOOP('',(#12027,#12028,#12029,#12030,#12031));
#12027 = ORIENTED_EDGE('',*,*,#11945,.T.);
#12028 = ORIENTED_EDGE('',*,*,#6422,.T.);
#12029 = ORIENTED_EDGE('',*,*,#2314,.T.);
#12030 = ORIENTED_EDGE('',*,*,#11852,.T.);
#12031 = ORIENTED_EDGE('',*,*,#12002,.T.);
#12032 = ADVANCED_FACE('',(#12033),#1979,.F.);
#12033 = FACE_BOUND('',#12034,.F.);
#12034 = EDGE_LOOP('',(#12035,#12036,#12037,#12038,#12039));
#12035 = ORIENTED_EDGE('',*,*,#11898,.T.);
#12036 = ORIENTED_EDGE('',*,*,#2424,.T.);
#12037 = ORIENTED_EDGE('',*,*,#1958,.T.);
#12038 = ORIENTED_EDGE('',*,*,#11803,.T.);
#12039 = ORIENTED_EDGE('',*,*,#11979,.T.);
#12040 = ADVANCED_FACE('',(#12041),#585,.T.);
#12041 = FACE_BOUND('',#12042,.T.);
#12042 = EDGE_LOOP('',(#12043,#12044,#12065,#12066));
#12043 = ORIENTED_EDGE('',*,*,#8702,.F.);
#12044 = ORIENTED_EDGE('',*,*,#12045,.F.);
#12045 = EDGE_CURVE('',#570,#8675,#12046,.T.);
#12046 = SURFACE_CURVE('',#12047,(#12051,#12058),.PCURVE_S1.);
#12047 = LINE('',#12048,#12049);
#12048 = CARTESIAN_POINT('',(27.493764,-32.3,-11.0));
#12049 = VECTOR('',#12050,1.);
#12050 = DIRECTION('',(-1.,0.,0.));
#12051 = PCURVE('',#585,#12052);
#12052 = DEFINITIONAL_REPRESENTATION('',(#12053),#12057);
#12053 = LINE('',#12054,#12055);
#12054 = CARTESIAN_POINT('',(0.,-0.5));
#12055 = VECTOR('',#12056,1.);
#12056 = DIRECTION('',(-1.,-0.));
#12057 = ( GEOMETRIC_REPRESENTATION_CONTEXT(2) 
PARAMETRIC_REPRESENTATION_CONTEXT() REPRESENTATION_CONTEXT('2D SPACE',''
  ) );
#12058 = PCURVE('',#614,#12059);
#12059 = DEFINITIONAL_REPRESENTATION('',(#12060),#12064);
#12060 = LINE('',#12061,#12062);
#12061 = CARTESIAN_POINT('',(3.14159265359,0.));
#12062 = VECTOR('',#12063,1.);
#12063 = DIRECTION('',(0.,1.));
#12064 = ( GEOMETRIC_REPRESENTATION_CONTEXT(2) 
PARAMETRIC_REPRESENTATION_CONTEXT() REPRESENTATION_CONTEXT('2D SPACE',''
  ) );
#12065 = ORIENTED_EDGE('',*,*,#569,.T.);
#12066 = ORIENTED_EDGE('',*,*,#1281,.T.);
#12067 = ADVANCED_FACE('',(#12068),#614,.F.);
#12068 = FACE_BOUND('',#12069,.F.);
#12069 = EDGE_LOOP('',(#12070,#12071,#12072,#12073));
#12070 = ORIENTED_EDGE('',*,*,#12045,.F.);
#12071 = ORIENTED_EDGE('',*,*,#597,.T.);
#12072 = ORIENTED_EDGE('',*,*,#3936,.T.);
#12073 = ORIENTED_EDGE('',*,*,#8674,.F.);
#12074 = ADVANCED_FACE('',(#12075),#1695,.F.);
#12075 = FACE_BOUND('',#12076,.F.);
#12076 = EDGE_LOOP('',(#12077,#12078,#12102,#12123));
#12077 = ORIENTED_EDGE('',*,*,#4382,.F.);
#12078 = ORIENTED_EDGE('',*,*,#12079,.T.);
#12079 = EDGE_CURVE('',#3913,#12080,#12082,.T.);
#12080 = VERTEX_POINT('',#12081);
#12081 = CARTESIAN_POINT('',(27.493764,-25.1,-11.0));
#12082 = SURFACE_CURVE('',#12083,(#12088,#12095),.PCURVE_S1.);
#12083 = CIRCLE('',#12084,2.);
#12084 = AXIS2_PLACEMENT_3D('',#12085,#12086,#12087);
#12085 = CARTESIAN_POINT('',(27.493764,-27.1,-11.0));
#12086 = DIRECTION('',(-1.,0.,0.));
#12087 = DIRECTION('',(0.,1.,-0.));
#12088 = PCURVE('',#1695,#12089);
#12089 = DEFINITIONAL_REPRESENTATION('',(#12090),#12094);
#12090 = LINE('',#12091,#12092);
#12091 = CARTESIAN_POINT('',(0.,0.));
#12092 = VECTOR('',#12093,1.);
#12093 = DIRECTION('',(1.,0.));
#12094 = ( GEOMETRIC_REPRESENTATION_CONTEXT(2) 
PARAMETRIC_REPRESENTATION_CONTEXT() REPRESENTATION_CONTEXT('2D SPACE',''
  ) );
#12095 = PCURVE('',#1210,#12096);
#12096 = DEFINITIONAL_REPRESENTATION('',(#12097),#12101);
#12097 = CIRCLE('',#12098,2.);
#12098 = AXIS2_PLACEMENT_2D('',#12099,#12100);
#12099 = CARTESIAN_POINT('',(27.1,1.));
#12100 = DIRECTION('',(-1.,0.));
#12101 = ( GEOMETRIC_REPRESENTATION_CONTEXT(2) 
PARAMETRIC_REPRESENTATION_CONTEXT() REPRESENTATION_CONTEXT('2D SPACE',''
  ) );
#12102 = ORIENTED_EDGE('',*,*,#12103,.T.);
#12103 = EDGE_CURVE('',#12080,#1652,#12104,.T.);
#12104 = SURFACE_CURVE('',#12105,(#12109,#12116),.PCURVE_S1.);
#12105 = LINE('',#12106,#12107);
#12106 = CARTESIAN_POINT('',(27.493764,-25.1,-11.0));
#12107 = VECTOR('',#12108,1.);
#12108 = DIRECTION('',(-1.,0.,0.));
#12109 = PCURVE('',#1695,#12110);
#12110 = DEFINITIONAL_REPRESENTATION('',(#12111),#12115);
#12111 = LINE('',#12112,#12113);
#12112 = CARTESIAN_POINT('',(6.28318530718,0.));
#12113 = VECTOR('',#12114,1.);
#12114 = DIRECTION('',(0.,1.));
#12115 = ( GEOMETRIC_REPRESENTATION_CONTEXT(2) 
PARAMETRIC_REPRESENTATION_CONTEXT() REPRESENTATION_CONTEXT('2D SPACE',''
  ) );
#12116 = PCURVE('',#1236,#12117);
#12117 = DEFINITIONAL_REPRESENTATION('',(#12118),#12122);
#12118 = LINE('',#12119,#12120);
#12119 = CARTESIAN_POINT('',(0.,-0.5));
#12120 = VECTOR('',#12121,1.);
#12121 = DIRECTION('',(-1.,-0.));
#12122 = ( GEOMETRIC_REPRESENTATION_CONTEXT(2) 
PARAMETRIC_REPRESENTATION_CONTEXT() REPRESENTATION_CONTEXT('2D SPACE',''
  ) );
#12123 = ORIENTED_EDGE('',*,*,#1674,.F.);
#12124 = ADVANCED_FACE('',(#12125),#1236,.F.);
#12125 = FACE_BOUND('',#12126,.T.);
#12126 = EDGE_LOOP('',(#12127,#12128,#12129,#12150));
#12127 = ORIENTED_EDGE('',*,*,#1651,.T.);
#12128 = ORIENTED_EDGE('',*,*,#1222,.F.);
#12129 = ORIENTED_EDGE('',*,*,#12130,.F.);
#12130 = EDGE_CURVE('',#12080,#1195,#12131,.T.);
#12131 = SURFACE_CURVE('',#12132,(#12136,#12143),.PCURVE_S1.);
#12132 = LINE('',#12133,#12134);
#12133 = CARTESIAN_POINT('',(27.493764,-25.1,-11.0));
#12134 = VECTOR('',#12135,1.);
#12135 = DIRECTION('',(-0.,0.,-1.));
#12136 = PCURVE('',#1236,#12137);
#12137 = DEFINITIONAL_REPRESENTATION('',(#12138),#12142);
#12138 = LINE('',#12139,#12140);
#12139 = CARTESIAN_POINT('',(0.,-0.5));
#12140 = VECTOR('',#12141,1.);
#12141 = DIRECTION('',(-0.,1.));
#12142 = ( GEOMETRIC_REPRESENTATION_CONTEXT(2) 
PARAMETRIC_REPRESENTATION_CONTEXT() REPRESENTATION_CONTEXT('2D SPACE',''
  ) );
#12143 = PCURVE('',#1210,#12144);
#12144 = DEFINITIONAL_REPRESENTATION('',(#12145),#12149);
#12145 = LINE('',#12146,#12147);
#12146 = CARTESIAN_POINT('',(25.1,1.));
#12147 = VECTOR('',#12148,1.);
#12148 = DIRECTION('',(-0.,-1.));
#12149 = ( GEOMETRIC_REPRESENTATION_CONTEXT(2) 
PARAMETRIC_REPRESENTATION_CONTEXT() REPRESENTATION_CONTEXT('2D SPACE',''
  ) );
#12150 = ORIENTED_EDGE('',*,*,#12103,.T.);
#12151 = ADVANCED_FACE('',(#12152),#1210,.T.);
#12152 = FACE_BOUND('',#12153,.T.);
#12153 = EDGE_LOOP('',(#12154,#12176,#12177,#12178,#12179));
#12154 = ORIENTED_EDGE('',*,*,#12155,.F.);
#12155 = EDGE_CURVE('',#494,#1172,#12156,.T.);
#12156 = SURFACE_CURVE('',#12157,(#12162,#12169),.PCURVE_S1.);
#12157 = CIRCLE('',#12158,2.5);
#12158 = AXIS2_PLACEMENT_3D('',#12159,#12160,#12161);
#12159 = CARTESIAN_POINT('',(27.493764,-28.7,-11.5));
#12160 = DIRECTION('',(-1.,0.,0.));
#12161 = DIRECTION('',(0.,1.,-0.));
#12162 = PCURVE('',#1210,#12163);
#12163 = DEFINITIONAL_REPRESENTATION('',(#12164),#12168);
#12164 = CIRCLE('',#12165,2.5);
#12165 = AXIS2_PLACEMENT_2D('',#12166,#12167);
#12166 = CARTESIAN_POINT('',(28.7,0.5));
#12167 = DIRECTION('',(-1.,0.));
#12168 = ( GEOMETRIC_REPRESENTATION_CONTEXT(2) 
PARAMETRIC_REPRESENTATION_CONTEXT() REPRESENTATION_CONTEXT('2D SPACE',''
  ) );
#12169 = PCURVE('',#74,#12170);
#12170 = DEFINITIONAL_REPRESENTATION('',(#12171),#12175);
#12171 = LINE('',#12172,#12173);
#12172 = CARTESIAN_POINT('',(9.424777960769,0.6));
#12173 = VECTOR('',#12174,1.);
#12174 = DIRECTION('',(-1.,0.));
#12175 = ( GEOMETRIC_REPRESENTATION_CONTEXT(2) 
PARAMETRIC_REPRESENTATION_CONTEXT() REPRESENTATION_CONTEXT('2D SPACE',''
  ) );
#12176 = ORIENTED_EDGE('',*,*,#3912,.F.);
#12177 = ORIENTED_EDGE('',*,*,#12079,.T.);
#12178 = ORIENTED_EDGE('',*,*,#12130,.T.);
#12179 = ORIENTED_EDGE('',*,*,#1194,.F.);
#12180 = ADVANCED_FACE('',(#12181),#749,.T.);
#12181 = FACE_BOUND('',#12182,.T.);
#12182 = EDGE_LOOP('',(#12183,#12184,#12205,#12206));
#12183 = ORIENTED_EDGE('',*,*,#1629,.F.);
#12184 = ORIENTED_EDGE('',*,*,#12185,.F.);
#12185 = EDGE_CURVE('',#734,#1600,#12186,.T.);
#12186 = SURFACE_CURVE('',#12187,(#12191,#12198),.PCURVE_S1.);
#12187 = LINE('',#12188,#12189);
#12188 = CARTESIAN_POINT('',(27.493764,-21.3,-11.0));
#12189 = VECTOR('',#12190,1.);
#12190 = DIRECTION('',(-1.,0.,0.));
#12191 = PCURVE('',#749,#12192);
#12192 = DEFINITIONAL_REPRESENTATION('',(#12193),#12197);
#12193 = LINE('',#12194,#12195);
#12194 = CARTESIAN_POINT('',(0.,-0.5));
#12195 = VECTOR('',#12196,1.);
#12196 = DIRECTION('',(-1.,-0.));
#12197 = ( GEOMETRIC_REPRESENTATION_CONTEXT(2) 
PARAMETRIC_REPRESENTATION_CONTEXT() REPRESENTATION_CONTEXT('2D SPACE',''
  ) );
#12198 = PCURVE('',#778,#12199);
#12199 = DEFINITIONAL_REPRESENTATION('',(#12200),#12204);
#12200 = LINE('',#12201,#12202);
#12201 = CARTESIAN_POINT('',(3.14159265359,0.));
#12202 = VECTOR('',#12203,1.);
#12203 = DIRECTION('',(0.,1.));
#12204 = ( GEOMETRIC_REPRESENTATION_CONTEXT(2) 
PARAMETRIC_REPRESENTATION_CONTEXT() REPRESENTATION_CONTEXT('2D SPACE',''
  ) );
#12205 = ORIENTED_EDGE('',*,*,#733,.T.);
#12206 = ORIENTED_EDGE('',*,*,#1127,.T.);
#12207 = ADVANCED_FACE('',(#12208),#778,.F.);
#12208 = FACE_BOUND('',#12209,.F.);
#12209 = EDGE_LOOP('',(#12210,#12211,#12212,#12213));
#12210 = ORIENTED_EDGE('',*,*,#12185,.F.);
#12211 = ORIENTED_EDGE('',*,*,#761,.T.);
#12212 = ORIENTED_EDGE('',*,*,#4360,.T.);
#12213 = ORIENTED_EDGE('',*,*,#1599,.F.);
#12214 = ADVANCED_FACE('',(#12215),#842,.F.);
#12215 = FACE_BOUND('',#12216,.F.);
#12216 = EDGE_LOOP('',(#12217,#12218,#12242,#12263));
#12217 = ORIENTED_EDGE('',*,*,#4310,.F.);
#12218 = ORIENTED_EDGE('',*,*,#12219,.T.);
#12219 = EDGE_CURVE('',#4311,#12220,#12222,.T.);
#12220 = VERTEX_POINT('',#12221);
#12221 = CARTESIAN_POINT('',(27.493764,-14.1,-11.0));
#12222 = SURFACE_CURVE('',#12223,(#12228,#12235),.PCURVE_S1.);
#12223 = CIRCLE('',#12224,2.);
#12224 = AXIS2_PLACEMENT_3D('',#12225,#12226,#12227);
#12225 = CARTESIAN_POINT('',(27.493764,-16.1,-11.0));
#12226 = DIRECTION('',(-1.,0.,0.));
#12227 = DIRECTION('',(0.,1.,-0.));
#12228 = PCURVE('',#842,#12229);
#12229 = DEFINITIONAL_REPRESENTATION('',(#12230),#12234);
#12230 = LINE('',#12231,#12232);
#12231 = CARTESIAN_POINT('',(0.,0.));
#12232 = VECTOR('',#12233,1.);
#12233 = DIRECTION('',(1.,0.));
#12234 = ( GEOMETRIC_REPRESENTATION_CONTEXT(2) 
PARAMETRIC_REPRESENTATION_CONTEXT() REPRESENTATION_CONTEXT('2D SPACE',''
  ) );
#12235 = PCURVE('',#4347,#12236);
#12236 = DEFINITIONAL_REPRESENTATION('',(#12237),#12241);
#12237 = CIRCLE('',#12238,2.);
#12238 = AXIS2_PLACEMENT_2D('',#12239,#12240);
#12239 = CARTESIAN_POINT('',(16.1,1.));
#12240 = DIRECTION('',(-1.,0.));
#12241 = ( GEOMETRIC_REPRESENTATION_CONTEXT(2) 
PARAMETRIC_REPRESENTATION_CONTEXT() REPRESENTATION_CONTEXT('2D SPACE',''
  ) );
#12242 = ORIENTED_EDGE('',*,*,#12243,.T.);
#12243 = EDGE_CURVE('',#12220,#817,#12244,.T.);
#12244 = SURFACE_CURVE('',#12245,(#12249,#12256),.PCURVE_S1.);
#12245 = LINE('',#12246,#12247);
#12246 = CARTESIAN_POINT('',(27.493764,-14.1,-11.0));
#12247 = VECTOR('',#12248,1.);
#12248 = DIRECTION('',(-1.,0.,0.));
#12249 = PCURVE('',#842,#12250);
#12250 = DEFINITIONAL_REPRESENTATION('',(#12251),#12255);
#12251 = LINE('',#12252,#12253);
#12252 = CARTESIAN_POINT('',(6.28318530718,0.));
#12253 = VECTOR('',#12254,1.);
#12254 = DIRECTION('',(0.,1.));
#12255 = ( GEOMETRIC_REPRESENTATION_CONTEXT(2) 
PARAMETRIC_REPRESENTATION_CONTEXT() REPRESENTATION_CONTEXT('2D SPACE',''
  ) );
#12256 = PCURVE('',#1082,#12257);
#12257 = DEFINITIONAL_REPRESENTATION('',(#12258),#12262);
#12258 = LINE('',#12259,#12260);
#12259 = CARTESIAN_POINT('',(0.,-0.5));
#12260 = VECTOR('',#12261,1.);
#12261 = DIRECTION('',(-1.,-0.));
#12262 = ( GEOMETRIC_REPRESENTATION_CONTEXT(2) 
PARAMETRIC_REPRESENTATION_CONTEXT() REPRESENTATION_CONTEXT('2D SPACE',''
  ) );
#12263 = ORIENTED_EDGE('',*,*,#814,.F.);
#12264 = ADVANCED_FACE('',(#12265),#1082,.F.);
#12265 = FACE_BOUND('',#12266,.T.);
#12266 = EDGE_LOOP('',(#12267,#12268,#12269,#12290));
#12267 = ORIENTED_EDGE('',*,*,#1068,.T.);
#12268 = ORIENTED_EDGE('',*,*,#8729,.F.);
#12269 = ORIENTED_EDGE('',*,*,#12270,.F.);
#12270 = EDGE_CURVE('',#12220,#8730,#12271,.T.);
#12271 = SURFACE_CURVE('',#12272,(#12276,#12283),.PCURVE_S1.);
#12272 = LINE('',#12273,#12274);
#12273 = CARTESIAN_POINT('',(27.493764,-14.1,-11.0));
#12274 = VECTOR('',#12275,1.);
#12275 = DIRECTION('',(-0.,0.,-1.));
#12276 = PCURVE('',#1082,#12277);
#12277 = DEFINITIONAL_REPRESENTATION('',(#12278),#12282);
#12278 = LINE('',#12279,#12280);
#12279 = CARTESIAN_POINT('',(0.,-0.5));
#12280 = VECTOR('',#12281,1.);
#12281 = DIRECTION('',(-0.,1.));
#12282 = ( GEOMETRIC_REPRESENTATION_CONTEXT(2) 
PARAMETRIC_REPRESENTATION_CONTEXT() REPRESENTATION_CONTEXT('2D SPACE',''
  ) );
#12283 = PCURVE('',#4347,#12284);
#12284 = DEFINITIONAL_REPRESENTATION('',(#12285),#12289);
#12285 = LINE('',#12286,#12287);
#12286 = CARTESIAN_POINT('',(14.1,1.));
#12287 = VECTOR('',#12288,1.);
#12288 = DIRECTION('',(-0.,-1.));
#12289 = ( GEOMETRIC_REPRESENTATION_CONTEXT(2) 
PARAMETRIC_REPRESENTATION_CONTEXT() REPRESENTATION_CONTEXT('2D SPACE',''
  ) );
#12290 = ORIENTED_EDGE('',*,*,#12243,.T.);
#12291 = ADVANCED_FACE('',(#12292),#4347,.T.);
#12292 = FACE_BOUND('',#12293,.T.);
#12293 = EDGE_LOOP('',(#12294,#12295,#12317,#12318,#12319));
#12294 = ORIENTED_EDGE('',*,*,#8778,.F.);
#12295 = ORIENTED_EDGE('',*,*,#12296,.F.);
#12296 = EDGE_CURVE('',#658,#8756,#12297,.T.);
#12297 = SURFACE_CURVE('',#12298,(#12303,#12310),.PCURVE_S1.);
#12298 = CIRCLE('',#12299,2.5);
#12299 = AXIS2_PLACEMENT_3D('',#12300,#12301,#12302);
#12300 = CARTESIAN_POINT('',(27.493764,-17.7,-11.5));
#12301 = DIRECTION('',(-1.,0.,0.));
#12302 = DIRECTION('',(0.,1.,-0.));
#12303 = PCURVE('',#4347,#12304);
#12304 = DEFINITIONAL_REPRESENTATION('',(#12305),#12309);
#12305 = CIRCLE('',#12306,2.5);
#12306 = AXIS2_PLACEMENT_2D('',#12307,#12308);
#12307 = CARTESIAN_POINT('',(17.7,0.5));
#12308 = DIRECTION('',(-1.,0.));
#12309 = ( GEOMETRIC_REPRESENTATION_CONTEXT(2) 
PARAMETRIC_REPRESENTATION_CONTEXT() REPRESENTATION_CONTEXT('2D SPACE',''
  ) );
#12310 = PCURVE('',#160,#12311);
#12311 = DEFINITIONAL_REPRESENTATION('',(#12312),#12316);
#12312 = LINE('',#12313,#12314);
#12313 = CARTESIAN_POINT('',(9.424777960769,2.6));
#12314 = VECTOR('',#12315,1.);
#12315 = DIRECTION('',(-1.,0.));
#12316 = ( GEOMETRIC_REPRESENTATION_CONTEXT(2) 
PARAMETRIC_REPRESENTATION_CONTEXT() REPRESENTATION_CONTEXT('2D SPACE',''
  ) );
#12317 = ORIENTED_EDGE('',*,*,#4333,.F.);
#12318 = ORIENTED_EDGE('',*,*,#12219,.T.);
#12319 = ORIENTED_EDGE('',*,*,#12270,.T.);
#12320 = ADVANCED_FACE('',(#12321),#131,.F.);
#12321 = FACE_BOUND('',#12322,.F.);
#12322 = EDGE_LOOP('',(#12323,#12324,#12325,#12326));
#12323 = ORIENTED_EDGE('',*,*,#686,.F.);
#12324 = ORIENTED_EDGE('',*,*,#1149,.F.);
#12325 = ORIENTED_EDGE('',*,*,#114,.F.);
#12326 = ORIENTED_EDGE('',*,*,#12327,.T.);
#12327 = EDGE_CURVE('',#115,#656,#12328,.T.);
#12328 = SURFACE_CURVE('',#12329,(#12333,#12340),.PCURVE_S1.);
#12329 = LINE('',#12330,#12331);
#12330 = CARTESIAN_POINT('',(30.300000,-20.2,-11.5));
#12331 = VECTOR('',#12332,1.);
#12332 = DIRECTION('',(-1.,0.,0.));
#12333 = PCURVE('',#131,#12334);
#12334 = DEFINITIONAL_REPRESENTATION('',(#12335),#12339);
#12335 = LINE('',#12336,#12337);
#12336 = CARTESIAN_POINT('',(0.,4.6));
#12337 = VECTOR('',#12338,1.);
#12338 = DIRECTION('',(0.,-1.));
#12339 = ( GEOMETRIC_REPRESENTATION_CONTEXT(2) 
PARAMETRIC_REPRESENTATION_CONTEXT() REPRESENTATION_CONTEXT('2D SPACE',''
  ) );
#12340 = PCURVE('',#160,#12341);
#12341 = DEFINITIONAL_REPRESENTATION('',(#12342),#12346);
#12342 = LINE('',#12343,#12344);
#12343 = CARTESIAN_POINT('',(6.28318530718,4.6));
#12344 = VECTOR('',#12345,1.);
#12345 = DIRECTION('',(0.,-1.));
#12346 = ( GEOMETRIC_REPRESENTATION_CONTEXT(2) 
PARAMETRIC_REPRESENTATION_CONTEXT() REPRESENTATION_CONTEXT('2D SPACE',''
  ) );
#12347 = ADVANCED_FACE('',(#12348),#45,.F.);
#12348 = FACE_BOUND('',#12349,.F.);
#12349 = EDGE_LOOP('',(#12350,#12351,#12352,#12353));
#12350 = ORIENTED_EDGE('',*,*,#522,.F.);
#12351 = ORIENTED_EDGE('',*,*,#1303,.F.);
#12352 = ORIENTED_EDGE('',*,*,#21,.F.);
#12353 = ORIENTED_EDGE('',*,*,#12354,.T.);
#12354 = EDGE_CURVE('',#22,#492,#12355,.T.);
#12355 = SURFACE_CURVE('',#12356,(#12360,#12367),.PCURVE_S1.);
#12356 = LINE('',#12357,#12358);
#12357 = CARTESIAN_POINT('',(30.300000,-31.2,-11.5));
#12358 = VECTOR('',#12359,1.);
#12359 = DIRECTION('',(-1.,0.,0.));
#12360 = PCURVE('',#45,#12361);
#12361 = DEFINITIONAL_REPRESENTATION('',(#12362),#12366);
#12362 = LINE('',#12363,#12364);
#12363 = CARTESIAN_POINT('',(0.,2.6));
#12364 = VECTOR('',#12365,1.);
#12365 = DIRECTION('',(0.,-1.));
#12366 = ( GEOMETRIC_REPRESENTATION_CONTEXT(2) 
PARAMETRIC_REPRESENTATION_CONTEXT() REPRESENTATION_CONTEXT('2D SPACE',''
  ) );
#12367 = PCURVE('',#74,#12368);
#12368 = DEFINITIONAL_REPRESENTATION('',(#12369),#12373);
#12369 = LINE('',#12370,#12371);
#12370 = CARTESIAN_POINT('',(6.28318530718,2.6));
#12371 = VECTOR('',#12372,1.);
#12372 = DIRECTION('',(0.,-1.));
#12373 = ( GEOMETRIC_REPRESENTATION_CONTEXT(2) 
PARAMETRIC_REPRESENTATION_CONTEXT() REPRESENTATION_CONTEXT('2D SPACE',''
  ) );
#12374 = ADVANCED_FACE('',(#12375),#1861,.F.);
#12375 = FACE_BOUND('',#12376,.F.);
#12376 = EDGE_LOOP('',(#12377,#12378,#12379,#12380));
#12377 = ORIENTED_EDGE('',*,*,#6495,.F.);
#12378 = ORIENTED_EDGE('',*,*,#1845,.F.);
#12379 = ORIENTED_EDGE('',*,*,#7455,.T.);
#12380 = ORIENTED_EDGE('',*,*,#10375,.F.);
#12381 = ADVANCED_FACE('',(#12382),#160,.F.);
#12382 = FACE_BOUND('',#12383,.F.);
#12383 = EDGE_LOOP('',(#12384,#12385,#12386,#12387,#12388));
#12384 = ORIENTED_EDGE('',*,*,#143,.F.);
#12385 = ORIENTED_EDGE('',*,*,#8755,.F.);
#12386 = ORIENTED_EDGE('',*,*,#12296,.F.);
#12387 = ORIENTED_EDGE('',*,*,#655,.F.);
#12388 = ORIENTED_EDGE('',*,*,#12327,.F.);
#12389 = ADVANCED_FACE('',(#12390),#74,.F.);
#12390 = FACE_BOUND('',#12391,.F.);
#12391 = EDGE_LOOP('',(#12392,#12393,#12394,#12395,#12396));
#12392 = ORIENTED_EDGE('',*,*,#57,.F.);
#12393 = ORIENTED_EDGE('',*,*,#1171,.F.);
#12394 = ORIENTED_EDGE('',*,*,#12155,.F.);
#12395 = ORIENTED_EDGE('',*,*,#491,.F.);
#12396 = ORIENTED_EDGE('',*,*,#12354,.F.);
#12397 = ( GEOMETRIC_REPRESENTATION_CONTEXT(3) 
GLOBAL_UNCERTAINTY_ASSIGNED_CONTEXT((#12401)) 
GLOBAL_UNIT_ASSIGNED_CONTEXT((#12398,#12399,#12400)) 
REPRESENTATION_CONTEXT('Context #1',
  '3D Context with UNIT and UNCERTAINTY') );
#12398 = ( LENGTH_UNIT() NAMED_UNIT(*) SI_UNIT(.MILLI.,.METRE.) );
#12399 = ( NAMED_UNIT(*) PLANE_ANGLE_UNIT() SI_UNIT($,.RADIAN.) );
#12400 = ( NAMED_UNIT(*) SI_UNIT($,.STERADIAN.) SOLID_ANGLE_UNIT() );
#12401 = UNCERTAINTY_MEASURE_WITH_UNIT(LENGTH_MEASURE(1.E-05),#12398,
  'distance_accuracy_value','confusion accuracy');
#12402 = PRODUCT_RELATED_PRODUCT_CATEGORY('part',$,(#7));
ENDSEC;
END-ISO-10303-21;
